ticker,clean_ticker,name,sector,sic_code,sic_description,ipo_date,data_start_date,data_incomplete,ath_price,ath_date,atl_price,atl_date,last_close,last_date,trading_days,best_gain_1m_pct,best_gain_1m_start_date,best_gain_1m_end_date,best_gain_3m_pct,best_gain_3m_start_date,best_gain_3m_end_date,best_gain_6m_pct,best_gain_6m_start_date,best_gain_6m_end_date,best_gain_1y_pct,best_gain_1y_start_date,best_gain_1y_end_date,status
PLTR,PLTR,"Palantir Technologies, Inc.",Business Services,7372,SERVICES-PREPACKAGED SOFTWARE,2020-09-30,2021-07-06,True,207.52,2025-11-03,5.84,2023-01-24,129.3,2026-07-02,1254.0,108.64,2023-05-05,2023-06-06,168.73,2024-11-04,2025-02-06,321.16,2024-08-07,2025-02-07,656.33,2024-08-05,2025-08-07,ok
SHEL,SHEL,Shell Plc,Energy,,,1984-03-12,2022-02-01,True,94.9,2026-03-31,44.9,2022-07-14,78.02,2026-07-02,1108.0,19.0,2026-02-17,2026-03-18,31.15,2026-01-08,2026-04-10,30.47,2025-10-02,2026-04-06,54.33,2025-04-08,2026-04-10,ok
ARM,ARM,Arm Holdings plc,Technology,,,2023-09-14,2023-09-14,False,452.7,2026-06-18,46.5,2023-10-20,315.28,2026-07-02,702.0,113.52,2024-01-11,2024-02-12,238.99,2026-03-16,2026-06-15,262.89,2025-12-16,2026-06-18,226.71,2025-06-02,2026-06-03,ok
GEV,GEV,"GE Vernova, Inc.",Industrials,3600,ELECTRONIC & OTHER ELECTRICAL EQUIPMENT (NO COMPUTER EQUIP),2024-03-27,2024-04-02,True,1181.95,2026-04-23,119.0,2024-04-05,1113.11,2026-07-02,565.0,47.79,2025-04-04,2025-05-06,95.23,2025-04-04,2025-07-08,158.13,2024-07-24,2025-01-24,303.5,2024-07-30,2025-08-01,ok
APP,APP,AppLovin Corp.,Technology,7370,"SERVICES-COMPUTER PROGRAMMING, DATA PROCESSING, ETC.",2021-04-15,2021-07-06,True,745.61,2025-09-29,9.14,2022-12-28,527.06,2026-07-02,1254.0,138.21,2024-11-06,2024-12-06,365.18,2024-09-09,2024-12-06,502.71,2024-08-14,2025-02-14,1013.09,2024-02-13,2025-02-14,ok
DASH,DASH,"DoorDash, Inc.",Consumer Services,7389,"SERVICES-BUSINESS SERVICES, NEC",2020-12-09,2021-07-06,True,285.5,2025-10-16,41.365,2022-10-24,192.01,2026-07-02,1254.0,48.01,2022-03-07,2022-04-05,55.5,2023-10-26,2024-01-29,86.22,2023-09-26,2024-03-27,146.13,2023-03-13,2024-03-13,ok
CEG,CEG,Constellation Energy Corp.,Utilities,4911,ELECTRIC SERVICES,2022-01-19,2022-02-02,True,412.7,2025-10-15,42.18,2022-02-23,239.25,2026-07-02,1107.0,62.16,2024-09-05,2024-10-04,82.99,2025-04-04,2025-07-08,112.97,2025-04-04,2025-10-06,195.38,2024-01-22,2025-01-23,ok
COIN,COIN,"Coinbase Global, Inc.",Finance,6199,FINANCE SERVICES,2021-04-14,2021-07-06,True,444.645,2025-07-18,31.55,2023-01-06,165.48,2026-07-02,1254.0,142.44,2023-01-03,2023-02-02,159.0,2023-09-27,2023-12-27,294.18,2023-09-22,2024-03-25,470.78,2022-12-27,2023-12-28,ok
BAM,BAM,Brookfield Asset Management Ltd.,Finance,6282,INVESTMENT ADVICE,2022-12-01,2022-12-01,False,64.1,2025-08-06,26.76,2022-12-16,45.87,2026-07-02,898.0,32.56,2025-04-08,2025-05-08,44.15,2024-08-12,2024-11-08,54.39,2024-06-12,2024-12-11,87.12,2023-11-09,2024-11-11,ok
ABNB,ABNB,"Airbnb, Inc.",Consumer Services,7340,SERVICES-TO DWELLINGS & OTHER BUILDINGS,2020-12-10,2021-07-06,True,212.5838,2021-11-17,81.91,2022-12-28,148.93,2026-07-02,1254.0,39.6,2023-01-03,2023-02-02,48.24,2022-12-28,2023-03-30,58.22,2023-01-10,2023-07-13,65.04,2022-12-28,2023-12-29,ok
HOOD,HOOD,"Robinhood Markets, Inc.",Finance,6211,"SECURITY BROKERS, DEALERS & FLOTATION COMPANIES",2021-07-29,2021-07-29,False,153.8599,2025-10-06,6.81,2022-06-16,112.73,2026-07-02,1237.0,64.47,2024-11-04,2024-12-04,188.85,2025-04-08,2025-07-10,341.53,2025-04-08,2025-10-08,577.41,2024-08-05,2025-08-07,ok
SNOW,SNOW,"Snowflake, Inc.",Technology,7372,SERVICES-PREPACKAGED SOFTWARE,2020-09-16,2021-07-06,True,405.0,2021-11-17,107.13,2024-09-06,260.15,2026-07-02,1254.0,105.29,2026-04-30,2026-06-01,73.86,2022-06-14,2022-09-14,87.41,2025-04-08,2025-10-08,134.11,2024-10-23,2025-10-27,ok
RBLX,RBLX,Roblox Corp.,Technology,7372,SERVICES-PREPACKAGED SOFTWARE,2021-03-10,2021-07-06,True,150.59,2025-07-31,21.65,2022-05-10,55.41,2026-07-02,1254.0,62.05,2021-11-08,2021-12-08,110.7,2025-04-16,2025-07-18,145.94,2025-04-08,2025-10-08,261.36,2024-08-07,2025-08-11,ok
NU,NU,Nu Holdings Ltd.,Finance,,,2021-12-09,2021-12-09,False,18.98,2026-01-29,3.26,2022-05-25,13.61,2026-07-02,1144.0,46.7,2023-01-18,2023-02-16,85.07,2023-04-12,2023-07-13,124.71,2023-01-05,2023-07-10,193.29,2023-03-24,2024-03-26,ok
CPNG,CPNG,"Coupang, Inc.",Consumer Non-Cyclicals,5961,RETAIL-CATALOG & MAIL-ORDER HOUSES,2021-03-11,2021-07-06,True,46.0,2021-07-13,8.98,2022-05-11,18.56,2026-07-02,1254.0,57.73,2022-06-17,2022-07-20,102.99,2022-05-09,2022-08-09,89.63,2022-05-09,2022-11-07,77.65,2022-05-09,2023-05-10,ok
HLN,HLN,Haleon plc,Healthcare,,,2022-07-18,2022-07-22,True,11.42,2025-06-02,5.59,2022-09-02,9.82,2026-07-02,990.0,23.0,2022-11-04,2022-12-06,35.9,2022-09-27,2022-12-27,49.5,2022-10-19,2023-04-21,42.28,2022-10-10,2023-10-11,ok
KVUE,KVUE,"Kenvue, Inc.",Consumer Non-Cyclicals,2844,"PERFUMES, COSMETICS & OTHER TOILET PREPARATIONS",2023-05-04,2023-05-04,False,27.795,2023-05-15,14.02,2025-10-30,19.83,2026-07-02,793.0,23.75,2024-08-05,2024-09-04,29.73,2024-06-13,2024-09-13,27.82,2024-05-29,2024-11-26,27.42,2024-04-30,2025-05-02,ok
FER,FER,Ferrovial NV,Industrials,,,2004-11-17,2024-05-09,True,74.0749,2026-02-12,36.6462,2024-05-10,67.72,2026-07-02,538.0,21.63,2025-04-07,2025-05-07,30.02,2025-04-07,2025-07-09,49.63,2025-04-08,2025-10-08,75.86,2025-04-07,2026-04-09,ok
GEHC,GEHC,"GE Healthcare Technologies, Inc.",Healthcare,3844,X-RAY APPARATUS & TUBES & RELATED IRRADIATION APPARATUS,2022-12-15,2023-01-04,True,94.8,2025-02-13,53.5,2023-01-04,65.565,2026-07-02,876.0,26.82,2024-02-05,2024-03-06,38.71,2023-01-09,2023-04-11,43.3,2023-09-08,2024-03-11,43.34,2023-09-22,2024-09-24,ok
OWL,OWL,"Blue Owl Capital, Inc.",Finance,6282,INVESTMENT ADVICE,2021-05-20,2021-07-06,True,26.725,2025-01-24,7.95,2026-04-02,9.04,2026-07-02,1254.0,58.06,2022-10-13,2022-11-11,46.32,2022-10-14,2023-01-17,64.68,2023-08-22,2024-02-22,98.48,2023-05-25,2024-05-28,ok
RKT,RKT,"Rocket Cos., Inc.",Finance,6162,MORTGAGE BANKERS & LOAN CORRESPONDENTS,2020-08-06,2021-07-06,True,24.36,2026-01-16,5.97,2022-10-21,15.77,2026-07-02,1254.0,66.48,2023-11-21,2023-12-21,84.99,2023-09-27,2023-12-27,83.46,2023-11-09,2024-05-13,141.58,2023-10-03,2024-10-03,ok
LI,LI,"Li Auto, Inc.",Consumer Cyclicals,,,2020-07-30,2021-07-06,True,47.33,2023-08-07,11.65,2026-06-30,12.02,2026-07-02,1254.0,87.45,2022-05-24,2022-06-24,104.66,2023-05-03,2023-08-03,90.54,2023-03-15,2023-09-14,156.9,2022-10-31,2023-11-01,ok
EXE,EXE,Expand Energy Corp.,Energy,1311,CRUDE PETROLEUM & NATURAL GAS,2021-02-10,2024-10-02,True,126.6205,2025-12-05,81.66,2024-10-02,90.72,2026-07-02,438.0,21.43,2025-10-29,2025-11-28,29.98,2025-09-08,2025-12-05,31.86,2024-11-01,2025-05-07,31.54,2024-11-01,2025-11-05,ok
RDDT,RDDT,"Reddit, Inc.",Technology,7374,SERVICES-COMPUTER PROCESSING & DATA PREPARATION,2024-03-21,2024-03-21,False,282.95,2025-09-18,37.35,2024-04-18,194.67,2026-07-02,572.0,103.42,2024-10-23,2024-11-21,193.95,2024-09-10,2024-12-09,344.33,2024-08-07,2025-02-07,363.66,2024-08-12,2025-08-14,ok
TOST,TOST,"Toast, Inc.",Consumer Cyclicals,7374,SERVICES-COMPUTER PROCESSING & DATA PREPARATION,2021-09-22,2021-09-22,False,69.93,2021-11-03,11.91,2022-05-12,28.82,2026-07-02,1199.0,47.11,2022-07-18,2022-08-16,81.48,2024-08-28,2024-11-26,100.65,2023-11-13,2024-05-15,206.51,2023-11-21,2024-11-21,ok
VLTO,VLTO,Veralto Corp.,Industrials,3825,INSTRUMENTS FOR MEAS & TESTING OF ELECTRICITY & ELEC SIGNALS,2023-09-27,2023-10-02,True,115.0,2024-10-24,65.51,2023-10-26,92.55,2026-07-02,690.0,17.54,2023-11-17,2023-12-19,28.01,2024-02-05,2024-05-06,42.4,2023-11-20,2024-05-22,60.86,2023-10-19,2024-10-21,ok
VIK,VIK,Viking Holdings Ltd. (Bermuda),Consumer Services,,,2024-05-01,2024-05-01,False,105.7599,2026-06-29,25.71,2024-05-01,100.69,2026-07-02,544.0,26.04,2025-04-07,2025-05-07,64.82,2025-04-07,2025-07-09,74.28,2025-04-07,2025-10-07,129.23,2025-04-07,2026-04-09,ok
BEKE,BEKE,"KE Holdings, Inc.",Finance,,,2020-08-13,2021-07-06,True,45.49,2021-07-06,7.31,2022-03-14,15.09,2026-07-02,1254.0,74.66,2024-09-04,2024-10-03,89.39,2022-10-31,2023-02-01,101.55,2022-03-15,2022-09-14,99.89,2022-03-15,2023-03-16,ok
IOT,IOT,"Samsara, Inc.",Technology,7373,SERVICES-COMPUTER INTEGRATED SYSTEMS DESIGN,2021-12-15,2021-12-15,False,61.8999,2025-02-19,8.42,2022-11-09,35.93,2026-07-02,1140.0,59.78,2023-05-12,2023-06-13,104.41,2022-11-30,2023-03-03,174.85,2022-12-01,2023-06-05,262.96,2022-11-30,2023-12-01,ok
AU,AU,Anglogold Ashanti Plc,Non-Energy Materials,,,1987-07-29,2021-07-06,True,129.14,2026-03-02,11.94,2022-09-23,84.65,2026-07-02,1254.0,58.39,2023-03-08,2023-04-06,80.16,2022-10-19,2023-01-20,133.69,2025-04-08,2025-10-08,337.3,2025-02-27,2026-03-02,ok
SYM,SYM,"Symbotic, Inc.",Industrials,3569,"GENERAL INDUSTRIAL MACHINERY & EQUIPMENT, NEC",2022-06-08,2022-06-08,False,87.88,2025-11-26,8.75,2022-11-17,42.74,2026-07-02,1020.0,98.53,2023-05-16,2023-06-15,189.31,2023-03-15,2023-06-14,361.44,2023-01-27,2023-07-31,454.63,2022-11-18,2023-11-21,ok
AS,AS,"Amer Sports, Inc.",Consumer Cyclicals,,,2024-02-01,2024-02-01,False,42.76,2026-02-20,10.11,2024-08-05,35.05,2026-07-02,606.0,72.53,2025-04-21,2025-05-20,95.15,2024-09-03,2024-12-02,204.11,2024-08-05,2025-02-05,262.6,2024-08-02,2025-08-06,ok
GFS,GFS,"GLOBALFOUNDRIES, Inc.",Technology,,,2021-10-28,2021-10-28,False,92.55,2026-05-26,29.77,2025-04-08,69.84,2026-07-02,1173.0,69.78,2026-04-06,2026-05-05,108.15,2026-03-20,2026-06-22,179.03,2025-11-20,2026-05-26,141.5,2025-06-18,2026-06-22,ok
AFRM,AFRM,"Affirm Holdings, Inc.",Finance,6141,PERSONAL CREDIT INSTITUTIONS,2021-01-13,2021-07-06,True,176.65,2021-11-08,8.62,2022-12-22,84.58,2026-07-02,1254.0,132.31,2023-01-03,2023-02-02,187.45,2021-07-30,2021-10-28,234.14,2023-06-29,2023-12-28,476.77,2022-12-27,2023-12-28,ok
TPG,TPG,"TPG, Inc.",Finance,6282,INVESTMENT ADVICE,2022-01-13,2022-01-13,False,72.98,2024-11-25,23.09,2022-06-30,41.43,2026-07-02,1120.0,42.45,2022-10-13,2022-11-11,56.67,2023-10-27,2024-01-30,74.08,2024-06-07,2024-12-06,153.67,2023-10-27,2024-10-29,ok
CRBG,CRBG,"Corebridge Financial, Inc.",Finance,6311,LIFE INSURANCE,2022-09-15,2022-09-15,False,36.57,2025-08-05,14.01,2023-03-24,29.76,2026-07-02,952.0,23.28,2024-04-17,2024-05-16,36.8,2025-04-04,2025-07-08,65.11,2023-11-14,2024-05-16,96.44,2023-05-16,2024-05-16,ok
SOFI,SOFI,"SoFi Technologies, Inc.",Finance,6199,FINANCE SERVICES,2021-06-01,2021-07-06,True,32.73,2025-11-12,4.24,2022-12-07,18.24,2026-07-02,1254.0,104.19,2023-05-15,2023-06-14,126.27,2024-09-09,2024-12-06,194.95,2025-04-08,2025-10-08,278.52,2024-09-11,2025-09-15,ok
DUOL,DUOL,"Duolingo, Inc.",Technology,7372,SERVICES-PREPACKAGED SOFTWARE,2021-07-28,2021-07-28,False,544.93,2025-05-14,60.5003,2022-05-11,125.76,2026-07-02,1238.0,71.71,2025-04-08,2025-05-08,108.03,2022-12-28,2023-03-30,146.77,2024-08-05,2025-02-05,246.97,2022-12-28,2023-12-29,ok
VIV,VIV,Telefonica Brasil SA,Telecommunications,,,1998-11-16,2021-07-06,True,17.255,2026-04-10,6.49,2023-01-03,13.25,2026-07-02,1254.0,32.01,2026-01-13,2026-02-12,40.31,2022-01-05,2022-04-06,56.8,2024-12-30,2025-07-03,107.0,2025-04-08,2026-04-10,ok
RYAN,RYAN,"Ryan Specialty Holdings, Inc.",Business Services,6411,"INSURANCE AGENTS, BROKERS & SERVICE",2021-07-22,2021-07-22,False,77.16,2025-04-03,25.57,2021-07-22,42.03,2026-07-02,1242.0,30.16,2026-06-02,2026-07-02,36.44,2021-08-16,2021-11-12,60.14,2024-02-01,2024-08-02,67.04,2023-11-29,2024-11-29,ok
XPEV,XPEV,"XPeng, Inc.",Consumer Cyclicals,,,2020-08-27,2021-07-06,True,56.45,2021-12-01,6.18,2022-11-02,13.08,2026-07-02,1254.0,98.56,2023-06-28,2023-07-28,143.2,2023-05-30,2023-08-29,213.69,2024-08-23,2025-02-26,252.1,2024-08-22,2025-08-26,ok
KSPI,KSPI,Kaspi.kz JSC,Finance,,,2019-03-19,2024-01-19,True,143.72,2024-07-18,68.59,2026-03-13,89.82,2026-07-02,615.0,31.0,2024-02-13,2024-03-14,39.31,2024-02-08,2024-05-09,45.53,2024-01-26,2024-07-29,25.52,2024-02-12,2025-02-13,ok
RBRK,RBRK,"Rubrik, Inc.",Technology,7372,SERVICES-PREPACKAGED SOFTWARE,2024-04-25,2024-04-25,False,103.0,2025-06-06,28.34,2024-06-21,83.64,2026-07-02,548.0,69.69,2024-11-14,2024-12-16,143.25,2024-09-13,2024-12-12,151.55,2024-08-05,2025-02-05,224.09,2024-05-30,2025-06-03,ok
ONON,ONON,On Holding AG,Consumer Cyclicals,,,2021-09-15,2021-09-15,False,64.05,2025-01-30,15.44,2022-10-11,36.83,2026-07-02,1204.0,72.82,2021-10-19,2021-11-17,90.45,2023-01-03,2023-04-04,107.85,2022-10-20,2023-04-24,140.15,2024-01-26,2025-01-29,ok
ASTS,ASTS,"AST Spacemobile, Inc.",Telecommunications,4899,"COMMUNICATIONS SERVICES, NEC",2021-04-07,2021-07-06,True,133.8599,2026-05-28,1.97,2024-04-02,85.13,2026-07-02,1254.0,336.73,2024-05-10,2024-06-11,1212.13,2024-05-15,2024-08-15,1276.59,2024-04-17,2024-10-16,1095.48,2024-04-30,2025-05-02,ok
RKLB,RKLB,Rocket Lab Corp.,Industrials,3760,GUIDED MISSILES & SPACE VEHICLES & PARTS,2021-08-25,2021-08-25,False,150.9999,2026-05-27,3.47,2024-04-16,100.46,2026-07-02,1218.0,148.91,2024-10-30,2024-11-29,335.09,2024-08-30,2024-11-29,541.51,2024-08-08,2025-02-10,882.97,2024-08-07,2025-08-11,ok
BSY,BSY,"Bentley Systems, Inc.",Technology,7372,SERVICES-PREPACKAGED SOFTWARE,2020-09-23,2021-07-06,True,71.92,2021-09-15,26.32,2022-05-11,32.26,2026-07-02,1254.0,26.34,2022-07-14,2022-08-12,46.76,2025-04-08,2025-07-10,51.38,2023-01-05,2023-07-10,75.22,2022-06-14,2023-06-15,ok
CRDO,CRDO,Credo Technology Group Holding Ltd.,Technology,3674,SEMICONDUCTORS & RELATED DEVICES,2022-01-27,2022-01-27,False,308.6699,2026-06-22,7.195,2023-05-04,241.91,2026-07-02,1111.0,121.24,2023-05-12,2023-06-13,209.7,2026-03-30,2026-06-30,342.7,2025-04-04,2025-10-06,572.52,2024-09-06,2025-09-10,ok
RIVN,RIVN,"Rivian Automotive, Inc.",Consumer Cyclicals,3711,MOTOR VEHICLES & PASSENGER CAR BODIES,2021-11-10,2021-11-10,False,179.4699,2021-11-16,8.26,2024-04-16,18.63,2026-07-02,1164.0,101.86,2023-06-26,2023-07-26,126.25,2023-04-25,2023-07-26,85.03,2023-03-15,2023-09-14,79.3,2024-11-07,2025-11-11,ok
MNDY,MNDY,monday.com Ltd.,Technology,,,2021-06-10,2021-07-06,True,450.0,2021-11-09,57.5,2026-04-10,79.77,2026-07-02,1254.0,98.77,2021-08-03,2021-09-01,84.46,2021-08-11,2021-11-09,84.72,2022-11-29,2023-06-01,143.25,2023-11-06,2024-11-06,ok
SMMT,SMMT,"Summit Therapeutics, Inc.",Healthcare,2834,PHARMACEUTICAL PREPARATIONS,2015-03-05,2021-07-06,True,36.91,2025-04-24,0.66,2022-12-02,15.42,2026-07-02,1254.0,635.19,2022-12-01,2023-01-03,463.6,2024-05-28,2024-08-27,702.93,2024-05-28,2024-11-25,1598.4,2023-09-13,2024-09-13,ok
MBLY,MBLY,"Mobileye Global, Inc.",Technology,7372,SERVICES-PREPACKAGED SOFTWARE,2022-10-26,2022-10-26,False,48.11,2023-02-15,6.47,2026-03-30,9.57,2026-07-02,923.0,49.03,2023-01-17,2023-02-15,75.14,2024-10-03,2025-01-03,63.05,2022-11-29,2023-06-01,59.44,2022-11-21,2023-11-22,ok
ALAB,ALAB,"Astera Labs, Inc.",Technology,3674,SEMICONDUCTORS & RELATED DEVICES,2024-03-20,2024-03-20,False,499.4762,2026-06-30,36.215,2024-08-07,406.42,2026-07-02,573.0,112.58,2025-07-14,2025-08-12,381.72,2026-03-30,2026-06-30,317.09,2025-04-04,2025-10-06,512.41,2024-09-09,2025-09-11,ok
ULS,ULS,"UL Solutions, Inc.",Business Services,8734,SERVICES-TESTING LABORATORIES,2024-04-12,2024-04-12,False,107.54,2026-05-06,33.15,2024-04-12,96.99,2026-07-02,557.0,35.17,2025-04-21,2025-05-20,48.31,2026-02-03,2026-05-05,60.15,2024-04-18,2024-10-17,98.26,2024-05-14,2025-05-16,ok
TLN,TLN,Talen Energy Corp.,Utilities,4911,ELECTRIC SERVICES,2023-06-01,2024-07-10,True,451.28,2025-10-03,98.5,2024-08-02,364.67,2026-07-02,497.0,43.74,2025-07-16,2025-08-14,75.55,2025-04-30,2025-07-31,146.81,2025-04-04,2025-10-06,242.31,2024-07-29,2025-07-31,ok
SN,SN,"SharkNinja, Inc.",Consumer Non-Cyclicals,3630,HOUSEHOLD APPLIANCES,2023-07-31,2023-07-31,False,154.035,2026-07-02,25.84,2023-08-04,151.47,2026-07-02,734.0,40.14,2025-04-21,2025-05-20,69.39,2025-04-08,2025-07-10,79.57,2024-03-18,2024-09-17,200.59,2023-08-16,2024-08-16,ok
SOLV,SOLV,Solventum Corp.,Healthcare,3841,SURGICAL & MEDICAL INSTRUMENTS & APPARATUS,2024-03-26,2024-04-01,True,88.2,2025-12-02,47.16,2024-07-16,78.27,2026-07-02,566.0,26.21,2025-11-05,2025-12-05,41.31,2024-07-15,2024-10-11,45.56,2024-07-15,2025-01-14,53.74,2024-07-10,2025-07-14,ok
YMM,YMM,"Full Truck Alliance Co., Ltd.",Industrials,,,2021-06-22,2021-07-06,True,19.27,2021-09-07,4.12,2022-03-14,8.43,2026-07-02,1254.0,95.77,2022-11-02,2022-12-02,93.79,2021-07-27,2021-10-25,90.53,2024-09-12,2025-03-17,107.46,2024-02-07,2025-02-10,ok
ACI,ACI,"Albertsons Cos., Inc.",Consumer Non-Cyclicals,5411,RETAIL-GROCERY STORES,2020-06-26,2021-07-06,True,37.99,2022-03-07,13.165,2026-06-30,14.13,2026-07-02,1254.0,50.68,2021-07-15,2021-08-13,56.44,2021-07-06,2021-10-04,62.18,2021-07-13,2022-01-10,40.55,2021-07-07,2022-07-07,ok
CNM,CNM,"Core & Main, Inc.",Industrials,5099,"WHOLESALE-DURABLE GOODS, NEC",2021-07-23,2021-07-23,False,67.18,2025-09-05,18.75,2022-12-20,44.93,2026-07-02,1241.0,29.66,2024-02-21,2024-03-21,51.53,2024-01-04,2024-04-05,109.43,2023-10-02,2024-04-03,174.05,2023-03-22,2024-03-22,ok
DRS,DRS,"Leonardo DRS, Inc.",Industrials,3812,"SEARCH, DETECTION, NAVIGATION, GUIDANCE, AERONAUTICAL SYS",2021-03-24,2022-11-29,True,50.59,2026-06-12,9.11,2022-11-30,43.72,2026-07-02,900.0,37.45,2025-04-04,2025-05-06,54.03,2025-04-07,2025-07-09,64.94,2022-12-01,2023-06-05,103.56,2024-05-01,2025-05-05,ok
CART,CART,"Maplebear, Inc.",Consumer Services,7389,"SERVICES-BUSINESS SERVICES, NEC",2023-09-19,2023-09-19,False,53.5,2025-08-08,22.13,2024-01-05,45.78,2026-07-02,699.0,42.01,2024-02-15,2024-03-18,71.38,2024-01-05,2024-04-08,65.22,2024-08-16,2025-02-19,105.72,2024-02-07,2025-02-10,ok
TEM,TEM,"Tempus AI, Inc.",Healthcare,7370,"SERVICES-COMPUTER PROGRAMMING, DATA PROCESSING, ETC.",2024-06-14,2024-06-14,False,104.32,2025-10-09,22.89,2024-06-25,60.27,2026-07-02,513.0,163.12,2025-01-14,2025-02-13,118.73,2024-06-24,2024-09-23,177.33,2025-04-08,2025-10-08,170.01,2024-06-24,2025-06-26,ok
BROS,BROS,"Dutch Bros, Inc.",Consumer Services,5810,RETAIL-EATING & DRINKING PLACES,2021-09-15,2021-09-15,False,86.88,2025-02-18,20.05,2022-05-12,72.16,2026-07-02,1204.0,75.99,2021-09-30,2021-10-29,105.3,2024-11-04,2025-02-06,183.96,2024-08-13,2025-02-13,209.99,2024-02-14,2025-02-18,ok
DOCS,DOCS,"Doximity, Inc.",Healthcare,7371,SERVICES-COMPUTER PROGRAMMING SERVICES,2021-06-24,2021-07-06,True,107.79,2021-09-10,17.15,2026-05-14,21.86,2026-07-02,1254.0,91.37,2021-08-10,2021-09-09,96.32,2024-11-06,2025-02-10,224.01,2024-08-08,2025-02-10,203.43,2024-02-07,2025-02-10,ok
DTM,DTM,"DT Midstream, Inc.",Energy,4922,NATURAL GAS TRANSMISSION,2021-06-18,2021-07-06,True,152.88,2026-05-26,38.46,2021-07-08,144.59,2026-07-02,1254.0,24.32,2024-10-23,2024-11-21,42.5,2024-08-26,2024-11-22,65.28,2024-05-23,2024-11-21,111.67,2024-01-18,2025-01-21,ok
HIMS,HIMS,"Hims & Hers Health, Inc.",Healthcare,8011,SERVICES-OFFICES & CLINICS OF DOCTORS OF MEDICINE,2021-01-21,2021-07-06,True,72.98,2025-02-19,2.72,2022-05-12,36.8,2026-07-02,1254.0,146.82,2025-01-17,2025-02-19,243.74,2024-11-15,2025-02-20,341.21,2024-08-16,2025-02-19,583.98,2024-02-15,2025-02-19,ok
IONQ,IONQ,"IonQ, Inc.",Technology,7373,SERVICES-COMPUTER INTEGRATED SYSTEMS DESIGN,2021-01-04,2021-10-01,True,84.64,2025-10-13,3.04,2022-12-28,49.12,2026-07-02,1192.0,184.14,2021-10-19,2021-11-17,498.51,2024-09-26,2024-12-26,579.44,2024-06-27,2024-12-26,873.32,2024-09-19,2025-09-23,ok
SMR,SMR,NuScale Power Corp.,Industrials,3443,FABRICATED PLATE WORK (BOILER SHOPS),2022-05-03,2022-05-03,False,57.42,2025-10-16,1.81,2023-11-09,9.76,2026-07-02,1045.0,254.39,2024-02-15,2024-03-18,268.41,2024-08-26,2024-11-22,575.64,2024-01-11,2024-07-15,1233.94,2024-01-22,2025-01-23,ok
SARO,SARO,"StandardAero, Inc.",Industrials,3724,AIRCRAFT ENGINES & ENGINE PARTS,2024-10-02,2024-10-02,False,34.48,2026-01-20,21.31,2025-04-07,30.11,2026-07-02,438.0,25.28,2025-04-08,2025-05-08,35.0,2025-04-08,2025-07-10,32.64,2025-01-08,2025-07-14,40.03,2025-01-13,2026-01-14,ok
PCOR,PCOR,"Procore Technologies, Inc.",Finance,7372,SERVICES-PREPACKAGED SOFTWARE,2021-05-20,2021-07-06,True,108.75,2021-08-02,38.03,2026-06-25,43.97,2026-07-02,1254.0,43.38,2022-07-14,2022-08-12,55.84,2024-09-06,2024-12-05,57.01,2024-08-14,2025-02-14,68.18,2022-07-14,2023-07-17,ok
U,U,"Unity Software, Inc.",Technology,7372,SERVICES-PREPACKAGED SOFTWARE,2020-09-18,2021-07-06,True,210.0,2021-11-18,13.895,2024-08-07,29.32,2026-07-02,1254.0,79.85,2022-07-14,2022-08-12,99.61,2025-06-20,2025-09-19,124.03,2025-03-14,2025-09-15,185.45,2024-09-04,2025-09-08,ok
LINE,LINE,"Lineage, Inc.",Finance,6798,REAL ESTATE INVESTMENT TRUSTS,2024-07-25,2024-07-25,False,89.85,2024-07-31,31.33,2026-03-30,44.0,2026-07-02,486.0,23.4,2026-04-29,2026-05-29,41.82,2026-03-27,2026-06-29,28.85,2025-12-09,2026-06-11,1.73,2025-07-01,2026-07-02,ok
KD,KD,"Kyndryl Holdings, Inc.",Technology,7373,SERVICES-COMPUTER INTEGRATED SYSTEMS DESIGN,2021-10-22,2021-11-04,True,44.2,2025-07-08,7.93,2022-10-13,12.25,2026-07-02,1168.0,51.41,2024-11-01,2024-12-03,89.16,2024-11-01,2025-02-05,92.91,2024-08-06,2025-02-06,141.67,2023-05-18,2024-05-20,ok
TTAN,TTAN,"ServiceTitan, Inc.",Technology,7372,SERVICES-PREPACKAGED SOFTWARE,2024-12-12,2024-12-12,False,131.33,2025-05-16,54.17,2026-05-13,78.31,2026-07-02,388.0,32.83,2025-04-04,2025-05-06,31.31,2025-02-25,2025-05-27,40.85,2025-03-10,2025-09-09,8.15,2025-01-07,2026-01-09,ok
BIRK,BIRK,Birkenstock Holding Plc,Consumer Cyclicals,,,2023-10-11,2023-10-11,False,64.78,2024-08-26,31.12,2026-05-15,45.99,2026-07-02,683.0,57.01,2026-05-15,2026-06-16,37.33,2024-05-23,2024-08-23,27.26,2023-11-30,2024-06-03,38.65,2023-10-13,2024-10-15,ok
FYBR^26,FYBR,"Frontier Communications Parent, Inc.",Telecommunications,4813,TELEPHONE COMMUNICATIONS (NO RADIOTELEPHONE),2021-05-04,2021-07-06,True,39.21,2024-09-04,11.6501,2023-07-17,38.49,2026-01-16,1140.0,48.6,2024-08-05,2024-09-04,74.81,2023-10-02,2024-01-02,86.97,2023-07-17,2024-01-16,152.18,2023-09-13,2024-09-13,ok
CAVA,CAVA,"Cava Group, Inc.",Consumer Services,5812,RETAIL-EATING PLACES,2023-06-15,2023-06-15,False,172.4299,2024-11-13,29.05,2023-10-04,76.88,2026-07-02,764.0,57.57,2024-07-26,2024-08-26,104.22,2023-12-08,2024-03-12,181.69,2023-12-11,2024-06-12,373.31,2023-11-08,2024-11-08,ok
KVYO,KVYO,"Klaviyo, Inc.",Technology,7372,SERVICES-PREPACKAGED SOFTWARE,2023-09-20,2023-09-20,False,49.55,2025-02-11,12.53,2026-06-22,16.9,2026-07-02,698.0,38.38,2025-04-11,2025-05-13,78.03,2024-08-06,2024-11-04,115.02,2024-08-06,2025-02-06,85.61,2024-01-26,2025-01-29,ok
AUR,AUR,"Aurora Innovation, Inc.",Consumer Cyclicals,7373,SERVICES-COMPUTER INTEGRATED SYSTEMS DESIGN,2021-11-04,2021-11-04,False,17.7703,2021-11-19,1.1,2022-12-27,6.63,2026-07-02,1168.0,117.13,2023-11-27,2023-12-27,157.04,2023-05-16,2023-08-16,244.44,2024-06-18,2024-12-17,307.89,2022-12-27,2023-12-28,ok
RGC,RGC,Regencell Bioscience Holdings Ltd.,Healthcare,,,2021-07-16,2021-07-16,False,83.6,2025-06-16,0.0797,2024-07-22,6.37,2026-07-02,1088.0,2244.82,2025-04-29,2025-05-29,18957.72,2025-02-28,2025-05-30,53879.24,2024-12-12,2025-06-17,59080.58,2024-05-24,2025-06-17,ok
NXT,NXT,"Nextpower, Inc.",Industrials,3812,"SEARCH, DETECTION, NAVIGATION, GUIDANCE, AERONAUTICAL SYS",2023-02-09,2023-02-09,False,163.13,2026-05-29,28.2401,2023-03-17,112.84,2026-07-02,851.0,51.81,2025-04-15,2025-05-15,100.72,2025-08-07,2025-11-05,155.52,2025-05-07,2025-11-05,226.35,2024-10-25,2025-10-29,ok
INFA^25,INFA,"Informatica, Inc. (California)",Technology,7372,SERVICES-PREPACKAGED SOFTWARE,2021-10-27,2021-10-27,False,40.13,2021-12-16,13.29,2023-05-04,24.79,2025-11-17,1019.0,34.29,2023-10-30,2023-11-29,61.8,2023-11-01,2024-02-02,83.45,2023-10-05,2024-04-08,143.39,2023-04-12,2024-04-12,ok
SRAD,SRAD,Sportradar Group AG,Consumer Services,,,2021-09-14,2021-09-14,False,32.22,2025-08-25,7.1,2022-07-13,15.01,2026-07-02,1205.0,66.98,2022-07-14,2022-08-12,74.76,2024-11-05,2025-02-07,109.94,2024-08-13,2025-02-13,193.56,2024-08-13,2025-08-15,ok
LOAR,LOAR,"Loar Holdings, Inc.",Industrials,3728,"AIRCRAFT PARTS & AUXILIARY EQUIPMENT, NEC",2024-04-25,2024-04-25,False,99.67,2025-05-12,42.57,2024-04-25,80.9,2026-07-02,548.0,46.35,2025-03-28,2025-04-29,58.52,2024-05-14,2024-08-14,93.17,2024-05-10,2024-11-08,109.55,2024-05-02,2025-05-06,ok
BZ,BZ,Kanzhun Ltd.,Technology,,,2021-06-11,2021-07-06,True,43.2199,2021-12-10,9.745,2022-10-24,13.0,2026-07-02,1254.0,76.96,2022-05-24,2022-06-24,130.15,2022-10-25,2023-01-26,72.3,2025-04-08,2025-10-08,116.71,2024-08-28,2025-09-02,ok
CFLT^26,CFLT,"Confluent, Inc.",Technology,7372,SERVICES-PREPACKAGED SOFTWARE,2021-06-24,2021-07-06,True,94.97,2021-11-05,14.69,2023-11-02,30.99,2026-03-16,1179.0,73.15,2023-05-03,2023-06-02,97.97,2021-08-09,2021-11-05,97.8,2023-01-06,2023-07-11,92.27,2022-06-13,2023-06-14,ok
OKLO,OKLO,"Oklo, Inc.",Business Services,4911,ELECTRIC SERVICES,2024-05-10,2024-05-10,False,193.84,2025-10-15,5.35,2024-09-09,52.36,2026-07-02,537.0,207.05,2024-09-30,2024-10-29,297.67,2024-09-03,2024-12-02,680.04,2025-04-21,2025-10-20,2155.63,2024-09-18,2025-09-22,ok
ROIV,ROIV,Roivant Sciences Ltd.,Healthcare,2834,PHARMACEUTICAL PREPARATIONS,2021-10-01,2021-10-01,False,35.9,2026-06-30,2.52,2022-05-12,35.13,2026-07-02,1192.0,69.1,2021-11-24,2021-12-27,148.58,2022-09-29,2022-12-29,168.0,2022-09-16,2023-03-20,347.12,2022-09-26,2023-09-27,ok
BRBR,BRBR,"BellRing Brands, Inc.",Consumer Non-Cyclicals,2000,FOOD AND KINDRED PRODUCTS,2019-10-17,2021-07-06,True,80.67,2025-01-30,7.82,2026-06-08,13.86,2026-07-02,1254.0,54.78,2026-05-29,2026-06-30,41.63,2024-08-28,2024-11-26,68.18,2022-10-19,2023-04-21,128.59,2022-12-12,2023-12-13,ok
GTLB,GTLB,"Gitlab, Inc.",Technology,7372,SERVICES-PREPACKAGED SOFTWARE,2021-10-14,2021-10-14,False,137.0,2021-11-09,18.73,2026-04-10,32.07,2026-07-02,1183.0,76.34,2023-05-12,2023-06-13,99.07,2022-05-11,2022-08-11,78.47,2023-08-10,2024-02-09,106.24,2023-05-04,2024-05-06,ok
ESAB,ESAB,ESAB Corp.,Industrials,3569,"GENERAL INDUSTRIAL MACHINERY & EQUIPMENT, NEC",2022-03-21,2022-04-05,True,137.42,2026-02-12,32.12,2022-10-11,92.78,2026-07-02,1064.0,31.81,2022-11-02,2022-12-02,67.39,2022-11-02,2023-02-03,80.15,2022-10-14,2023-04-18,118.63,2022-10-10,2023-10-11,ok
LLYVK,LLYVK,"Liberty Live Holdings, Inc.",Consumer Services,,,2023-08-04,2023-08-04,False,108.92,2026-07-02,29.63,2023-08-04,108.0,2026-07-02,730.0,34.1,2024-09-13,2024-10-14,88.36,2024-09-06,2024-12-05,109.25,2024-08-05,2025-02-05,160.91,2024-09-06,2025-09-10,ok
BXSL,BXSL,Blackstone Secured Lending Fund,Finance,,,2021-10-28,2021-10-28,False,38.32,2021-12-27,22.0,2022-07-05,23.77,2026-07-02,1173.0,20.83,2021-11-23,2021-12-23,17.41,2025-04-08,2025-07-10,21.9,2023-01-24,2023-07-26,29.53,2023-05-04,2024-05-06,ok
JOBY,JOBY,"Joby Aviation, Inc.",Industrials,3721,AIRCRAFT,2021-08-11,2021-08-11,False,20.95,2025-08-04,3.15,2022-12-27,8.49,2026-07-02,1228.0,112.44,2025-06-25,2025-07-25,207.08,2025-04-16,2025-07-18,265.11,2025-04-04,2025-10-06,280.42,2024-10-01,2025-10-03,ok
PATH,PATH,"UiPath, Inc.",Technology,7372,SERVICES-PREPACKAGED SOFTWARE,2021-04-21,2021-07-06,True,69.6,2021-07-09,9.2002,2026-05-14,11.71,2026-07-02,1254.0,61.34,2023-11-01,2023-12-01,63.48,2025-09-10,2025-12-09,76.96,2023-08-11,2024-02-12,113.56,2022-12-27,2023-12-28,ok
WAY,WAY,Waystar Holding Corp.,Healthcare,7373,SERVICES-COMPUTER INTEGRATED SYSTEMS DESIGN,2024-06-07,2024-06-07,False,48.11,2025-02-18,17.26,2026-06-22,23.46,2026-07-02,518.0,26.69,2024-08-07,2024-09-06,49.89,2024-10-24,2025-01-28,94.44,2024-08-05,2025-02-05,95.7,2024-06-07,2025-06-11,ok
STVN,STVN,Stevanato Group SpA,Healthcare,,,2021-07-16,2021-07-16,False,36.3,2023-08-09,12.89,2026-03-27,19.0,2026-07-02,1246.0,39.3,2026-04-07,2026-05-06,65.9,2022-11-30,2023-03-03,99.93,2022-11-08,2023-05-11,129.26,2022-07-18,2023-07-19,ok
ACHR,ACHR,"Archer Aviation, Inc.",Industrials,3721,AIRCRAFT,2021-09-17,2021-09-17,False,14.62,2025-10-15,1.62,2022-12-27,4.98,2026-07-02,1202.0,191.77,2024-10-30,2024-11-29,291.5,2024-10-03,2025-01-03,224.64,2024-06-27,2024-12-26,342.86,2024-10-10,2025-10-14,ok
OS^26,OS,"OneStream, Inc.",Technology,7372,SERVICES-PREPACKAGED SOFTWARE,2024-07-24,2024-07-24,False,35.39,2024-11-11,16.51,2025-10-16,24.0,2026-03-31,423.0,52.3,2025-04-21,2025-05-20,44.52,2025-04-04,2025-07-08,27.74,2025-09-15,2026-03-17,16.07,2025-03-13,2026-03-16,ok
ZK^25,ZK,ZEEKR Intelligent Technology Holding Ltd.,Consumer Cyclicals,,,2024-05-10,2024-05-10,False,33.3185,2025-03-11,13.0,2024-08-12,26.73,2025-12-19,405.0,75.91,2024-09-06,2024-10-07,90.44,2024-09-18,2024-12-17,114.36,2024-09-06,2025-03-11,119.16,2024-08-09,2025-08-13,ok
STEP,STEP,"StepStone Group, Inc.",Finance,6282,INVESTMENT ADVICE,2020-09-16,2021-07-06,True,77.795,2026-01-16,19.83,2023-05-25,41.13,2026-07-02,1254.0,30.33,2025-04-08,2025-05-08,43.94,2024-05-17,2024-08-19,82.47,2024-05-13,2024-11-11,162.48,2023-11-28,2024-11-27,ok
LTH,LTH,"Life Time Group Holdings, Inc.",Consumer Services,7997,SERVICES-MEMBERSHIP SPORTS & RECREATION CLUBS,2021-10-07,2021-10-07,False,41.79,2026-06-26,8.75,2022-11-04,40.81,2026-07-02,1188.0,69.27,2023-01-03,2023-02-02,111.5,2022-11-04,2023-02-07,118.28,2022-11-03,2023-05-08,161.71,2024-02-26,2025-02-27,ok
JXN,JXN,"Jackson Financial, Inc.",Finance,6311,LIFE INSURANCE,2021-09-01,2021-09-20,True,123.61,2026-02-03,23.56,2022-07-14,104.47,2026-07-02,1201.0,41.78,2021-11-04,2021-12-06,71.0,2021-10-05,2022-01-04,97.91,2023-11-07,2024-05-09,187.8,2023-11-06,2024-11-06,ok
ALGM,ALGM,"Allegro MicroSystems, Inc.",Technology,3674,SEMICONDUCTORS & RELATED DEVICES,2020-10-29,2021-07-06,True,71.77,2026-06-30,16.38,2025-04-21,55.485,2026-07-02,1254.0,64.91,2025-04-21,2025-05-20,148.29,2026-03-30,2026-06-30,159.1,2025-12-26,2026-06-30,168.25,2025-05-05,2026-05-06,ok
CCC,CCC,"CCC Intelligent Solutions Holdings, Inc.",Finance,7372,SERVICES-PREPACKAGED SOFTWARE,2021-08-02,2025-10-31,True,9.44,2025-10-31,4.08,2026-05-13,5.58,2026-07-02,167.0,25.67,2026-02-23,2026-03-24,-6.37,2026-02-23,2026-05-22,-29.78,2025-11-26,2026-06-01,,,,ok
UPST,UPST,"Upstart Holdings, Inc.",Finance,6199,FINANCE SERVICES,2020-12-16,2021-07-06,True,401.4899,2021-10-15,11.93,2023-05-03,34.78,2026-07-02,1254.0,145.87,2023-05-02,2023-06-01,461.9,2023-05-02,2023-08-02,284.28,2023-01-30,2023-08-01,278.86,2023-11-08,2024-11-08,ok
S,S,"SentinelOne, Inc.",Technology,7372,SERVICES-PREPACKAGED SOFTWARE,2021-06-30,2021-07-06,True,78.53,2021-11-12,11.81,2026-04-10,17.51,2026-07-02,1254.0,61.99,2023-11-10,2023-12-12,94.24,2023-11-09,2024-02-12,107.3,2023-08-17,2024-02-16,113.15,2022-12-27,2023-12-28,ok
BEPC,BEPC,Brookfield Renewable Corp.,Utilities,,,2020-07-24,2021-07-06,True,45.429,2021-09-02,21.35,2024-04-16,36.49,2026-07-02,1254.0,47.43,2024-04-16,2024-05-15,37.87,2024-04-15,2024-07-16,60.76,2025-05-05,2025-11-03,73.79,2025-04-08,2026-04-10,ok
GXO,GXO,"GXO Logistics, Inc.",Industrials,4700,TRANSPORTATION SERVICES,2021-07-22,2021-08-02,True,105.92,2021-11-18,30.46,2025-04-09,51.95,2026-07-02,1235.0,32.68,2022-11-02,2022-12-02,63.84,2025-04-08,2025-07-10,73.07,2025-04-08,2025-10-08,80.01,2025-02-13,2026-02-17,ok
ACT,ACT,"Enact Holdings, Inc.",Finance,6411,"INSURANCE AGENTS, BROKERS & SERVICE",2021-09-16,2021-09-16,False,46.0,2026-06-30,18.76,2021-12-17,45.34,2026-07-02,1203.0,30.98,2022-07-18,2022-08-16,30.64,2023-05-04,2023-08-04,32.06,2024-02-26,2024-08-26,41.11,2023-03-23,2024-03-25,ok
AMTM,AMTM,"Amentum Holdings, Inc.",Industrials,7389,"SERVICES-BUSINESS SERVICES, NEC",2024-09-24,2024-09-30,True,38.11,2026-02-06,16.01,2025-04-09,21.24,2026-07-02,440.0,34.05,2025-10-28,2025-11-26,69.65,2025-10-28,2026-01-29,53.68,2025-04-08,2025-10-08,86.63,2025-01-28,2026-01-29,ok
CHRD,CHRD,Chord Energy Corp.,Energy,1311,CRUDE PETROLEUM & NATURAL GAS,2020-11-20,2022-07-05,True,190.23,2024-04-12,79.83,2025-04-09,113.32,2026-07-02,1003.0,38.81,2026-02-25,2026-03-26,62.42,2025-12-26,2026-03-30,65.67,2025-11-12,2026-05-15,63.56,2025-04-08,2026-04-10,ok
VNT,VNT,Vontier Corp.,Industrials,3824,TOTALIZING FLUID METERS & COUNTING DEVICES,2020-09-24,2021-07-06,True,48.2,2026-02-12,16.55,2022-09-29,28.62,2026-07-02,1254.0,24.97,2025-04-21,2025-05-20,45.0,2022-12-28,2023-03-30,74.2,2022-12-28,2023-06-30,89.19,2022-11-03,2023-11-06,ok
AHR,AHR,"American Healthcare REIT, Inc.",Finance,6798,REAL ESTATE INVESTMENT TRUSTS,2024-02-07,2024-02-07,False,55.09,2026-07-02,12.63,2024-02-07,55.04,2026-07-02,602.0,39.12,2024-08-05,2024-09-04,80.66,2024-06-27,2024-09-26,108.67,2024-05-29,2024-11-26,154.37,2024-08-05,2025-08-07,ok
CWAN^26,CWAN,"Clearwater Analytics Holdings, Inc.",Finance,7372,SERVICES-PREPACKAGED SOFTWARE,2021-09-24,2021-09-24,False,35.71,2024-11-07,11.23,2022-07-13,24.56,2026-06-24,1191.0,36.94,2025-11-06,2025-12-08,49.91,2025-11-06,2026-02-09,80.46,2024-05-09,2024-11-07,79.89,2024-03-01,2025-03-05,ok
SEZL,SEZL,"Sezzle, Inc.",Technology,7389,"SERVICES-BUSINESS SERVICES, NEC",2020-05-05,2023-08-17,True,186.74,2025-07-08,1.1917,2023-10-26,183.24,2026-07-02,703.0,176.47,2024-01-11,2024-02-12,548.73,2023-12-05,2024-03-07,825.76,2023-12-05,2024-06-06,4449.02,2023-11-24,2024-11-25,ok
SGHC,SGHC,Super Group (SGHC) Ltd.,Consumer Services,,,2022-01-28,2022-01-28,False,14.7,2026-07-02,2.57,2022-12-27,14.51,2026-07-02,1110.0,71.6,2024-11-04,2024-12-04,107.35,2024-11-01,2025-02-05,172.28,2024-08-09,2025-02-11,291.27,2024-09-06,2025-09-10,ok
NUVL,NUVL,"Nuvalent, Inc.",Healthcare,2834,PHARMACEUTICAL PREPARATIONS,2021-07-29,2021-07-29,False,123.8,2026-07-02,7.09,2022-05-19,123.73,2026-07-02,1237.0,98.01,2022-06-13,2022-07-14,151.48,2022-08-02,2022-10-31,330.85,2022-05-18,2022-11-16,439.87,2022-05-19,2023-05-22,ok
GLBE,GLBE,Global-e Online Ltd.,Consumer Cyclicals,,,2021-05-12,2021-07-06,True,83.77,2021-08-31,15.63,2022-05-17,36.85,2026-07-02,1254.0,63.83,2022-07-26,2022-08-24,104.81,2022-05-25,2022-08-25,119.87,2022-12-28,2023-06-30,124.74,2022-06-13,2023-06-14,ok
SOBO,SOBO,South Bow Corp.,Energy,,,2024-10-08,2024-10-08,False,38.45,2026-06-12,21.16,2025-04-09,34.37,2026-07-02,434.0,20.3,2026-04-22,2026-05-21,28.06,2026-01-07,2026-04-09,43.79,2025-11-13,2026-05-18,52.31,2025-04-08,2026-04-10,ok
MNSO,MNSO,MINISO Group Holding Ltd.,Consumer Non-Cyclicals,,,2020-10-15,2021-07-06,True,29.92,2023-09-15,4.45,2022-09-28,11.72,2026-07-02,1254.0,131.57,2022-10-31,2022-11-30,209.39,2022-10-20,2023-01-23,263.26,2022-09-23,2023-03-27,477.56,2022-09-27,2023-09-28,ok
MP,MP,MP Materials Corp.,Non-Energy Materials,1000,METAL MINING,2020-11-18,2021-07-06,True,100.2505,2025-10-14,10.02,2024-08-05,53.31,2026-07-02,1254.0,136.66,2025-07-09,2025-08-07,272.03,2025-05-27,2025-08-26,319.14,2025-04-11,2025-10-13,592.95,2024-08-07,2025-08-11,ok
VERX,VERX,"Vertex, Inc.",Technology,7372,SERVICES-PREPACKAGED SOFTWARE,2020-07-29,2021-07-06,True,60.71,2025-02-06,9.44,2022-06-14,12.85,2026-07-02,1254.0,46.97,2023-03-07,2023-04-05,86.25,2023-01-19,2023-04-20,70.39,2022-05-12,2022-11-10,141.6,2024-01-25,2025-01-28,ok
LB,LB,LandBridge Co. LLC,Finance,6792,OIL ROYALTY TRADERS,2024-06-28,2024-06-28,False,87.5968,2025-05-20,18.75,2024-06-28,73.75,2026-07-02,504.0,65.15,2025-10-13,2025-11-11,123.37,2024-08-12,2024-11-08,186.66,2024-07-19,2025-01-21,191.25,2024-07-01,2025-07-03,ok
OSCR,OSCR,"Oscar Health, Inc.",Healthcare,6324,HOSPITAL & MEDICAL SERVICE PLANS,2021-03-03,2021-07-06,True,33.1,2026-07-02,2.05,2022-12-22,32.18,2026-07-02,1254.0,88.55,2023-01-19,2023-02-17,207.91,2022-12-28,2023-03-30,293.67,2022-12-19,2023-06-22,356.05,2023-02-09,2024-02-12,ok
MIR,MIR,"Mirion Technologies, Inc.",Technology,3829,"MEASURING & CONTROLLING DEVICES, NEC",2020-08-20,2021-10-21,True,30.277,2025-10-30,5.4,2022-07-14,17.38,2026-07-02,1178.0,49.18,2024-09-17,2024-10-16,90.89,2024-09-10,2024-12-09,88.53,2025-04-30,2025-10-29,150.51,2024-09-16,2025-09-18,ok
BULL,BULL,Webull Corp.,Finance,,,2025-04-11,2025-04-11,False,79.56,2025-04-14,4.5,2026-04-02,7.17,2026-07-02,307.0,70.25,2025-06-23,2025-07-23,51.27,2026-04-01,2026-07-02,-5.53,2025-06-10,2025-12-09,-31.79,2025-06-17,2026-06-18,ok
FROG,FROG,JFrog Ltd.,Technology,7372,SERVICES-PREPACKAGED SOFTWARE,2020-09-16,2021-07-06,True,96.0,2026-07-02,16.356,2022-05-12,94.81,2026-07-02,1254.0,90.16,2026-04-30,2026-06-01,113.98,2026-03-04,2026-06-03,92.79,2023-10-25,2024-04-26,143.59,2023-03-20,2024-03-20,ok
CORZ,CORZ,"Core Scientific, Inc.",Finance,6199,FINANCE SERVICES,2024-01-24,2024-01-24,False,30.46,2026-06-02,2.61,2024-02-01,21.43,2026-07-02,612.0,175.14,2024-05-14,2024-06-13,313.43,2024-04-15,2024-07-16,390.74,2024-04-17,2024-10-16,357.3,2024-02-01,2025-02-04,ok
INGM,INGM,Ingram Micro Holding Corp.,Technology,5045,WHOLESALE-COMPUTERS & PERIPHERAL EQUIPMENT & SOFTWARE,2024-10-24,2024-10-24,False,31.69,2026-06-02,14.25,2025-04-08,25.65,2026-07-02,422.0,39.45,2026-03-20,2026-04-21,47.66,2026-01-20,2026-04-21,49.9,2025-04-08,2025-10-08,92.0,2025-04-21,2026-04-22,ok
DJT,DJT,Trump Media & Technology Group Corp.,Technology,7370,"SERVICES-COMPUTER PROGRAMMING, DATA PROCESSING, ETC.",2024-03-26,2024-03-26,False,79.38,2024-03-26,6.96,2026-06-26,8.54,2026-07-02,569.0,221.08,2024-09-27,2024-10-28,185.68,2024-09-23,2024-12-20,72.35,2024-09-23,2025-03-26,38.44,2024-09-23,2025-09-25,ok
PONY,PONY,"Pony.ai, Inc.",Consumer Cyclicals,,,2024-11-27,2024-11-27,False,24.92,2025-10-02,4.11,2025-04-22,6.83,2026-07-02,398.0,327.75,2025-04-21,2025-05-20,263.46,2025-04-22,2025-07-23,369.62,2025-04-21,2025-10-20,161.24,2025-04-21,2026-04-22,ok
LIF,LIF,"Life360, Inc.",Technology,7374,SERVICES-COMPUTER PROCESSING & DATA PREPARATION,2024-06-06,2024-06-06,False,112.5395,2025-10-06,26.0,2024-06-06,57.71,2026-07-02,519.0,70.64,2025-04-11,2025-05-13,104.9,2025-04-16,2025-07-18,248.93,2025-04-04,2025-10-06,212.47,2024-09-11,2025-09-15,ok
PECO,PECO,"Phillips Edison & Co., Inc.",Finance,6798,REAL ESTATE INVESTMENT TRUSTS,2016-01-22,2021-07-15,True,42.7,2026-06-26,26.51,2021-07-19,42.06,2026-07-02,1247.0,18.62,2023-05-30,2023-06-29,22.02,2023-05-11,2023-08-11,27.48,2024-05-29,2024-11-26,26.67,2021-07-19,2022-07-19,ok
KNF,KNF,Knife River Corp.,Non-Energy Materials,1400,MINING & QUARRYING OF NONMETALLIC MINERALS (NO FUELS),2023-05-25,2023-06-01,True,108.83,2025-01-22,33.6712,2023-06-01,84.88,2026-07-02,774.0,31.64,2026-01-30,2026-03-03,46.94,2023-06-01,2023-08-31,70.42,2023-06-01,2023-11-30,102.0,2023-10-30,2024-10-30,ok
TFPM,TFPM,Triple Flag Precious Metals Corp.,Non-Energy Materials,,,2021-09-23,2022-08-30,True,41.7,2026-03-02,10.7,2022-11-10,31.49,2026-07-02,963.0,35.57,2023-03-15,2023-04-14,47.46,2024-02-26,2024-05-24,68.5,2025-04-08,2025-10-08,152.46,2025-01-27,2026-01-28,ok
ATAT,ATAT,Atour Lifestyle Holdings Ltd.,Consumer Services,,,2022-11-11,2022-11-11,False,43.1725,2025-12-04,11.0166,2022-11-16,32.22,2026-07-02,911.0,68.4,2022-12-28,2023-01-30,127.06,2022-11-25,2023-02-28,86.28,2024-08-16,2025-02-19,133.84,2024-08-28,2025-09-02,ok
BLCO,BLCO,Bausch + Lomb Corp.,Healthcare,3851,OPHTHALMIC GOODS,2022-05-06,2022-05-06,False,21.95,2023-06-30,10.45,2025-04-30,17.16,2026-07-02,1042.0,34.21,2024-09-13,2024-10-14,35.69,2024-06-18,2024-09-18,50.81,2024-05-03,2024-11-01,49.91,2025-04-08,2026-04-10,ok
QBTS,QBTS,"D-Wave Quantum, Inc.",Technology,7374,SERVICES-COMPUTER PROCESSING & DATA PREPARATION,2022-08-08,2022-08-08,False,46.75,2025-10-15,0.3962,2023-05-08,22.53,2026-07-02,979.0,522.22,2024-11-18,2024-12-18,946.61,2024-10-02,2025-01-02,1222.22,2024-11-18,2025-05-22,4721.41,2024-10-10,2025-10-14,ok
GRND,GRND,"Grindr, Inc.",Technology,7370,"SERVICES-COMPUTER PROGRAMMING, DATA PROCESSING, ETC.",2022-11-18,2022-11-18,False,71.51,2022-11-18,4.49,2023-08-14,16.06,2026-07-02,906.0,44.5,2025-04-08,2025-05-08,57.19,2023-09-28,2023-12-28,86.69,2023-09-21,2024-03-22,165.34,2024-05-29,2025-06-02,ok
FG,FG,"F&G Annuities & Life, Inc.",Finance,6311,LIFE INSURANCE,2022-11-21,2022-12-01,True,50.75,2024-11-25,14.76,2023-05-04,27.94,2026-07-02,898.0,46.06,2023-10-25,2023-11-24,84.39,2023-05-04,2023-08-04,124.28,2023-05-11,2023-11-09,177.36,2023-05-04,2024-05-06,ok
FRSH,FRSH,"Freshworks, Inc.",Technology,7372,SERVICES-PREPACKAGED SOFTWARE,2021-09-22,2021-09-22,False,53.3559,2021-11-02,6.79,2026-02-12,10.34,2026-07-02,1199.0,50.04,2024-10-09,2024-11-07,70.26,2024-10-24,2025-01-28,64.66,2024-08-06,2025-02-06,74.17,2022-12-27,2023-12-28,ok
ODD,ODD,ODDITY Tech Ltd.,Consumer Non-Cyclicals,,,2023-07-19,2023-07-19,False,79.1804,2025-06-03,9.2501,2026-06-03,17.9,2026-07-02,742.0,81.91,2026-06-02,2026-07-02,94.57,2025-04-04,2025-07-08,80.89,2024-12-31,2025-07-07,127.13,2024-05-07,2025-05-09,ok
NE,NE,Noble Corp. Plc,Energy,1381,DRILLING OIL & GAS WELLS,2022-09-30,2022-09-30,False,55.34,2023-09-05,17.4,2025-04-07,37.99,2026-07-02,941.0,47.26,2026-01-12,2026-02-11,77.98,2025-12-19,2026-03-24,83.25,2025-11-13,2026-05-18,173.33,2025-04-04,2026-04-08,ok
INTA,INTA,"Intapp, Inc.",Finance,7372,SERVICES-PREPACKAGED SOFTWARE,2021-06-30,2021-07-06,True,77.74,2025-02-14,13.52,2022-06-17,27.39,2026-07-02,1254.0,46.28,2023-02-06,2023-03-08,84.49,2022-11-14,2023-02-15,202.26,2022-09-06,2023-03-08,248.96,2022-06-16,2023-06-20,ok
BTSG,BTSG,"BrightSpring Health Services, Inc.",Healthcare,8082,SERVICES-HOME HEALTH CARE SERVICES,2024-01-26,2024-01-26,False,70.905,2026-07-02,7.85,2024-03-15,69.03,2026-07-02,610.0,52.5,2025-04-21,2025-05-20,70.71,2025-08-04,2025-10-31,110.57,2024-08-02,2025-02-04,210.3,2025-06-17,2026-06-18,ok
CRC,CRC,California Resources Corp.,Energy,1311,CRUDE PETROLEUM & NATURAL GAS,2020-10-28,2021-07-06,True,71.98,2026-03-31,24.8801,2021-07-20,51.26,2026-07-02,1254.0,49.62,2021-08-18,2021-09-17,71.04,2021-07-22,2021-10-20,74.49,2021-07-19,2022-01-14,105.4,2025-04-08,2026-04-10,ok
PAY,PAY,"Paymentus Holdings, Inc.",Finance,7389,"SERVICES-BUSINESS SERVICES, NEC",2021-05-26,2021-07-06,True,40.4326,2025-05-16,6.75,2022-12-27,27.06,2026-07-02,1254.0,58.66,2024-02-22,2024-03-22,84.55,2024-09-06,2024-12-05,116.87,2023-03-13,2023-09-12,241.15,2023-03-13,2024-03-13,ok
DNB^25,DNB,"Dun & Bradstreet Holdings, Inc.",Technology,7320,"SERVICES-CONSUMER CREDIT REPORTING, COLLECTION AGENCIES",2020-07-01,2021-07-06,True,21.88,2021-07-06,7.78,2025-03-13,9.15,2025-08-25,1040.0,29.98,2024-07-05,2024-08-05,34.59,2023-10-31,2024-02-01,38.23,2024-06-18,2024-12-17,35.73,2023-10-31,2024-10-31,ok
RUM,RUM,"RUM Group, Inc.",Technology,7370,"SERVICES-COMPUTER PROGRAMMING, DATA PROCESSING, ETC.",2022-09-19,2022-09-19,False,17.4,2024-12-27,3.33,2024-01-12,6.16,2026-07-02,950.0,122.57,2024-11-25,2024-12-26,209.32,2024-09-26,2024-12-26,183.94,2024-06-27,2024-12-26,270.32,2024-01-18,2025-01-21,ok
SNREY^25,SNREY,Sunrise Communications AG,Telecommunications,,,,,,,,,,,,,,,,,,,,,,,,,ticker_not_found
AVPT,AVPT,"AvePoint, Inc.",Technology,7372,SERVICES-PREPACKAGED SOFTWARE,2021-07-02,2021-07-06,True,20.245,2025-05-13,3.4,2022-10-13,11.46,2026-07-02,1254.0,56.01,2024-10-23,2024-11-21,71.63,2024-08-26,2024-11-22,108.96,2024-06-07,2024-12-06,152.47,2024-02-13,2025-02-14,ok
SOUN,SOUN,"SoundHound AI, Inc.",Technology,7372,SERVICES-PREPACKAGED SOFTWARE,2022-04-28,2022-04-28,False,24.98,2024-12-26,0.93,2022-12-22,6.55,2026-07-02,1048.0,349.51,2023-01-09,2023-02-08,401.05,2024-09-27,2024-12-27,507.27,2024-06-27,2024-12-26,1037.56,2023-12-26,2024-12-26,ok
CLBT,CLBT,Cellebrite DI Ltd.,Business Services,,,2021-08-31,2021-08-31,False,26.3,2025-02-06,3.8,2022-10-03,15.65,2026-07-02,1214.0,37.92,2022-01-28,2022-03-01,62.36,2024-06-03,2024-09-03,109.68,2024-08-05,2025-02-05,186.51,2023-10-27,2024-10-29,ok
RELY,RELY,"Remitly Global, Inc.",Finance,7389,"SERVICES-BUSINESS SERVICES, NEC",2021-09-23,2021-09-23,False,53.65,2021-09-23,6.66,2022-05-12,23.75,2026-07-02,1198.0,53.66,2024-10-10,2024-11-08,91.92,2026-02-03,2026-05-05,115.4,2023-02-21,2023-08-22,181.24,2022-10-14,2023-10-17,ok
YOU,YOU,"Clear Secure, Inc.",Technology,7372,SERVICES-PREPACKAGED SOFTWARE,2021-06-30,2021-07-06,True,65.7,2021-08-09,15.2801,2023-10-06,53.79,2026-07-02,1254.0,63.55,2026-02-23,2026-03-24,91.76,2026-02-04,2026-05-06,123.81,2024-05-08,2024-11-06,150.75,2025-05-19,2026-05-20,ok
QS,QS,QuantumScape Corp.,Industrials,3690,"MISCELLANEOUS ELECTRICAL MACHINERY, EQUIPMENT & SUPPLIES",2020-11-27,2021-07-06,True,43.08,2021-11-15,3.4,2025-04-08,7.07,2026-07-02,1254.0,246.1,2025-06-17,2025-07-18,296.75,2025-04-16,2025-07-18,370.98,2025-04-15,2025-10-15,238.35,2024-10-29,2025-10-31,ok
GPOR,GPOR,Gulfport Energy Corp.,Energy,1311,CRUDE PETROLEUM & NATURAL GAS,2021-05-18,2021-07-06,True,225.78,2025-12-01,60.15,2023-02-08,168.87,2026-07-02,1254.0,32.78,2022-02-24,2022-03-25,65.37,2023-02-17,2023-05-19,81.51,2023-02-08,2023-08-10,129.79,2023-02-17,2024-02-21,ok
ACLX^26,ACLX,"Arcellx, Inc.",Healthcare,2836,"BIOLOGICAL PRODUCTS, (NO DIAGNOSTIC SUBSTANCES)",2022-02-04,2022-02-04,False,115.13,2026-04-16,6.035,2022-05-17,115.07,2026-04-27,1059.0,174.8,2022-05-11,2022-06-10,166.3,2022-05-18,2022-08-18,189.61,2022-05-17,2022-11-15,474.34,2022-05-18,2023-05-19,ok
TBBB,TBBB,"BBB Foods, Inc.",Consumer Non-Cyclicals,,,2024-02-09,2024-02-09,False,43.81,2026-06-18,18.71,2024-02-12,42.07,2026-07-02,600.0,37.09,2024-04-25,2024-05-24,47.11,2025-11-13,2026-02-17,70.71,2024-04-16,2024-10-15,63.11,2025-06-18,2026-06-22,ok
ZGN,ZGN,Ermenegildo Zegna NV,Consumer Cyclicals,,,2021-12-20,2021-12-20,False,16.36,2023-08-10,6.05,2025-04-09,13.17,2026-07-02,1137.0,34.72,2024-01-24,2024-02-23,51.55,2026-03-13,2026-06-12,63.92,2025-04-08,2025-10-08,86.25,2025-04-08,2026-04-10,ok
ZETA,ZETA,Zeta Global Holdings Corp.,Technology,7372,SERVICES-PREPACKAGED SOFTWARE,2021-06-10,2021-07-06,True,38.2,2024-11-11,4.09,2022-07-05,20.7,2026-07-02,1254.0,72.27,2022-07-14,2022-08-12,92.06,2024-07-11,2024-10-09,183.83,2024-04-02,2024-10-01,350.25,2023-11-09,2024-11-11,ok
IREN,IREN,IREN Ltd.,Finance,6199,FINANCE SERVICES,2021-11-17,2021-11-17,False,76.87,2025-11-05,1.02,2022-12-28,38.82,2026-07-02,1159.0,181.31,2024-05-14,2024-06-13,311.85,2025-08-05,2025-11-03,1147.34,2025-04-15,2025-10-15,885.14,2025-05-05,2026-05-06,ok
RSI,RSI,"Rush Street Interactive, Inc.",Consumer Services,7990,SERVICES-MISCELLANEOUS AMUSEMENT & RECREATION,2020-12-30,2021-07-06,True,31.85,2026-06-29,2.77,2023-04-06,31.68,2026-07-02,1254.0,59.73,2021-08-20,2021-09-21,118.35,2021-07-23,2021-10-21,175.61,2024-01-12,2024-07-16,310.3,2024-01-12,2025-01-15,ok
CNXC,CNXC,Concentrix Corp.,Technology,7389,"SERVICES-BUSINESS SERVICES, NEC",2020-11-16,2021-07-06,True,208.48,2022-02-10,19.12,2026-06-30,23.6,2026-07-02,1254.0,43.13,2025-02-26,2025-03-27,55.26,2024-12-23,2025-03-27,49.52,2024-11-19,2025-05-23,3.92,2024-10-22,2025-10-24,ok
EE,EE,"Excelerate Energy, Inc.",Energy,4924,NATURAL GAS DISTRIBUTION,2022-04-13,2022-04-13,False,43.175,2026-03-03,13.38,2024-02-14,37.99,2026-07-02,1058.0,33.77,2026-01-12,2026-02-11,79.13,2024-09-06,2024-12-05,85.33,2024-06-14,2024-12-13,127.0,2024-01-16,2025-01-16,ok
COMP,COMP,"Compass, Inc. (New York)",Finance,6531,REAL ESTATE AGENTS & MANAGERS (FOR OTHERS),2021-04-01,2021-07-06,True,17.7,2021-08-13,1.815,2023-11-01,12.62,2026-07-02,1254.0,114.41,2023-01-03,2023-02-02,104.23,2023-11-09,2024-02-12,126.15,2023-11-13,2024-05-15,259.79,2023-11-09,2024-11-11,ok
EBC,EBC,"Eastern Bankshares, Inc.",Finance,6035,"SAVINGS INSTITUTION, FEDERALLY CHARTERED",2020-10-15,2021-07-06,True,22.89,2026-07-02,9.93,2023-05-04,22.36,2026-07-02,1254.0,27.46,2024-06-21,2024-07-23,36.04,2023-05-04,2023-08-04,45.64,2025-08-07,2026-02-06,65.29,2023-11-09,2024-11-11,ok
DLO,DLO,dLocal Ltd.,Finance,,,2021-06-03,2021-07-06,True,73.43,2021-09-01,6.5749,2024-08-05,14.88,2026-07-02,1254.0,68.58,2023-08-10,2023-09-11,117.01,2023-06-05,2023-09-05,91.9,2024-08-05,2025-02-05,104.12,2024-08-12,2025-08-14,ok
ECG,ECG,"Everus Construction Group, Inc.",Industrials,1531,OPERATIVE BUILDERS,2024-10-28,2024-11-01,True,171.577,2026-05-06,31.38,2025-04-04,138.26,2026-07-02,416.0,65.03,2025-04-21,2025-05-20,97.41,2026-02-04,2026-05-06,154.98,2025-04-21,2025-10-20,281.7,2025-04-04,2026-04-08,ok
INTR,INTR,"Inter & Co., Inc.",Finance,,,2022-06-23,2022-06-23,False,10.36,2026-01-29,1.37,2023-03-23,5.47,2026-07-02,1010.0,85.8,2023-05-05,2023-06-06,140.76,2023-04-24,2023-07-25,197.52,2023-04-26,2023-10-25,322.86,2023-03-23,2024-03-25,ok
AI,AI,"C3.ai, Inc.",Technology,7372,SERVICES-PREPACKAGED SOFTWARE,2020-12-09,2021-07-06,True,61.8,2021-07-06,7.675,2026-03-30,9.06,2026-07-02,1254.0,154.86,2023-01-05,2023-02-06,207.98,2022-12-29,2023-03-31,278.72,2023-01-06,2023-07-11,190.67,2022-12-27,2023-12-28,ok
SHC,SHC,Sotera Health Co.,Healthcare,8090,"SERVICES-MISC HEALTH & ALLIED SERVICES, NEC",2020-11-20,2021-07-06,True,27.38,2021-11-04,5.78,2022-11-09,17.93,2026-07-02,1254.0,124.38,2022-12-20,2023-01-23,195.29,2022-11-17,2023-02-21,156.42,2022-10-11,2023-04-13,134.12,2022-11-17,2023-11-20,ok
ASAN,ASAN,"Asana, Inc.",Technology,7372,SERVICES-PREPACKAGED SOFTWARE,2020-09-30,2021-07-06,True,145.7899,2021-11-15,5.38,2026-04-13,7.34,2026-07-02,1254.0,92.99,2024-11-14,2024-12-16,128.95,2024-09-17,2024-12-16,129.33,2024-06-17,2024-12-16,56.98,2023-01-09,2024-01-10,ok
NCNO,NCNO,"nCino, Inc.",Finance,7372,SERVICES-PREPACKAGED SOFTWARE,2020-07-14,2021-07-06,True,79.4299,2021-09-17,13.8,2026-02-23,17.75,2026-07-02,1254.0,31.43,2023-06-14,2023-07-17,44.56,2022-05-11,2022-08-11,47.72,2023-03-20,2023-09-19,67.17,2023-03-28,2024-03-28,ok
DAVE,DAVE,"Dave, Inc.",Finance,6199,FINANCE SERVICES,2022-01-06,2022-01-06,False,491.0688,2022-02-02,4.4668,2023-05-10,387.36,2026-07-02,1125.0,177.08,2024-01-05,2024-02-06,488.89,2023-12-05,2024-03-07,859.05,2023-10-26,2024-04-29,1639.04,2023-11-13,2024-11-13,ok
RGTI,RGTI,"Rigetti Computing, Inc.",Technology,7371,SERVICES-COMPUTER PROGRAMMING SERVICES,2022-03-02,2022-03-02,False,58.1501,2025-10-14,0.3601,2023-05-04,17.94,2026-07-02,1088.0,722.31,2024-11-18,2024-12-18,2516.43,2024-10-02,2025-01-02,1983.33,2024-07-03,2025-01-02,7328.19,2024-10-10,2025-10-14,ok
PRCT,PRCT,PROCEPT BioRobotics Corp.,Healthcare,3841,SURGICAL & MEDICAL INSTRUMENTS & APPARATUS,2021-09-15,2021-09-15,False,103.8099,2024-11-11,15.38,2022-01-24,21.03,2026-07-02,1204.0,66.62,2022-02-23,2022-03-24,114.98,2022-01-24,2022-04-25,143.51,2023-10-30,2024-05-01,273.76,2023-10-30,2024-10-30,ok
ASO,ASO,"Academy Sports & Outdoors, Inc.",Consumer Cyclicals,5940,RETAIL-MISCELLANEOUS SHOPPING GOODS STORES,2020-10-02,2021-07-06,True,75.73,2024-03-05,25.1,2022-05-25,47.84,2026-07-02,1254.0,39.91,2022-05-24,2022-06-24,63.67,2022-05-24,2022-08-24,84.03,2022-05-24,2022-11-22,103.27,2022-03-07,2023-03-08,ok
CXT,CXT,Crane NXT Co.,Technology,3490,MISCELLANEOUS FABRICATED METAL PRODUCTS,2023-03-29,2023-04-04,True,69.0,2025-10-09,35.705,2026-06-03,52.5,2026-07-02,814.0,43.99,2026-06-02,2026-07-02,39.79,2025-04-08,2025-07-10,62.45,2025-04-08,2025-10-08,45.16,2023-04-05,2024-04-08,ok
BNL,BNL,"Broadstone Net Lease, Inc.",Finance,6798,REAL ESTATE INVESTMENT TRUSTS,2020-09-17,2021-07-06,True,28.0,2021-09-03,13.68,2023-10-27,21.25,2026-07-02,1254.0,17.55,2023-11-13,2023-12-13,25.82,2024-04-26,2024-07-29,30.72,2024-04-17,2024-10-16,35.33,2025-04-08,2026-04-10,ok
GBTG,GBTG,"Global Business Travel Group, Inc.",Consumer Services,4700,TRANSPORTATION SERVICES,2022-05-27,2022-05-31,True,9.6,2024-11-25,4.26,2022-11-17,9.4,2026-07-02,1026.0,72.08,2026-04-07,2026-05-06,89.94,2026-02-23,2026-05-22,61.92,2024-05-24,2024-11-22,68.98,2023-11-13,2024-11-13,ok
MLTX,MLTX,MoonLake Immunotherapeutics,Healthcare,2834,PHARMACEUTICAL PREPARATIONS,2022-04-06,2022-04-06,False,64.98,2024-02-12,4.25,2022-05-16,18.95,2026-07-02,1062.0,124.85,2023-06-16,2023-07-19,202.52,2023-04-14,2023-07-17,430.85,2023-01-26,2023-07-28,1002.26,2022-07-18,2023-07-19,ok
ALIT,ALIT,"Alight, Inc.",Technology,7389,"SERVICES-BUSINESS SERVICES, NEC",2021-07-06,2021-07-06,False,266.8,2021-09-10,9.576,2026-04-09,14.26,2026-07-02,1254.0,84.07,2026-04-07,2026-05-06,38.07,2023-10-27,2024-01-30,46.6,2023-10-05,2024-04-08,41.95,2022-07-15,2023-07-18,ok
KGS,KGS,"Kodiak Gas Services, Inc.",Energy,4922,NATURAL GAS TRANSMISSION,2023-06-29,2023-06-29,False,77.68,2026-05-20,15.05,2023-07-05,67.94,2026-07-02,755.0,46.15,2026-01-12,2026-02-11,74.17,2026-01-12,2026-04-14,127.09,2025-11-13,2026-05-18,142.29,2023-12-11,2024-12-11,ok
PPLI,PPLI,"People, Inc.",Technology,7370,"SERVICES-COMPUTER PROGRAMMING, DATA PROCESSING, ETC.",2020-07-01,2026-06-04,True,46.88,2026-07-01,41.05,2026-06-23,46.75,2026-07-02,20.0,,,,,,,,,,,,,ok
ALKT,ALKT,"Alkami Technology, Inc.",Finance,7372,SERVICES-PREPACKAGED SOFTWARE,2021-04-14,2021-07-06,True,42.29,2024-11-25,9.23,2022-05-10,19.02,2026-07-02,1254.0,44.41,2023-05-02,2023-06-01,58.8,2022-05-11,2022-08-11,75.51,2023-08-15,2024-02-14,142.42,2023-05-02,2024-05-02,ok
VAL,VAL,Valaris Ltd.,Energy,1381,DRILLING OIL & GAS WELLS,2021-05-03,2021-07-06,True,114.12,2026-05-18,23.02,2021-08-19,75.35,2026-07-02,1254.0,76.78,2026-01-23,2026-02-24,105.57,2025-12-23,2026-03-26,112.64,2025-08-20,2026-02-20,238.08,2025-04-04,2026-04-08,ok
HAYW,HAYW,"Hayward Holdings, Inc.",Consumer Cyclicals,3580,REFRIGERATION & SERVICE INDUSTRY MACHINERY,2021-03-12,2021-07-06,True,28.65,2021-11-18,7.97,2022-10-21,16.97,2026-07-02,1254.0,48.4,2022-12-30,2023-02-01,59.41,2022-10-20,2023-01-23,43.91,2022-10-20,2023-04-24,60.89,2022-09-26,2023-09-27,ok
LMND,LMND,"Lemonade, Inc.",Finance,6331,"FIRE, MARINE & CASUALTY INSURANCE",2020-07-02,2021-07-06,True,107.355,2021-07-06,10.265,2023-10-30,71.52,2026-07-02,1254.0,176.83,2024-10-25,2024-11-25,182.57,2024-08-28,2024-11-26,213.81,2024-05-31,2024-11-29,290.71,2024-08-09,2025-08-13,ok
ATMU,ATMU,"Atmus Filtration Technologies, Inc.",Industrials,3714,MOTOR VEHICLE PARTS & ACCESSORIES,2023-05-26,2023-05-26,False,66.5,2026-02-25,18.21,2023-11-01,49.71,2026-07-02,777.0,43.26,2024-03-04,2024-04-03,46.78,2024-01-04,2024-04-05,64.82,2023-10-31,2024-05-02,127.96,2023-11-08,2024-11-08,ok
MRX,MRX,Marex Group plc,Finance,,,2024-04-25,2024-04-25,False,67.35,2026-06-24,18.13,2024-06-05,62.52,2026-07-02,548.0,52.0,2026-03-13,2026-04-14,84.65,2026-03-20,2026-06-22,89.41,2024-08-05,2025-02-05,154.37,2024-05-09,2025-05-13,ok
HSAI,HSAI,Hesai Group,Technology,,,2023-02-09,2023-02-09,False,30.85,2025-09-22,3.28,2024-02-02,17.19,2026-07-02,851.0,241.18,2024-11-15,2024-12-17,364.07,2024-11-18,2025-02-21,552.57,2024-09-06,2025-03-11,680.1,2024-09-12,2025-09-16,ok
BRZE,BRZE,"Braze, Inc.",Technology,7372,SERVICES-PREPACKAGED SOFTWARE,2021-11-17,2021-11-17,False,98.7799,2021-11-22,15.26,2026-02-23,23.81,2026-07-02,1159.0,43.47,2022-06-13,2022-07-14,69.1,2022-05-12,2022-08-12,75.44,2022-12-28,2023-06-30,127.21,2022-12-05,2023-12-06,ok
DRVN,DRVN,"Driven Brands Holdings, Inc.",Consumer Cyclicals,7500,"SERVICES-AUTOMOTIVE REPAIR, SERVICES & PARKING",2021-01-15,2021-07-06,True,35.45,2022-09-12,9.8,2026-02-25,14.47,2026-07-02,1254.0,28.92,2026-03-13,2026-04-14,35.9,2024-05-23,2024-08-23,54.5,2024-06-11,2024-12-10,67.04,2024-05-22,2025-05-27,ok
CRGY,CRGY,Crescent Energy Co.,Energy,1311,CRUDE PETROLEUM & NATURAL GAS,2021-12-08,2021-12-08,False,19.65,2022-04-18,6.83,2025-04-09,9.34,2026-07-02,1145.0,37.6,2022-07-14,2022-08-12,66.26,2026-01-05,2026-04-07,68.22,2025-10-30,2026-05-04,74.76,2025-04-08,2026-04-10,ok
KYMR,KYMR,"Kymera Therapeutics, Inc.",Healthcare,2836,"BIOLOGICAL PRODUCTS, (NO DIAGNOSTIC SUBSTANCES)",2020-08-21,2021-07-06,True,130.05,2026-06-25,9.6,2023-11-02,113.51,2026-07-02,1254.0,83.5,2023-10-27,2023-11-28,199.0,2023-10-27,2024-01-30,223.81,2023-11-01,2024-05-03,342.02,2023-10-27,2024-10-29,ok
WNS^25,WNS,WNS (Holdings) Ltd.,Business Services,7389,"SERVICES-BUSINESS SERVICES, NEC",2024-03-28,2024-03-28,False,76.48,2025-10-16,39.845,2024-04-26,76.48,2025-10-16,390.0,38.01,2025-01-10,2025-02-11,54.07,2025-01-10,2025-04-11,72.92,2025-01-10,2025-07-15,61.27,2024-10-10,2025-10-14,ok
MQ,MQ,"Marqeta, Inc.",Finance,7372,SERVICES-PREPACKAGED SOFTWARE,2021-06-09,2021-07-06,True,151.6,2021-10-27,13.48,2024-11-05,17.41,2026-07-02,1254.0,61.17,2022-05-09,2022-06-08,66.99,2025-05-07,2025-08-07,78.77,2025-02-26,2025-08-27,62.98,2023-03-23,2024-03-25,ok
FA,FA,First Advantage Corp.,Business Services,7374,SERVICES-COMPUTER PROCESSING & DATA PREPARATION,2021-06-23,2021-07-06,True,24.73,2021-09-13,8.82,2026-02-24,20.53,2026-07-02,1254.0,46.75,2026-04-10,2026-05-11,83.63,2026-04-01,2026-07-02,37.6,2025-12-30,2026-07-02,46.36,2023-10-13,2024-10-15,ok
ACVA,ACVA,"ACV Auctions, Inc.",Technology,7389,"SERVICES-BUSINESS SERVICES, NEC",2021-03-24,2021-07-06,True,24.94,2021-07-06,4.065,2026-03-27,7.3,2026-07-02,1254.0,59.53,2025-11-06,2025-12-08,73.49,2026-03-27,2026-06-29,142.49,2022-11-09,2023-05-12,178.43,2022-07-14,2023-07-17,ok
CON,CON,"Concentra Group Holdings Parent, Inc.",Healthcare,8093,"SERVICES-SPECIALTY OUTPATIENT FACILITIES, NEC",2024-07-25,2024-07-25,False,31.93,2026-07-02,18.545,2025-11-06,31.91,2026-07-02,486.0,27.18,2026-06-02,2026-07-02,50.31,2026-04-01,2026-07-02,59.87,2025-12-30,2026-07-02,53.12,2025-07-01,2026-07-02,ok
ALHC,ALHC,"Alignment Healthcare, Inc.",Healthcare,6324,HOSPITAL & MEDICAL SERVICE PLANS,2021-03-26,2021-07-06,True,24.3,2026-07-02,4.46,2024-04-03,23.8,2026-07-02,1254.0,80.53,2026-06-01,2026-07-01,109.55,2024-04-15,2024-07-16,152.01,2024-04-03,2024-10-02,314.71,2024-04-10,2025-04-11,ok
PRVA,PRVA,"Privia Health Group, Inc.",Healthcare,8000,SERVICES-HEALTH SERVICES,2021-04-29,2021-07-06,True,47.77,2021-07-23,15.92,2024-05-21,27.36,2026-07-02,1254.0,47.28,2021-10-08,2021-11-08,102.08,2022-05-11,2022-08-11,93.72,2022-03-14,2022-09-13,66.23,2021-10-11,2022-10-11,ok
WRBY,WRBY,"Warby Parker, Inc.",Consumer Cyclicals,3851,OPHTHALMIC GOODS,2021-09-29,2021-09-29,False,60.3,2021-11-12,9.5,2023-03-20,29.26,2026-07-02,1194.0,73.94,2025-11-11,2025-12-11,77.56,2024-09-06,2024-12-05,103.15,2024-08-13,2025-02-13,133.56,2023-11-27,2024-11-26,ok
DOCN,DOCN,"DigitalOcean Holdings, Inc.",Technology,7370,"SERVICES-COMPUTER PROGRAMMING, DATA PROCESSING, ETC.",2021-03-24,2021-07-06,True,187.5,2026-06-17,19.39,2023-11-01,130.13,2026-07-02,1254.0,116.72,2026-04-14,2026-05-13,235.31,2026-03-05,2026-06-04,304.53,2025-12-02,2026-06-04,550.41,2025-06-13,2026-06-16,ok
APGE,APGE,"Apogee Therapeutics, Inc.",Healthcare,2836,"BIOLOGICAL PRODUCTS, (NO DIAGNOSTIC SUBSTANCES)",2023-07-14,2023-07-14,False,133.85,2026-07-02,14.19,2023-11-10,132.91,2026-07-02,745.0,96.56,2024-02-12,2024-03-13,234.93,2023-12-11,2024-03-13,255.97,2023-11-10,2024-05-14,279.54,2023-11-09,2024-11-11,ok
GENI,GENI,Genius Sports Ltd.,Technology,,,2021-04-21,2021-07-06,True,24.14,2021-09-09,2.2,2022-06-30,6.43,2026-07-02,1254.0,97.47,2022-07-18,2022-08-16,113.51,2023-05-01,2023-08-01,127.2,2022-07-28,2023-01-27,237.29,2022-07-11,2023-07-12,ok
OGN,OGN,Organon & Co.,Healthcare,2834,PHARMACEUTICAL PREPARATIONS,2021-05-14,2021-07-06,True,39.475,2022-03-02,5.69,2026-03-30,13.55,2026-07-02,1254.0,134.04,2026-03-30,2026-04-29,137.54,2026-03-30,2026-06-30,109.62,2025-10-29,2026-05-01,66.67,2025-05-14,2026-05-15,ok
TMC,TMC,"TMC the metals co., Inc.",Non-Energy Materials,1000,METAL MINING,2021-09-10,2021-09-10,False,15.39,2021-09-13,0.511,2022-12-23,4.23,2026-07-02,1207.0,295.71,2023-06-07,2023-07-10,332.53,2025-03-26,2025-06-26,933.1,2024-12-19,2025-06-25,969.0,2024-10-09,2025-10-13,ok
WGS,WGS,GeneDx Holdings Corp.,Healthcare,8000,SERVICES-HEALTH SERVICES,2021-07-23,2023-01-10,True,170.87,2025-12-02,1.16,2023-11-16,67.51,2026-07-02,872.0,198.67,2023-12-07,2024-01-09,538.83,2023-12-13,2024-03-15,1791.34,2023-11-14,2024-05-16,6229.03,2023-11-13,2024-11-13,ok
WRD,WRD,"WeRide, Inc.",Industrials,,,2024-10-25,2024-10-25,False,44.0,2025-02-18,5.18,2026-06-26,5.52,2026-07-02,421.0,220.13,2025-01-16,2025-02-18,115.39,2024-11-14,2025-02-19,74.93,2025-04-29,2025-10-28,19.15,2025-05-01,2026-05-04,ok
RXO,RXO,"RXO, Inc.",Industrials,4700,TRANSPORTATION SERVICES,2022-10-27,2022-11-01,True,32.82,2024-07-31,10.425,2025-11-18,26.61,2026-07-02,919.0,58.25,2026-05-14,2026-06-15,135.73,2026-03-12,2026-06-11,138.55,2025-11-20,2026-05-26,81.66,2025-06-06,2026-06-09,ok
RNW,RNW,ReNew Energy Global Plc,Utilities,,,2021-08-24,2021-08-24,False,12.3,2021-09-29,4.035,2023-03-02,6.09,2026-07-02,1219.0,51.26,2022-01-26,2022-02-25,55.81,2023-10-05,2024-01-05,47.7,2023-02-28,2023-08-29,54.98,2023-03-01,2024-03-01,ok
DV,DV,"DoubleVerify Holdings, Inc.",Consumer Services,7370,"SERVICES-COMPUTER PROGRAMMING, DATA PROCESSING, ETC.",2021-04-21,2021-07-06,True,43.0,2024-02-26,7.64,2025-11-07,11.44,2026-07-02,1254.0,34.33,2023-05-05,2023-06-06,56.55,2023-10-26,2024-01-29,81.53,2022-12-28,2023-06-30,84.47,2022-06-16,2023-06-20,ok
CURB,CURB,Curbline Properties Corp.,Finance,6500,REAL ESTATE,2024-09-26,2024-10-01,True,31.87,2026-06-26,20.16,2024-10-01,30.34,2026-07-02,439.0,18.49,2026-01-27,2026-02-26,23.43,2026-03-26,2026-06-26,36.88,2025-12-23,2026-06-26,40.4,2025-06-25,2026-06-26,ok
PAYO,PAYO,"Payoneer Global, Inc.",Finance,7389,"SERVICES-BUSINESS SERVICES, NEC",2021-06-28,2021-07-06,True,11.29,2024-11-25,3.325,2022-05-12,7.09,2026-07-02,1254.0,52.61,2026-05-15,2026-06-16,86.11,2022-05-12,2022-08-12,111.9,2024-08-05,2025-02-05,128.27,2024-01-17,2025-01-17,ok
PCT,PCT,"Purecycle Technologies, Inc.",Business Services,2821,"PLASTIC MATERIALS, SYNTH RESINS & NONVULCAN ELASTOMERS",2021-03-18,2021-07-06,True,22.78,2021-07-06,2.385,2024-01-12,7.61,2026-07-02,1254.0,100.0,2024-09-09,2024-10-08,190.03,2025-04-21,2025-07-22,199.79,2024-04-30,2024-10-29,317.64,2023-11-09,2024-11-11,ok
DFH,DFH,"Dream Finders Homes, Inc.",Consumer Cyclicals,1531,OPERATIVE BUILDERS,2021-01-21,2021-07-06,True,44.38,2024-03-28,8.17,2022-12-28,16.79,2026-07-02,1254.0,50.19,2023-11-28,2023-12-28,108.0,2023-03-21,2023-06-21,193.79,2022-12-28,2023-06-30,324.49,2022-12-28,2023-12-29,ok
RDW,RDW,Redwire Corp.,Industrials,3760,GUIDED MISSILES & SPACE VEHICLES & PARTS,2021-09-03,2021-09-03,False,26.66,2025-01-31,1.67,2022-12-28,11.31,2026-07-02,1211.0,186.5,2026-04-28,2026-05-28,210.66,2024-10-31,2025-02-04,380.52,2025-11-24,2026-05-28,748.23,2024-01-30,2025-01-31,ok
SKWD,SKWD,"Skyward Specialty Insurance Group, Inc.",Finance,6331,"FIRE, MARINE & CASUALTY INSURANCE",2023-01-13,2023-01-13,False,65.05,2025-06-02,17.5,2023-01-20,61.42,2026-07-02,869.0,39.27,2026-06-02,2026-07-02,42.87,2026-03-27,2026-06-29,57.06,2023-09-11,2024-03-12,100.16,2023-03-17,2024-03-19,ok
CSAN,CSAN,Cosan SA,Utilities,,,2021-03-08,2021-07-06,True,21.3,2021-07-29,2.52,2026-06-11,2.88,2026-07-02,1254.0,50.0,2025-08-19,2025-09-18,46.4,2023-03-23,2023-06-23,44.8,2023-03-21,2023-09-20,35.78,2022-07-22,2023-07-25,ok
SOC,SOC,Sable Offshore Corp.,Energy,1311,CRUDE PETROLEUM & NATURAL GAS,2021-04-19,2024-02-15,True,35.0,2025-05-19,2.88,2026-06-30,4.25,2026-07-02,596.0,160.09,2025-12-02,2026-01-02,215.76,2025-12-10,2026-03-13,263.72,2025-11-14,2026-05-19,167.59,2024-05-15,2025-05-19,ok
HTZ,HTZ,"Hertz Global Holdings, Inc.",Consumer Cyclicals,7510,SERVICES-AUTO RENTAL & LEASING (NO DRIVERS),2021-06-30,2021-11-09,True,28.0,2021-11-09,2.09,2026-07-02,2.12,2026-07-02,1165.0,162.12,2025-03-25,2025-04-24,121.82,2025-03-25,2025-06-25,191.25,2024-10-21,2025-04-24,144.27,2024-09-10,2025-09-12,ok
HG,HG,Hamilton Insurance Group Ltd.,Finance,6331,"FIRE, MARINE & CASUALTY INSURANCE",2023-11-10,2023-11-10,False,34.71,2026-07-02,12.44,2024-04-10,34.44,2026-07-02,661.0,29.58,2024-04-10,2024-05-09,32.81,2024-06-26,2024-09-25,51.38,2024-03-26,2024-09-25,81.45,2025-04-21,2026-04-22,ok
GCMG,GCMG,"GCM Grosvenor, Inc.",Finance,6282,INVESTMENT ADVICE,2020-11-18,2021-07-06,True,14.48,2025-02-20,6.26,2022-06-16,12.91,2026-07-02,1254.0,26.16,2022-07-14,2022-08-12,32.41,2026-04-01,2026-07-02,36.87,2024-08-08,2025-02-10,68.74,2024-02-15,2025-02-19,ok
NATL,NATL,NCR Atleos Corp.,Technology,3578,CALCULATING & ACCOUNTING MACHINES (NO ELECTRONIC COMPUTERS),2023-10-11,2023-10-17,True,48.5,2026-03-04,18.415,2024-03-22,44.57,2026-07-02,679.0,50.3,2025-07-24,2025-08-22,63.39,2024-04-17,2024-07-18,73.71,2025-04-08,2025-10-08,91.42,2025-04-08,2026-04-10,ok
BTDR,BTDR,Bitdeer Technologies Group,Finance,,,2023-04-14,2023-04-14,False,27.8,2025-10-15,2.77,2023-10-23,13.85,2026-07-02,807.0,227.03,2023-11-27,2023-12-27,275.81,2024-10-03,2025-01-03,259.72,2025-04-15,2025-10-15,268.6,2023-12-06,2024-12-06,ok
CXM,CXM,"Sprinklr, Inc.",Technology,7372,SERVICES-PREPACKAGED SOFTWARE,2021-06-23,2021-07-06,True,23.4899,2021-07-12,4.715,2026-04-23,5.41,2026-07-02,1254.0,36.73,2023-01-06,2023-02-07,68.73,2022-12-28,2023-03-30,86.73,2023-01-10,2023-07-13,101.45,2022-12-05,2023-12-06,ok
PAX,PAX,Patria Investments Ltd.,Finance,,,2021-01-22,2021-07-06,True,19.4899,2021-11-18,9.43,2025-04-09,11.1,2026-07-02,1254.0,31.75,2025-04-21,2025-05-20,43.39,2025-04-08,2025-07-10,51.86,2025-04-21,2025-10-20,54.93,2025-01-14,2026-01-15,ok
DBD,DBD,"Diebold Nixdorf, Inc.",Technology,3578,CALCULATING & ACCOUNTING MACHINES (NO ELECTRONIC COMPUTERS),2023-08-14,2023-08-14,False,89.05,2026-04-23,16.5,2023-09-07,83.16,2026-07-02,724.0,45.31,2023-11-08,2023-12-08,76.97,2023-10-20,2024-01-23,113.32,2023-11-07,2024-05-09,160.52,2023-11-06,2024-11-06,ok
SLVM,SLVM,Sylvamo Corp.,Non-Energy Materials,2621,PAPER MILLS,2021-09-14,2021-10-01,True,98.02,2024-11-11,23.1,2021-10-06,38.54,2026-07-02,1192.0,45.17,2022-07-15,2022-08-15,68.79,2022-03-04,2022-06-03,69.31,2021-12-06,2022-06-07,117.33,2023-11-08,2024-11-08,ok
ROOT,ROOT,"Root, Inc.",Finance,6331,"FIRE, MARINE & CASUALTY INSURANCE",2020-10-28,2021-07-06,True,181.14,2025-03-24,3.31,2023-03-15,61.73,2026-07-02,1254.0,548.36,2024-02-15,2024-03-18,851.83,2024-02-08,2024-05-09,833.56,2023-10-04,2024-04-05,1781.49,2023-04-05,2024-04-08,ok
BKV,BKV,BKV Corp.,Energy,1311,CRUDE PETROLEUM & NATURAL GAS,2024-09-26,2024-09-26,False,32.81,2026-03-02,15.0,2025-04-09,27.35,2026-07-02,442.0,38.44,2025-10-17,2025-11-17,49.16,2025-10-28,2026-01-29,55.47,2025-10-28,2026-04-30,77.23,2025-04-08,2026-04-10,ok
PRM,PRM,"Perimeter Solutions, Inc.",Non-Energy Materials,2800,CHEMICALS & ALLIED PRODUCTS,2021-11-09,2021-11-09,False,38.17,2026-06-18,2.79,2023-11-01,33.92,2026-07-02,1165.0,51.26,2022-11-03,2022-12-05,85.66,2025-06-02,2025-09-02,152.94,2025-05-01,2025-10-30,365.31,2023-11-02,2024-11-04,ok
NAMS,NAMS,NewAmsterdam Pharma Co. NV,Healthcare,2834,PHARMACEUTICAL PREPARATIONS,2022-11-23,2022-11-23,False,42.205,2026-05-11,5.6326,2023-10-26,34.83,2026-07-02,903.0,117.88,2023-12-22,2024-01-25,275.16,2023-10-24,2024-01-25,267.73,2023-10-25,2024-04-26,219.23,2023-10-25,2024-10-25,ok
AVDX^25,AVDX,"AvidXchange Holdings, Inc.",Technology,7372,SERVICES-PREPACKAGED SOFTWARE,2021-10-13,2021-10-13,False,27.435,2021-11-19,5.86,2022-06-30,10.0,2025-10-14,1005.0,49.3,2023-05-02,2023-06-01,73.4,2023-05-01,2023-08-01,66.77,2022-07-25,2023-01-24,84.67,2022-07-25,2023-07-26,ok
PACS,PACS,"PACS Group, Inc.",Healthcare,8051,SERVICES-SKILLED NURSING CARE FACILITIES,2024-04-11,2024-04-11,False,45.2,2026-07-02,7.5,2025-09-09,44.48,2026-07-02,558.0,224.77,2025-11-13,2025-12-15,303.63,2025-09-10,2025-12-09,336.96,2025-09-10,2026-03-12,307.93,2025-04-21,2026-04-22,ok
COCO,COCO,"The Vita Coco Co., Inc.",Consumer Non-Cyclicals,2080,BEVERAGES,2021-10-21,2021-10-21,False,85.83,2026-06-18,7.39,2022-11-09,66.16,2026-07-02,1178.0,69.24,2026-04-22,2026-05-21,86.52,2022-11-09,2023-02-10,193.74,2022-11-09,2023-05-12,247.89,2022-11-09,2023-11-10,ok
MCW^26,MCW,"Mister Car Wash, Inc.",Consumer Cyclicals,7500,"SERVICES-AUTOMOTIVE REPAIR, SERVICES & PARKING",2021-06-25,2021-07-06,True,24.4899,2021-07-26,4.61,2025-10-14,7.1,2026-05-18,1223.0,54.62,2023-11-01,2023-12-01,74.5,2023-11-01,2024-02-02,49.57,2025-10-13,2026-04-15,59.24,2023-11-01,2024-11-01,ok
AEVA,AEVA,"Aeva Technologies, Inc.",Technology,3714,MOTOR VEHICLE PARTS & ACCESSORIES,2021-03-15,2021-07-06,True,57.4,2021-07-12,2.2007,2024-07-05,23.98,2026-07-02,1254.0,183.01,2025-03-13,2025-04-11,863.43,2025-03-18,2025-06-17,741.65,2024-12-24,2025-06-30,1399.6,2024-06-26,2025-06-30,ok
ZIM,ZIM,ZIM Integrated Shipping Services Ltd.,Industrials,,,2021-01-28,2021-07-06,True,91.23,2022-03-17,6.39,2023-11-28,25.57,2026-07-02,1254.0,100.14,2023-12-05,2024-01-05,122.03,2024-04-02,2024-07-02,228.98,2023-11-28,2024-05-30,284.76,2023-11-20,2024-11-20,ok
CGON,CGON,"CG Oncology, Inc.",Healthcare,2836,"BIOLOGICAL PRODUCTS, (NO DIAGNOSTIC SUBSTANCES)",2024-01-25,2024-01-25,False,77.0,2026-06-30,14.8,2025-04-09,70.36,2026-07-02,611.0,54.78,2025-04-08,2025-05-08,74.35,2026-01-05,2026-04-07,161.13,2025-04-08,2025-10-08,334.25,2025-04-08,2026-04-10,ok
CTRI,CTRI,"Centuri Holdings, Inc.",Industrials,4923,NATURAL GAS TRANSMISSION & DISTRIBUTION,2024-04-18,2024-04-18,False,42.985,2026-05-06,14.455,2025-04-04,27.39,2026-07-02,553.0,38.37,2026-04-06,2026-05-05,59.83,2025-11-20,2026-02-24,107.03,2025-11-03,2026-05-06,127.05,2025-05-05,2026-05-06,ok
RXRX,RXRX,"Recursion Pharmaceuticals, Inc.",Healthcare,2836,"BIOLOGICAL PRODUCTS, (NO DIAGNOSTIC SUBSTANCES)",2021-04-16,2021-07-06,True,42.81,2021-07-13,2.77,2026-05-19,3.8,2026-07-02,1254.0,99.18,2023-06-23,2023-07-25,196.02,2023-04-28,2023-07-31,123.99,2022-05-16,2022-11-14,103.94,2023-02-24,2024-02-27,ok
MSGE,MSGE,Madison Square Garden Entertainment Corp.,Consumer Services,7990,SERVICES-MISCELLANEOUS AMUSEMENT & RECREATION,2023-04-17,2023-04-17,False,82.79,2026-07-01,27.55,2023-11-07,78.39,2026-07-02,806.0,30.0,2023-05-12,2023-06-13,45.33,2026-03-27,2026-06-29,75.27,2025-08-18,2026-02-18,109.69,2025-04-08,2026-04-10,ok
NN,NN,"NextNav, Inc.",Technology,3812,"SEARCH, DETECTION, NAVIGATION, GUIDANCE, AERONAUTICAL SYS",2021-10-29,2021-10-29,False,24.42,2026-06-04,1.59,2023-03-24,16.28,2026-07-02,1172.0,114.17,2024-03-07,2024-04-08,151.2,2024-01-26,2024-04-26,219.77,2023-03-23,2023-09-22,351.76,2023-05-02,2024-05-02,ok
LUNR,LUNR,"Intuitive Machines, Inc.",Industrials,3812,"SEARCH, DETECTION, NAVIGATION, GUIDANCE, AERONAUTICAL SYS",2023-02-14,2023-02-14,False,136.0,2023-02-22,2.0894,2024-01-04,19.58,2026-07-02,848.0,321.07,2024-01-19,2024-02-20,270.03,2023-11-16,2024-02-20,509.75,2024-07-05,2025-01-03,931.28,2024-01-04,2025-01-06,ok
ENVX,ENVX,Enovix Corp.,Consumer Non-Cyclicals,3690,"MISCELLANEOUS ELECTRICAL MACHINERY, EQUIPMENT & SUPPLIES",2021-07-15,2021-07-15,False,34.545,2021-11-22,4.6113,2025-04-08,5.36,2026-07-02,1247.0,150.05,2022-07-15,2022-08-15,204.63,2025-04-16,2025-07-18,179.37,2023-01-30,2023-08-01,136.02,2022-07-12,2023-07-13,ok
IHS,IHS,IHS Holding Ltd.,Telecommunications,,,2021-10-14,2021-10-14,False,18.48,2021-10-14,2.18,2024-03-12,8.22,2026-07-02,1183.0,49.44,2025-03-04,2025-04-02,80.55,2024-12-30,2025-04-02,142.25,2024-11-13,2025-05-19,163.41,2025-01-31,2026-02-03,ok
IRON,IRON,"Disc Medicine, Inc.",Healthcare,2834,PHARMACEUTICAL PREPARATIONS,2021-02-08,2022-12-30,True,99.5,2025-12-08,15.0,2022-12-30,76.26,2026-07-02,878.0,62.22,2023-05-25,2023-06-27,150.76,2023-03-22,2023-06-22,165.32,2023-03-10,2023-09-11,245.29,2023-01-05,2024-01-08,ok
CERT,CERT,"Certara, Inc.",Healthcare,7372,SERVICES-PREPACKAGED SOFTWARE,2020-12-11,2021-07-06,True,45.48,2021-11-04,4.45,2026-05-15,6.97,2026-07-02,1254.0,64.23,2022-11-04,2022-12-06,78.87,2022-11-04,2023-02-07,115.96,2022-10-24,2023-04-26,29.75,2022-04-28,2023-05-01,ok
HRMY,HRMY,"Harmony Biosciences Holdings, Inc.",Healthcare,2834,PHARMACEUTICAL PREPARATIONS,2020-08-19,2021-07-06,True,62.085,2022-12-05,18.6112,2023-10-13,37.26,2026-07-02,1254.0,51.51,2023-10-27,2023-11-28,65.57,2023-10-27,2024-01-30,70.27,2022-05-09,2022-11-07,116.09,2023-10-27,2024-10-29,ok
PLGO,PLGO,Pelagos Insurance Capital Ltd.,Finance,,,2023-06-29,2026-05-12,True,25.6,2026-07-02,20.0,2026-05-12,25.56,2026-07-02,36.0,18.94,2026-06-02,2026-07-02,,,,,,,,,,ok
PL,PL,Planet Labs PBC,Technology,3663,RADIO & TV BROADCASTING & COMMUNICATIONS EQUIPMENT,2021-12-08,2021-12-08,False,51.76,2026-05-28,1.67,2024-04-30,31.38,2026-07-02,1145.0,137.0,2025-09-04,2025-10-03,191.86,2024-10-31,2025-02-04,413.16,2025-04-08,2025-10-08,1271.74,2025-05-23,2026-05-27,ok
PHIN,PHIN,"PHINIA, Inc.",Industrials,3714,MOTOR VEHICLE PARTS & ACCESSORIES,2023-06-28,2023-07-05,True,86.935,2026-06-15,23.46,2023-11-13,75.71,2026-07-02,752.0,26.14,2024-10-25,2024-11-25,53.51,2025-11-20,2026-02-24,83.74,2023-11-13,2024-05-15,120.84,2023-11-09,2024-11-11,ok
SPRY,SPRY,"ARS Pharmaceuticals, Inc.",Healthcare,2834,PHARMACEUTICAL PREPARATIONS,2022-11-09,2022-11-09,False,18.9,2025-06-27,2.55,2023-09-20,8.56,2026-07-02,912.0,68.8,2025-11-20,2025-12-22,117.49,2023-11-09,2024-02-12,208.22,2023-09-20,2024-03-21,409.91,2023-11-09,2024-11-11,ok
CNTA^26,CNTA,Centessa Pharmaceuticals Plc,Healthcare,2834,PHARMACEUTICAL PREPARATIONS,2021-05-28,2021-07-06,True,40.56,2026-06-23,2.885,2022-06-03,40.5,2026-06-23,1247.0,80.5,2022-06-06,2022-07-07,116.84,2023-04-11,2023-07-12,158.31,2023-01-09,2023-07-12,271.84,2023-02-15,2024-02-16,ok
VITL,VITL,"Vital Farms, Inc.",Consumer Non-Cyclicals,2000,FOOD AND KINDRED PRODUCTS,2020-07-31,2021-07-06,True,53.125,2025-08-27,7.89,2022-06-29,12.76,2026-07-02,1254.0,65.16,2022-07-14,2022-08-12,148.01,2024-02-08,2024-05-09,229.01,2023-11-27,2024-05-29,314.52,2023-07-14,2024-07-16,ok
PWP,PWP,Perella Weinberg Partners,Finance,6199,FINANCE SERVICES,2021-06-25,2021-07-06,True,27.03,2025-01-22,5.47,2022-07-11,16.47,2026-07-02,1254.0,43.11,2022-07-11,2022-08-09,56.86,2022-10-11,2023-01-11,83.74,2022-07-14,2023-01-12,146.09,2023-11-06,2024-11-06,ok
GRAL,GRAL,"GRAIL, Inc.",Healthcare,8071,SERVICES-MEDICAL LABORATORIES,2024-06-12,2024-06-25,True,118.84,2026-01-22,12.33,2024-10-07,69.11,2026-07-02,507.0,212.97,2025-01-15,2025-02-14,264.61,2024-11-12,2025-02-14,257.5,2024-08-14,2025-02-14,638.24,2024-11-20,2025-11-24,ok
MSDL,MSDL,Morgan Stanley Direct Lending Fund,Finance,,,2024-01-24,2024-01-24,False,24.18,2024-06-21,13.66,2026-04-02,15.4,2026-07-02,612.0,13.97,2026-04-01,2026-05-01,17.73,2024-02-29,2024-05-30,7.74,2024-07-25,2025-01-27,4.49,2024-02-26,2025-02-27,ok
XMTR,XMTR,"Xometry, Inc.",Technology,7389,"SERVICES-BUSINESS SERVICES, NEC",2021-06-30,2021-07-06,True,99.8599,2026-06-01,11.08,2024-07-01,91.815,2026-07-02,1254.0,110.4,2026-04-29,2026-05-29,158.01,2026-03-30,2026-06-30,289.01,2024-07-01,2024-12-30,277.88,2024-08-07,2025-08-11,ok
BBAI,BBAI,"BigBear.ai Holdings, Inc.",Industrials,7372,SERVICES-PREPACKAGED SOFTWARE,2021-12-08,2021-12-08,False,16.12,2022-04-06,0.58,2022-12-30,3.53,2026-07-02,1145.0,704.16,2023-01-05,2023-02-06,453.41,2024-11-08,2025-02-12,664.06,2024-08-13,2025-02-13,495.8,2024-08-07,2025-08-11,ok
TARS,TARS,"Tarsus Pharmaceuticals, Inc.",Healthcare,2836,"BIOLOGICAL PRODUCTS, (NO DIAGNOSTIC SUBSTANCES)",2020-10-16,2021-07-06,True,85.25,2025-12-09,10.8001,2022-05-09,65.44,2026-07-02,1254.0,52.29,2024-01-09,2024-02-08,130.38,2023-11-28,2024-02-29,168.88,2023-10-13,2024-04-16,225.98,2023-11-01,2024-11-01,ok
SVV,SVV,"Savers Value Village, Inc.",Consumer Non-Cyclicals,5900,RETAIL-MISCELLANEOUS RETAIL,2023-06-29,2023-06-29,False,26.88,2023-08-24,6.48,2025-03-11,9.97,2026-07-02,755.0,54.46,2025-04-08,2025-05-08,64.55,2023-11-13,2024-02-14,94.43,2025-03-28,2025-09-29,45.32,2024-09-09,2025-09-11,ok
WS,WS,"Worthington Steel, Inc.",Non-Energy Materials,3310,"STEEL WORKS, BLAST FURNACES & ROLLING & FINISHING MILLS",2023-11-28,2023-12-01,True,49.17,2026-02-11,21.0,2023-12-04,32.02,2026-07-02,647.0,39.59,2024-10-10,2024-11-08,55.36,2025-11-06,2026-02-09,62.63,2025-08-08,2026-02-09,101.4,2023-12-01,2024-12-03,ok
SDRL,SDRL,Seadrill Ltd.,Energy,1381,DRILLING OIL & GAS WELLS,2022-06-02,2022-10-14,True,56.46,2024-07-26,17.74,2025-04-09,39.87,2026-07-02,931.0,39.64,2023-01-04,2023-02-03,63.86,2025-04-08,2025-07-10,85.01,2025-11-13,2026-05-18,151.83,2025-04-08,2026-04-10,ok
PGY,PGY,Pagaya Technologies Ltd.,Finance,6199,FINANCE SERVICES,2022-06-23,2022-06-23,False,414.0,2022-08-02,6.8412,2022-12-16,17.79,2026-07-02,1010.0,769.17,2022-07-18,2022-08-16,258.64,2025-04-22,2025-07-23,310.13,2025-03-13,2025-09-12,242.02,2024-09-12,2025-09-16,ok
AESI,AESI,"Atlas Energy Solutions, Inc.",Energy,1311,CRUDE PETROLEUM & NATURAL GAS,2023-03-09,2023-03-09,False,26.86,2025-01-28,7.6417,2025-11-24,14.47,2026-07-02,832.0,72.22,2026-04-06,2026-05-05,89.76,2026-02-25,2026-05-27,130.99,2025-11-17,2026-05-20,56.57,2025-05-07,2026-05-08,ok
AMPL,AMPL,"Amplitude, Inc.",Technology,7372,SERVICES-PREPACKAGED SOFTWARE,2021-09-28,2021-09-28,False,87.98,2021-11-04,5.51,2026-04-13,8.84,2026-07-02,1195.0,72.64,2021-10-11,2021-11-09,63.55,2025-04-21,2025-07-22,67.52,2024-08-19,2025-02-20,63.21,2024-08-05,2025-08-07,ok
SG,SG,"Sweetgreen, Inc.",Consumer Services,5812,RETAIL-EATING PLACES,2021-11-18,2021-11-18,False,56.2,2021-11-18,4.49,2026-03-30,8.77,2026-07-02,1158.0,123.58,2024-02-23,2024-03-25,192.39,2024-02-20,2024-05-20,259.96,2023-11-09,2024-05-13,360.81,2023-11-27,2024-11-26,ok
IMCR,IMCR,Immunocore Holdings plc,Healthcare,2836,"BIOLOGICAL PRODUCTS, (NO DIAGNOSTIC SUBSTANCES)",2021-02-05,2021-07-06,True,76.98,2024-02-01,18.43,2022-01-21,32.5,2026-07-02,1254.0,58.66,2022-06-14,2022-07-15,107.59,2022-05-12,2022-08-12,150.02,2022-02-23,2022-08-24,210.35,2022-01-20,2023-01-23,ok
LZ,LZ,"LegalZoom.com, Inc.",Consumer Non-Cyclicals,7374,SERVICES-COMPUTER PROCESSING & DATA PREPARATION,2021-06-30,2021-07-06,True,40.705,2021-08-10,5.22,2026-06-22,6.92,2026-07-02,1254.0,60.71,2023-05-05,2023-06-06,107.23,2023-05-04,2023-08-04,87.61,2023-01-30,2023-08-01,94.62,2024-08-14,2025-08-18,ok
VSXY,VSXY,Victoria's Secret & Co.,Consumer Cyclicals,5621,RETAIL-WOMEN'S CLOTHING STORES,2021-07-21,2026-06-02,True,88.57,2026-06-26,72.0,2026-06-03,76.71,2026-07-02,22.0,-4.18,2026-06-02,2026-07-02,,,,,,,,,,ok
NABL,NABL,"N-able, Inc.",Technology,7372,SERVICES-PREPACKAGED SOFTWARE,2021-07-09,2021-07-20,True,15.85,2021-07-20,2.92,2026-06-18,4.11,2026-07-02,1244.0,29.26,2025-04-21,2025-05-20,53.93,2023-02-21,2023-05-22,47.72,2023-01-10,2023-07-13,70.26,2022-07-14,2023-07-17,ok
GPGI,GPGI,"GPGI, Inc.",Business Services,6199,FINANCE SERVICES,2021-12-28,2026-01-23,True,25.93,2026-01-23,11.22,2026-06-10,16.75,2026-07-02,111.0,40.28,2026-06-02,2026-07-02,-1.93,2026-04-01,2026-07-02,,,,,,,ok
OLO^25,OLO,"Olo, Inc.",Consumer Services,7389,"SERVICES-BUSINESS SERVICES, NEC",2021-03-17,2021-07-06,True,49.0,2021-08-27,4.2,2024-07-10,10.26,2025-09-11,1052.0,57.21,2025-04-11,2025-05-13,73.63,2025-04-08,2025-07-10,89.28,2024-07-05,2025-01-03,138.12,2024-07-10,2025-07-14,ok
NNE,NNE,"NANO Nuclear Energy, Inc.",Industrials,4911,ELECTRIC SERVICES,2024-05-08,2024-05-08,False,60.87,2025-10-15,3.25,2024-05-14,20.03,2026-07-02,539.0,631.16,2024-05-23,2024-06-25,263.71,2024-09-06,2024-12-05,663.64,2024-05-24,2024-11-22,829.02,2024-05-21,2025-05-23,ok
FLYW,FLYW,Flywire Corp.,Finance,7389,"SERVICES-BUSINESS SERVICES, NEC",2021-05-26,2021-07-06,True,57.41,2021-10-14,8.2,2025-04-11,18.75,2026-07-02,1254.0,51.94,2021-08-04,2021-09-02,76.57,2021-07-16,2021-10-14,63.93,2022-11-07,2023-05-10,109.78,2022-06-16,2023-06-20,ok
BHVN,BHVN,Biohaven Ltd.,Healthcare,2834,PHARMACEUTICAL PREPARATIONS,2022-09-23,2022-09-23,False,152.56,2022-09-27,7.1,2022-10-04,15.96,2026-07-02,946.0,78.18,2023-05-12,2023-06-13,145.21,2023-09-26,2023-12-26,228.5,2023-09-19,2024-03-20,342.45,2023-03-10,2024-03-12,ok
VERA,VERA,"Vera Therapeutics, Inc.",Healthcare,2834,PHARMACEUTICAL PREPARATIONS,2021-05-14,2021-07-06,True,56.05,2025-12-24,5.2,2023-01-06,41.2,2026-07-02,1254.0,208.25,2024-01-18,2024-02-16,290.01,2023-11-09,2024-02-12,354.04,2023-11-02,2024-05-06,695.11,2023-04-11,2024-04-11,ok
HLMN,HLMN,Hillman Solutions Corp.,Non-Energy Materials,3420,"CUTLERY, HANDTOOLS & GENERAL HARDWARE",2021-07-15,2021-07-15,False,13.46,2021-08-13,6.02,2023-11-08,8.12,2026-07-02,1247.0,42.35,2022-12-27,2023-01-27,45.97,2025-06-18,2025-09-18,51.21,2023-11-01,2024-05-03,66.77,2023-11-09,2024-11-11,ok
EWTX,EWTX,"Edgewise Therapeutics, Inc.",Healthcare,2834,PHARMACEUTICAL PREPARATIONS,2021-03-26,2021-07-06,True,43.93,2026-06-25,5.12,2023-11-10,39.56,2026-07-02,1254.0,104.86,2024-01-11,2024-02-12,243.19,2023-11-10,2024-02-13,220.62,2023-10-02,2024-04-03,538.84,2023-11-10,2024-11-12,ok
NTST,NTST,NetSTREIT Corp.,Finance,6798,REAL ESTATE INVESTMENT TRUSTS,2020-08-13,2021-07-06,True,26.925,2021-08-05,13.42,2025-01-10,21.66,2026-07-02,1254.0,18.92,2023-11-30,2024-01-02,34.03,2023-10-19,2024-01-22,35.33,2025-02-12,2025-08-14,45.64,2025-02-12,2026-02-13,ok
SILA,SILA,"Sila Realty Trust, Inc.",Finance,6798,REAL ESTATE INVESTMENT TRUSTS,2020-08-04,2024-06-13,True,30.6299,2026-05-06,20.2,2024-06-13,30.36,2026-06-30,512.0,31.4,2026-03-26,2026-04-27,30.93,2026-03-26,2026-06-26,37.34,2025-12-09,2026-06-11,27.09,2025-06-25,2026-06-26,ok
KLG^25,KLG,WK Kellogg Co.,Consumer Non-Cyclicals,2040,GRAIN MILL PRODUCTS,2023-09-27,2023-10-02,True,24.629,2024-04-24,9.655,2023-10-12,23.0,2025-09-25,498.0,49.77,2025-06-25,2025-07-25,87.85,2024-02-06,2024-05-07,143.4,2023-10-24,2024-04-25,90.63,2023-11-30,2024-12-02,ok
COUR,COUR,"Coursera, Inc.",Consumer Non-Cyclicals,7372,SERVICES-PREPACKAGED SOFTWARE,2021-03-31,2021-07-06,True,43.78,2021-08-04,5.0,2026-04-24,5.9,2026-07-02,1254.0,64.92,2024-06-26,2024-07-26,60.65,2025-04-24,2025-07-25,79.78,2023-04-25,2023-10-24,82.18,2022-09-22,2023-09-25,ok
MBC,MBC,"MasterBrand, Inc.",Consumer Cyclicals,2511,"WOOD HOUSEHOLD FURNITURE, (NO UPHOLSTERED)",2022-12-09,2022-12-15,True,20.67,2024-11-06,6.605,2026-05-19,9.88,2026-07-02,888.0,42.97,2023-04-25,2023-05-24,63.34,2023-04-12,2023-07-13,65.56,2023-03-24,2023-09-25,159.78,2023-03-24,2024-03-26,ok
ARIS.3^25,ARIS.3,"Aris Water Solutions, Inc.",Energy,,,,,,,,,,,,,,,,,,,,,,,,,ticker_not_found
GRDN,GRDN,"Guardian Pharmacy Services, Inc.",Healthcare,5912,RETAIL-DRUG STORES AND PROPRIETARY STORES,2024-09-26,2024-09-26,False,44.0,2026-06-18,14.16,2024-09-26,42.0,2026-07-02,442.0,45.77,2025-08-11,2025-09-10,50.63,2025-06-13,2025-09-15,71.23,2025-10-07,2026-04-09,119.75,2025-06-16,2026-06-17,ok
JANX,JANX,"Janux Therapeutics, Inc.",Healthcare,2834,PHARMACEUTICAL PREPARATIONS,2021-06-11,2021-07-06,True,71.71,2024-12-05,5.65,2023-11-10,15.54,2026-07-02,1254.0,456.89,2024-01-31,2024-03-01,678.61,2024-02-02,2024-05-03,909.03,2023-11-01,2024-05-03,817.61,2023-11-09,2024-11-11,ok
DOLE,DOLE,Dole plc,Consumer Non-Cyclicals,0100,,2021-07-30,2021-07-30,False,17.66,2021-09-30,7.2,2022-10-03,14.02,2026-07-02,1236.0,37.5,2022-10-24,2022-11-22,42.9,2024-06-20,2024-09-19,66.93,2022-10-19,2023-04-21,59.18,2022-09-29,2023-10-02,ok
SEMR^26,SEMR,"SEMrush Holdings, Inc.",Technology,7372,SERVICES-PREPACKAGED SOFTWARE,2021-03-25,2021-07-06,True,32.479,2021-09-10,6.558,2025-11-06,12.0,2026-04-27,1208.0,75.7,2025-11-17,2025-12-17,75.11,2025-11-17,2026-02-19,87.82,2023-11-09,2024-05-13,110.74,2023-05-26,2024-05-29,ok
CDRE,CDRE,"Cadre Holdings, Inc.",Industrials,3842,"ORTHOPEDIC, PROSTHETIC & SURGICAL APPLIANCES & SUPPLIES",2021-11-04,2021-11-04,False,48.7599,2026-03-05,14.16,2021-11-04,29.44,2026-07-02,1168.0,43.75,2021-11-04,2021-12-06,50.98,2025-08-11,2025-11-07,71.22,2023-06-06,2023-12-05,96.21,2021-11-04,2022-11-04,ok
ACDC,ACDC,ProFrac Holding Corp.,Energy,1389,"OIL & GAS FIELD SERVICES, NEC",2022-05-13,2022-11-02,True,27.0,2022-11-11,3.08,2025-11-25,5.15,2026-07-02,918.0,119.62,2025-05-08,2025-06-09,82.6,2025-04-08,2025-07-10,122.04,2025-12-02,2026-06-04,76.39,2025-04-30,2026-05-01,ok
OUST,OUST,"Ouster, Inc.",Industrials,3569,"GENERAL INDUSTRIAL MACHINERY & EQUIPMENT, NEC",2021-03-12,2021-07-06,True,125.8,2021-07-12,3.21,2023-04-26,49.84,2026-07-02,1254.0,139.64,2025-05-21,2025-06-23,343.56,2025-04-16,2025-07-18,426.9,2025-04-15,2025-10-15,481.73,2024-09-18,2025-09-22,ok
BASE^25,BASE,"Couchbase, Inc.",Technology,7372,SERVICES-PREPACKAGED SOFTWARE,2021-07-22,2021-07-22,False,52.26,2021-08-31,10.19,2022-11-07,24.51,2025-09-23,1048.0,66.27,2021-08-02,2021-08-31,91.97,2023-11-02,2024-02-05,89.36,2023-08-17,2024-02-16,102.53,2023-03-20,2024-03-20,ok
IAS^25,IAS,Integral Ad Science Holding Corp.,Consumer Services,7370,"SERVICES-COMPUTER PROGRAMMING, DATA PROCESSING, ETC.",2021-06-30,2021-07-06,True,29.68,2021-11-11,6.2611,2025-04-21,10.34,2025-12-22,1123.0,40.34,2021-08-06,2021-09-07,80.84,2023-03-02,2023-06-01,138.9,2022-11-04,2023-05-09,118.93,2022-07-22,2023-07-25,ok
NVTS,NVTS,Navitas Semiconductor Corp.,Technology,3674,SEMICONDUCTORS & RELATED DEVICES,2021-01-25,2021-10-20,True,34.17,2026-06-03,1.52,2025-04-04,14.46,2026-07-02,1179.0,330.32,2025-05-09,2025-06-10,390.0,2025-04-22,2025-07-23,850.0,2025-04-21,2025-10-20,1431.41,2025-05-21,2026-05-22,ok
TIC,TIC,"TIC Solutions, Inc.",Business Services,7389,"SERVICES-BUSINESS SERVICES, NEC",2023-10-12,2025-02-18,True,14.9442,2025-09-29,6.36,2026-03-31,8.11,2026-07-02,345.0,45.83,2026-04-07,2026-05-06,38.7,2025-06-26,2025-09-25,54.52,2025-04-08,2025-10-08,2.49,2025-05-05,2026-05-06,ok
IE,IE,"Ivanhoe Electric, Inc.",Technology,1000,METAL MINING,2022-06-28,2022-06-28,False,21.55,2026-01-29,4.5,2025-04-04,9.51,2026-07-02,1007.0,86.57,2025-09-12,2025-10-13,125.74,2025-04-14,2025-07-16,229.5,2025-04-14,2025-10-14,235.14,2025-01-31,2026-02-03,ok
OPFI,OPFI,"OppFi, Inc.",Finance,6199,FINANCE SERVICES,2021-07-21,2021-07-21,False,17.7281,2025-02-07,1.7,2023-03-17,9.96,2026-07-02,1243.0,134.63,2025-01-07,2025-02-07,242.91,2024-11-05,2025-02-07,397.44,2024-08-05,2025-02-05,441.21,2024-02-06,2025-02-07,ok
MLNK^25,MLNK,"MeridianLink, Inc.",Finance,7372,SERVICES-PREPACKAGED SOFTWARE,2021-07-28,2021-07-28,False,29.0,2021-09-07,12.49,2022-11-08,20.01,2025-10-23,1066.0,39.02,2023-05-02,2023-06-01,57.98,2023-09-26,2023-12-26,57.21,2022-12-27,2023-06-29,95.22,2022-12-22,2023-12-26,ok
ARHS,ARHS,"Arhaus, Inc.",Consumer Cyclicals,5712,RETAIL-FURNITURE STORES,2021-11-04,2021-11-04,False,19.81,2024-06-07,4.23,2022-07-05,8.62,2026-07-02,1168.0,78.59,2022-07-15,2022-08-15,87.35,2022-10-20,2023-01-23,173.25,2022-07-14,2023-01-12,178.71,2023-06-01,2024-06-03,ok
BOW,BOW,"Bowhead Specialty Holdings, Inc.",Finance,6331,"FIRE, MARINE & CASUALTY INSURANCE",2024-05-23,2024-05-23,False,42.29,2025-03-28,21.21,2026-03-20,31.48,2026-07-02,528.0,29.97,2025-02-24,2025-03-25,41.23,2026-04-01,2026-07-02,50.37,2024-09-25,2025-03-28,55.66,2024-06-26,2025-06-30,ok
PRCH,PRCH,"Porch Group, Inc.",Finance,7372,SERVICES-PREPACKAGED SOFTWARE,2020-12-24,2021-07-06,True,27.5,2021-11-16,0.495,2023-10-25,15.19,2026-07-02,1254.0,204.96,2023-11-01,2023-12-01,371.27,2023-10-06,2024-01-08,558.32,2023-10-25,2024-04-26,1423.2,2024-09-04,2025-09-08,ok
CVAC^26,CVAC,CureVac NV,Healthcare,,,2020-08-14,2021-07-06,True,75.68,2021-08-26,2.215,2024-04-25,4.66,2026-01-05,1131.0,101.57,2022-12-28,2023-01-30,109.27,2025-04-04,2025-07-08,108.88,2025-04-04,2025-10-06,106.25,2024-11-21,2025-11-25,ok
GPCR,GPCR,"Structure Therapeutics, Inc.",Healthcare,2834,PHARMACEUTICAL PREPARATIONS,2023-02-03,2023-02-03,False,94.9,2025-12-08,13.22,2025-04-09,53.45,2026-07-02,855.0,119.46,2023-09-12,2023-10-11,241.27,2025-10-21,2026-01-22,415.61,2025-07-22,2026-01-21,285.32,2025-04-07,2026-04-09,ok
DEC,DEC,Diversified Energy Co.,Energy,1311,CRUDE PETROLEUM & NATURAL GAS,2018-10-16,2023-12-18,True,18.9,2026-03-31,10.08,2025-04-09,14.3,2026-07-02,636.0,39.33,2024-10-23,2024-11-21,49.15,2024-10-02,2025-01-02,42.15,2025-03-10,2025-09-09,57.1,2025-04-08,2026-04-10,ok
JAMF^26,JAMF,Jamf Holding Corp.,Technology,7372,SERVICES-PREPACKAGED SOFTWARE,2020-07-22,2021-07-06,True,49.27,2021-11-08,7.085,2025-08-07,13.05,2026-01-29,1148.0,34.92,2025-08-15,2025-09-16,80.11,2025-08-05,2025-11-03,61.51,2025-07-30,2026-01-29,18.11,2023-05-05,2024-05-07,ok
VTEX,VTEX,VTEX (Cayman Islands),Technology,,,2021-07-21,2021-07-21,False,33.36,2021-08-10,2.66,2022-07-14,4.14,2026-07-02,1243.0,56.01,2022-07-08,2022-08-08,62.0,2023-10-12,2024-01-12,79.69,2023-05-30,2023-11-28,163.16,2023-03-10,2024-03-12,ok
KLC,KLC,"KinderCare Learning Cos., Inc.",Consumer Non-Cyclicals,8351,SERVICES-CHILD DAY CARE SERVICES,2024-10-09,2024-10-09,False,29.89,2024-10-31,1.75,2026-03-16,4.85,2026-07-02,433.0,88.29,2026-03-27,2026-04-28,118.18,2026-03-31,2026-07-01,11.89,2025-12-29,2026-07-01,-51.65,2025-07-01,2026-07-02,ok
JBI,JBI,"Janus International Group, Inc.",Consumer Cyclicals,3442,"METAL DOORS, SASH, FRAMES, MOLDINGS & TRIM",2021-06-08,2021-07-06,True,15.94,2021-09-03,4.26,2026-05-12,5.35,2026-07-02,1254.0,46.2,2025-04-16,2025-05-16,57.63,2023-10-26,2024-01-29,63.7,2025-04-16,2025-10-16,68.43,2023-04-27,2024-04-29,ok
BBT,BBT,Beacon Financial Corp.,Finance,6036,"SAVINGS INSTITUTIONS, NOT FEDERALLY CHARTERED",1998-03-25,2025-09-02,True,32.83,2026-04-17,22.81,2025-10-30,30.22,2026-07-02,210.0,18.86,2026-01-07,2026-02-06,29.61,2025-11-18,2026-02-20,39.71,2025-10-16,2026-04-20,,,,ok
RPC,RPC,"Ridgepost Capital, Inc.",Finance,6282,INVESTMENT ADVICE,2021-10-21,2026-02-11,True,11.29,2026-02-11,6.79,2026-04-02,7.83,2026-07-02,98.0,23.41,2026-04-09,2026-05-08,15.03,2026-03-16,2026-06-15,,,,,,,ok
FLNC,FLNC,"Fluence Energy, Inc.",Industrials,3690,"MISCELLANEOUS ELECTRICAL MACHINERY, EQUIPMENT & SUPPLIES",2021-10-28,2021-10-28,False,39.4,2021-11-15,3.46,2025-04-21,17.0,2026-07-02,1173.0,185.87,2025-09-16,2025-10-15,268.43,2025-09-12,2025-12-11,483.4,2025-04-15,2025-10-15,493.83,2025-05-30,2026-06-02,ok
YALA,YALA,Yalla Group Ltd.,Technology,,,2020-09-30,2021-07-06,True,17.84,2021-07-06,3.0,2022-10-25,5.48,2026-07-02,1254.0,59.41,2022-12-27,2023-01-27,97.3,2025-01-27,2025-04-28,125.44,2025-02-03,2025-08-05,137.2,2024-08-05,2025-08-07,ok
IBTA,IBTA,"Ibotta, Inc.",Technology,7310,SERVICES-ADVERTISING,2024-04-18,2024-04-18,False,117.59,2024-04-18,19.1,2026-02-05,35.57,2026-07-02,553.0,45.68,2026-03-11,2026-04-10,91.06,2026-02-05,2026-05-07,73.21,2024-08-14,2025-02-14,-1.08,2025-07-01,2026-07-02,ok
DYN,DYN,"Dyne Therapeutics, Inc.",Healthcare,2834,PHARMACEUTICAL PREPARATIONS,2020-09-17,2021-07-06,True,47.45,2024-08-20,4.3,2022-06-02,23.07,2026-07-02,1254.0,103.78,2022-06-14,2022-07-15,219.94,2023-10-27,2024-01-30,282.33,2023-10-27,2024-04-30,385.89,2023-10-23,2024-10-23,ok
UDMY^26,UDMY,"Udemy, Inc.",Technology,8200,SERVICES-EDUCATIONAL SERVICES,2021-10-29,2021-10-29,False,32.62,2021-11-19,4.02,2026-04-24,4.63,2026-05-08,1135.0,67.23,2023-11-01,2023-12-01,68.34,2023-09-26,2023-12-26,54.38,2023-05-17,2023-11-15,50.1,2022-12-27,2023-12-28,ok
EVLV,EVLV,"Evolv Technologies Holdings, Inc.",Technology,3577,"COMPUTER PERIPHERAL EQUIPMENT, NEC",2021-07-19,2021-07-19,False,12.9,2021-07-19,1.57,2022-03-15,6.24,2026-07-02,1245.0,99.11,2024-11-05,2024-12-05,145.51,2023-03-10,2023-06-09,191.03,2025-03-13,2025-09-12,236.74,2024-10-31,2025-11-04,ok
USAR,USAR,"USA Rare Earth, Inc.",Non-Energy Materials,1000,METAL MINING,2025-03-14,2025-03-14,False,43.98,2025-10-13,5.56,2025-03-27,19.15,2026-07-02,327.0,175.11,2025-09-12,2025-10-13,190.1,2025-07-11,2025-10-09,365.46,2025-04-11,2025-10-13,264.68,2025-05-29,2026-06-01,ok
VERV^25,VERV,"Verve Therapeutics, Inc.",Healthcare,2834,PHARMACEUTICAL PREPARATIONS,2021-06-17,2021-07-06,True,78.0,2021-09-07,2.8647,2025-04-09,11.13,2025-07-24,1018.0,189.86,2022-06-16,2022-07-19,272.39,2025-04-08,2025-07-10,172.79,2022-04-29,2022-10-28,136.97,2024-06-27,2025-07-01,ok
