video_id,title,webpage_url,upload_date,timestamp,duration,channel,channel_id
JNVA5cd_m7M,Speculation money is back!,https://www.youtube.com/watch?v=JNVA5cd_m7M,20231215,1702652067,1645,Qullamaggie,UCLn8btkaQ5hVWNMt9TxQtsQ
TZnX1qEiOkM,EP party!,https://www.youtube.com/watch?v=TZnX1qEiOkM,20231201,1701443394,2876,Qullamaggie,UCLn8btkaQ5hVWNMt9TxQtsQ
VdQSDGZBLQE,"Market mechanics, setups and more",https://www.youtube.com/watch?v=VdQSDGZBLQE,20230609,1686322969,5836,Qullamaggie,UCLn8btkaQ5hVWNMt9TxQtsQ
SLhbpNuHegw,"EPs, AI and quantum computing stocks",https://www.youtube.com/watch?v=SLhbpNuHegw,20230608,1686236021,4691,Qullamaggie,UCLn8btkaQ5hVWNMt9TxQtsQ
C7ZZhSxYYLk,Zzzlow,https://www.youtube.com/watch?v=C7ZZhSxYYLk,20230605,1685973668,1815,Qullamaggie,UCLn8btkaQ5hVWNMt9TxQtsQ
30ksgwzWboo,Lots of fades,https://www.youtube.com/watch?v=30ksgwzWboo,20230602,1685715771,2275,Qullamaggie,UCLn8btkaQ5hVWNMt9TxQtsQ
1HFPeLD2zwc,"AI and the shittier the stock, the bigger the move.",https://www.youtube.com/watch?v=1HFPeLD2zwc,20230601,1685630053,3766,Qullamaggie,UCLn8btkaQ5hVWNMt9TxQtsQ
2UgJ5CvVVK4,EPs good follow through. AI and Quantum names waking up,https://www.youtube.com/watch?v=2UgJ5CvVVK4,20230523,1684851164,2407,Qullamaggie,UCLn8btkaQ5hVWNMt9TxQtsQ
8Pa6cllRZNw,May 22 Stream,https://www.youtube.com/watch?v=8Pa6cllRZNw,20230522,1684763748,1478,Qullamaggie,UCLn8btkaQ5hVWNMt9TxQtsQ
_y9Wo0eBP4A,"Episodic Pivots, Kenny boy and old times",https://www.youtube.com/watch?v=_y9Wo0eBP4A,20230519,1684508085,4485,Qullamaggie,UCLn8btkaQ5hVWNMt9TxQtsQ
1AJIzXSkfyM,Episodic Pivots galore,https://www.youtube.com/watch?v=1AJIzXSkfyM,20230518,1684419764,2974,Qullamaggie,UCLn8btkaQ5hVWNMt9TxQtsQ
GdMs1y_RTnM,New BULL?,https://www.youtube.com/watch?v=GdMs1y_RTnM,20230126,1674747109,3561,Qullamaggie,UCLn8btkaQ5hVWNMt9TxQtsQ
sN_vorSS83c,Gap down and bounce day,https://www.youtube.com/watch?v=sN_vorSS83c,20221117,1668699159,3587,Qullamaggie,UCLn8btkaQ5hVWNMt9TxQtsQ
xtDinDnf3-o,Gap and fade,https://www.youtube.com/watch?v=xtDinDnf3-o,20221104,1667587106,3313,Qullamaggie,UCLn8btkaQ5hVWNMt9TxQtsQ
9lzYgB-b9yE,I'm BACK! 2022-11-03,https://www.youtube.com/watch?v=9lzYgB-b9yE,20221104,1667571730,3370,Qullamaggie,UCLn8btkaQ5hVWNMt9TxQtsQ
faG8Mb_tV9g,Meltdown scenario or dhort term bottom?,https://www.youtube.com/watch?v=faG8Mb_tV9g,20220614,1655215421,1327,Qullamaggie,UCLn8btkaQ5hVWNMt9TxQtsQ
MWiFMdc6fBo,Speculation money coming back,https://www.youtube.com/watch?v=MWiFMdc6fBo,20220608,1654699300,3700,Qullamaggie,UCLn8btkaQ5hVWNMt9TxQtsQ
i0Iq83_54Xs,Energy sector going parabolic?,https://www.youtube.com/watch?v=i0Iq83_54Xs,20220607,1654614004,3571,Qullamaggie,UCLn8btkaQ5hVWNMt9TxQtsQ
ST8lvpOVjeM,Some things setting up,https://www.youtube.com/watch?v=ST8lvpOVjeM,20220606,1654527083,3037,Qullamaggie,UCLn8btkaQ5hVWNMt9TxQtsQ
aaIlqb7HUJQ,Some things setting up,https://www.youtube.com/watch?v=aaIlqb7HUJQ,20220606,1654526890,3037,Qullamaggie,UCLn8btkaQ5hVWNMt9TxQtsQ
Axs8VyUKFRk,Some things setting up,https://www.youtube.com/watch?v=Axs8VyUKFRk,20220606,1654526824,3037,Qullamaggie,UCLn8btkaQ5hVWNMt9TxQtsQ
eX7XDCdoa0c,How long will this bear market rally last?,https://www.youtube.com/watch?v=eX7XDCdoa0c,20220517,1652796328,1433,Qullamaggie,UCLn8btkaQ5hVWNMt9TxQtsQ
3ZRiHbMRr0w,Big opportunity awaits,https://www.youtube.com/watch?v=3ZRiHbMRr0w,20220510,,1986,Qullamaggie,UCLn8btkaQ5hVWNMt9TxQtsQ
NtIRVae1Igo,shortest stream ever?,https://www.youtube.com/watch?v=NtIRVae1Igo,20220506,1651844425,584,Qullamaggie,UCLn8btkaQ5hVWNMt9TxQtsQ
K4PzGs13b-4,no fat pitches,https://www.youtube.com/watch?v=K4PzGs13b-4,20220429,1651263712,2111,Qullamaggie,UCLn8btkaQ5hVWNMt9TxQtsQ
PquLytys1k4,patience is king,https://www.youtube.com/watch?v=PquLytys1k4,20220428,,2997,Qullamaggie,UCLn8btkaQ5hVWNMt9TxQtsQ
wPMNdbuaoJc,not many setups,https://www.youtube.com/watch?v=wPMNdbuaoJc,20220427,1651069272,803,Qullamaggie,UCLn8btkaQ5hVWNMt9TxQtsQ
Q-oK6u6tZ3M,not many setups,https://www.youtube.com/watch?v=Q-oK6u6tZ3M,20220427,1651068603,803,Qullamaggie,UCLn8btkaQ5hVWNMt9TxQtsQ
dtFCCcfgf3Y,not many setups,https://www.youtube.com/watch?v=dtFCCcfgf3Y,20220427,1651068303,803,Qullamaggie,UCLn8btkaQ5hVWNMt9TxQtsQ
uDfm0ClZ8yE,whoa things are slow,https://www.youtube.com/watch?v=uDfm0ClZ8yE,20220426,1650981420,961,Qullamaggie,UCLn8btkaQ5hVWNMt9TxQtsQ
s6jdpRmrGck,patience is king,https://www.youtube.com/watch?v=s6jdpRmrGck,20220425,1650895623,1835,Qullamaggie,UCLn8btkaQ5hVWNMt9TxQtsQ
BMl5Ml24crg,give us some trends,https://www.youtube.com/watch?v=BMl5Ml24crg,20220421,1650552758,2681,Qullamaggie,UCLn8btkaQ5hVWNMt9TxQtsQ
yn2pIMXdFg8,EP scan,https://www.youtube.com/watch?v=yn2pIMXdFg8,20220419,,2307,Qullamaggie,UCLn8btkaQ5hVWNMt9TxQtsQ
KQplQq01oy0,portfolio straight up,https://www.youtube.com/watch?v=KQplQq01oy0,20220418,,2399,Qullamaggie,UCLn8btkaQ5hVWNMt9TxQtsQ
mKkOtiFjc_E,New setups emerging,https://www.youtube.com/watch?v=mKkOtiFjc_E,20220414,,2116,Qullamaggie,UCLn8btkaQ5hVWNMt9TxQtsQ
n6Gm1mLN7T0,Fucked by the oil & gas sector this whole week,https://www.youtube.com/watch?v=n6Gm1mLN7T0,20220413,,3437,Qullamaggie,UCLn8btkaQ5hVWNMt9TxQtsQ
bnPcAPjdAz4,Not many easter setups,https://www.youtube.com/watch?v=bnPcAPjdAz4,20220412,,3281,Qullamaggie,UCLn8btkaQ5hVWNMt9TxQtsQ
TeWiXhJTeyI,Epic stream filled with wisdom on trading psychology and relationships,https://www.youtube.com/watch?v=TeWiXhJTeyI,20220406,,4029,Qullamaggie,UCLn8btkaQ5hVWNMt9TxQtsQ
fXN3uTL01f4,Let's go,https://www.youtube.com/watch?v=fXN3uTL01f4,20220405,1649170697,2761,Qullamaggie,UCLn8btkaQ5hVWNMt9TxQtsQ
CkJEeFvlDzc,Waiting for setups,https://www.youtube.com/watch?v=CkJEeFvlDzc,20220331,1648735306,1231,Qullamaggie,UCLn8btkaQ5hVWNMt9TxQtsQ
B2PcGc--FnM,Big bounce - now what?,https://www.youtube.com/watch?v=B2PcGc--FnM,20220330,1648651924,3439,Qullamaggie,UCLn8btkaQ5hVWNMt9TxQtsQ
Xsk8dD6eoEA,commodities boom,https://www.youtube.com/watch?v=Xsk8dD6eoEA,20220323,1648045557,2479,Qullamaggie,UCLn8btkaQ5hVWNMt9TxQtsQ
Fsh39kp9XPM,Commodities boom,https://www.youtube.com/watch?v=Fsh39kp9XPM,20220321,,3312,Qullamaggie,UCLn8btkaQ5hVWNMt9TxQtsQ
CRvSLzJs6i8,I'm back!,https://www.youtube.com/watch?v=CRvSLzJs6i8,20220318,1647612770,1769,Qullamaggie,UCLn8btkaQ5hVWNMt9TxQtsQ
te9tmNOA38I,Fuck Putin etc,https://www.youtube.com/watch?v=te9tmNOA38I,20220303,,1093,Qullamaggie,UCLn8btkaQ5hVWNMt9TxQtsQ
BAlC_cRvESM,Russia stocks going toward zero,https://www.youtube.com/watch?v=BAlC_cRvESM,20220302,1646235221,3035,Qullamaggie,UCLn8btkaQ5hVWNMt9TxQtsQ
BYPiofqBhvQ,Commodity leaders,https://www.youtube.com/watch?v=BYPiofqBhvQ,20220301,,2687,Qullamaggie,UCLn8btkaQ5hVWNMt9TxQtsQ
uX2B8fAMuLE,Back from Italy!,https://www.youtube.com/watch?v=uX2B8fAMuLE,20220228,,6073,Qullamaggie,UCLn8btkaQ5hVWNMt9TxQtsQ
X1Rp33_-R9E,"Thanks for joining, see you tomorrow!",https://www.youtube.com/watch?v=X1Rp33_-R9E,20220222,1645542284,1809,Qullamaggie,UCLn8btkaQ5hVWNMt9TxQtsQ
Cd_IXyHwO3o,What does $UPST do? It goes UP! (and DOWN),https://www.youtube.com/watch?v=Cd_IXyHwO3o,20220218,1645210486,2756,Qullamaggie,UCLn8btkaQ5hVWNMt9TxQtsQ
9uhm2AUgiOs,What does $UPST do? It goes UP! (for now),https://www.youtube.com/watch?v=9uhm2AUgiOs,20220217,,3613,Qullamaggie,UCLn8btkaQ5hVWNMt9TxQtsQ
xNL-i3acbVk,said lots of smart things today,https://www.youtube.com/watch?v=xNL-i3acbVk,20220216,,5890,Qullamaggie,UCLn8btkaQ5hVWNMt9TxQtsQ
rffHnm23pKo,Earnings season!,https://www.youtube.com/watch?v=rffHnm23pKo,20220211,,2667,Qullamaggie,UCLn8btkaQ5hVWNMt9TxQtsQ
0_inu2Isf4k,Lots of strength,https://www.youtube.com/watch?v=0_inu2Isf4k,20220210,1644516928,4231,Qullamaggie,UCLn8btkaQ5hVWNMt9TxQtsQ
Arr_nkWPTxw,Copper looks nice,https://www.youtube.com/watch?v=Arr_nkWPTxw,20220209,1644421254,2673,Qullamaggie,UCLn8btkaQ5hVWNMt9TxQtsQ
3wddoD1e4M0,Tax advice,https://www.youtube.com/watch?v=3wddoD1e4M0,20220208,,4287,Qullamaggie,UCLn8btkaQ5hVWNMt9TxQtsQ
HpTbfp7GE-o,Pro tip: Don't go nuts,https://www.youtube.com/watch?v=HpTbfp7GE-o,20220207,1644246321,2033,Qullamaggie,UCLn8btkaQ5hVWNMt9TxQtsQ
_QYrM9zyziM,Risk ON type of day,https://www.youtube.com/watch?v=_QYrM9zyziM,20220204,,3822,Qullamaggie,UCLn8btkaQ5hVWNMt9TxQtsQ
fF6Qn6PVgOo,Bounce already failing?,https://www.youtube.com/watch?v=fF6Qn6PVgOo,20220203,,3400,Qullamaggie,UCLn8btkaQ5hVWNMt9TxQtsQ
M0sdNhPWSaQ,Will this bounce stick or fail?,https://www.youtube.com/watch?v=M0sdNhPWSaQ,20220202,1643833186,4097,Qullamaggie,UCLn8btkaQ5hVWNMt9TxQtsQ
Gt8Xdva-ZfU,"New week, new opportunities",https://www.youtube.com/watch?v=Gt8Xdva-ZfU,20220201,,3309,Qullamaggie,UCLn8btkaQ5hVWNMt9TxQtsQ
v-7Af6D6xug,Rally attempt,https://www.youtube.com/watch?v=v-7Af6D6xug,20220131,1643642364,2639,Qullamaggie,UCLn8btkaQ5hVWNMt9TxQtsQ
ebdkz40-Qtw,Patience leads to big rewards,https://www.youtube.com/watch?v=ebdkz40-Qtw,20220128,1643381675,1223,Qullamaggie,UCLn8btkaQ5hVWNMt9TxQtsQ
-3qtA_s7g9c,Patience is King,https://www.youtube.com/watch?v=-3qtA_s7g9c,20220127,,2015,Qullamaggie,UCLn8btkaQ5hVWNMt9TxQtsQ
SEDkqyqb47I,Got my trading addiction out of the way for today,https://www.youtube.com/watch?v=SEDkqyqb47I,20220126,,3237,Qullamaggie,UCLn8btkaQ5hVWNMt9TxQtsQ
rfJA0q8Eytw,zz zz,https://www.youtube.com/watch?v=rfJA0q8Eytw,20220125,,1056,Qullamaggie,UCLn8btkaQ5hVWNMt9TxQtsQ
9fMlEFpX-W8,The big money is made after corrections,https://www.youtube.com/watch?v=9fMlEFpX-W8,20220124,1643039659,1651,Qullamaggie,UCLn8btkaQ5hVWNMt9TxQtsQ
8El034_4RlI,Please can we get some panic selling already?,https://www.youtube.com/watch?v=8El034_4RlI,20220121,,2911,Qullamaggie,UCLn8btkaQ5hVWNMt9TxQtsQ
u844Rmpyx_c,Not much out there,https://www.youtube.com/watch?v=u844Rmpyx_c,20220120,1642696566,2424,Qullamaggie,UCLn8btkaQ5hVWNMt9TxQtsQ
itch65Ezb1o,Who cares what I think,https://www.youtube.com/watch?v=itch65Ezb1o,20220118,,3727,Qullamaggie,UCLn8btkaQ5hVWNMt9TxQtsQ
IWVojo3OtW0,"Weak stuff weak, strong stuff strong",https://www.youtube.com/watch?v=IWVojo3OtW0,20220114,,2913,Qullamaggie,UCLn8btkaQ5hVWNMt9TxQtsQ
OM75fh5W6GA,Semiconductors setting up for a huge run?,https://www.youtube.com/watch?v=OM75fh5W6GA,20220113,1642085449,1202,Qullamaggie,UCLn8btkaQ5hVWNMt9TxQtsQ
zgX7rMRvvwI,Interesting opportunities setting up,https://www.youtube.com/watch?v=zgX7rMRvvwI,20220112,,2939,Qullamaggie,UCLn8btkaQ5hVWNMt9TxQtsQ
NL0rBEaJdMY,"Email David, he will explain all of my trades for the 20th time",https://www.youtube.com/watch?v=NL0rBEaJdMY,20220110,,1630,Qullamaggie,UCLn8btkaQ5hVWNMt9TxQtsQ
ZVR4j1waOR4,Let's get a real flush before a tradeable bounce,https://www.youtube.com/watch?v=ZVR4j1waOR4,20220106,,2927,Qullamaggie,UCLn8btkaQ5hVWNMt9TxQtsQ
0q9uAl-VmhQ,Leaders lead,https://www.youtube.com/watch?v=0q9uAl-VmhQ,20220105,,4565,Qullamaggie,UCLn8btkaQ5hVWNMt9TxQtsQ
QKz8DZZmB5I,High multiple stocks getting liquidated,https://www.youtube.com/watch?v=QKz8DZZmB5I,20220104,,3479,Qullamaggie,UCLn8btkaQ5hVWNMt9TxQtsQ
GN41jlRmaTE,"New year, same process!",https://www.youtube.com/watch?v=GN41jlRmaTE,20220103,1641233169,2689,Qullamaggie,UCLn8btkaQ5hVWNMt9TxQtsQ
zD-V-DyktqA,Today is a good day to get rid of your bagholds and develop sell rules for next year.,https://www.youtube.com/watch?v=zD-V-DyktqA,20211231,,5396,Qullamaggie,UCLn8btkaQ5hVWNMt9TxQtsQ
ipIiBdmTcEs,"Next year will be up, down, down, up, down, up? Your predictions?",https://www.youtube.com/watch?v=ipIiBdmTcEs,20211230,,5984,Qullamaggie,UCLn8btkaQ5hVWNMt9TxQtsQ
qYnoyJ42UmA,"Next year will be up, down, down, up, down, up? Your predictions?",https://www.youtube.com/watch?v=qYnoyJ42UmA,20211230,,5984,Qullamaggie,UCLn8btkaQ5hVWNMt9TxQtsQ
PZt8JCl6XZ4,Many bear flags,https://www.youtube.com/watch?v=PZt8JCl6XZ4,20211229,,5336,Qullamaggie,UCLn8btkaQ5hVWNMt9TxQtsQ
mXBtatnuvIY,Inactivity is the best type of trading,https://www.youtube.com/watch?v=mXBtatnuvIY,20211228,1640719203,6165,Qullamaggie,UCLn8btkaQ5hVWNMt9TxQtsQ
09TKTA0Oq4Y,Setups starting to develop,https://www.youtube.com/watch?v=09TKTA0Oq4Y,20211221,1640115105,5798,Qullamaggie,UCLn8btkaQ5hVWNMt9TxQtsQ
gtydUlCRtS4,Some positive signs,https://www.youtube.com/watch?v=gtydUlCRtS4,20211220,1640020904,3784,Qullamaggie,UCLn8btkaQ5hVWNMt9TxQtsQ
Quo56MNcUxA,Santa stopped buying,https://www.youtube.com/watch?v=Quo56MNcUxA,20211217,,4692,Qullamaggie,UCLn8btkaQ5hVWNMt9TxQtsQ
mgh2bYVKikE,Back to the rangebound chop,https://www.youtube.com/watch?v=mgh2bYVKikE,20211216,,5328,Qullamaggie,UCLn8btkaQ5hVWNMt9TxQtsQ
M-05qqa2fbQ,Slow grinding environment,https://www.youtube.com/watch?v=M-05qqa2fbQ,20211215,,3668,Qullamaggie,UCLn8btkaQ5hVWNMt9TxQtsQ
4avkUry3ZVk,Let's get a good Santa crasch?,https://www.youtube.com/watch?v=4avkUry3ZVk,20211214,,2520,Qullamaggie,UCLn8btkaQ5hVWNMt9TxQtsQ
-fI5dUtCWtM,Patience is King!,https://www.youtube.com/watch?v=-fI5dUtCWtM,20211213,1639408886,1299,Qullamaggie,UCLn8btkaQ5hVWNMt9TxQtsQ
I2tWoZPhZQU,zzzz,https://www.youtube.com/watch?v=I2tWoZPhZQU,20211210,,4338,Qullamaggie,UCLn8btkaQ5hVWNMt9TxQtsQ
EqDwqFhzAZ4,Not inspiring action in stocks,https://www.youtube.com/watch?v=EqDwqFhzAZ4,20211209,,4627,Qullamaggie,UCLn8btkaQ5hVWNMt9TxQtsQ
xLoQjzyOsnk,Santa Rally starting now!,https://www.youtube.com/watch?v=xLoQjzyOsnk,20211207,,5112,Qullamaggie,UCLn8btkaQ5hVWNMt9TxQtsQ
skSlWuPz3PQ,Small correction or big correction?,https://www.youtube.com/watch?v=skSlWuPz3PQ,20211206,1638804349,3060,Qullamaggie,UCLn8btkaQ5hVWNMt9TxQtsQ
1OewDiOH0w4,Give us a good washout! Need some panic for a tradeable bounce,https://www.youtube.com/watch?v=1OewDiOH0w4,20211203,,4313,Qullamaggie,UCLn8btkaQ5hVWNMt9TxQtsQ
ZpQ1I2LLHy0,Small caps holding weekly uptrend for now,https://www.youtube.com/watch?v=ZpQ1I2LLHy0,20211201,1638374474,4942,Qullamaggie,UCLn8btkaQ5hVWNMt9TxQtsQ
t5_1pbriFYo,Very few sectors working,https://www.youtube.com/watch?v=t5_1pbriFYo,20211130,1638292433,5194,Qullamaggie,UCLn8btkaQ5hVWNMt9TxQtsQ
QDYyiDbeVmU,Markets resilient so far against new covid variant,https://www.youtube.com/watch?v=QDYyiDbeVmU,20211129,1638201045,4034,Qullamaggie,UCLn8btkaQ5hVWNMt9TxQtsQ
Oat3ubMbVWE,Do or die moment in the markets,https://www.youtube.com/watch?v=Oat3ubMbVWE,20211126,1637942857,5678,Qullamaggie,UCLn8btkaQ5hVWNMt9TxQtsQ
t3lWY0G5y5g,Pullback time?,https://www.youtube.com/watch?v=t3lWY0G5y5g,20211123,,5404,Qullamaggie,UCLn8btkaQ5hVWNMt9TxQtsQ
VwN1hONG720,Markets getting narrow but the things that are working are working really well,https://www.youtube.com/watch?v=VwN1hONG720,20211122,1637594664,3004,Qullamaggie,UCLn8btkaQ5hVWNMt9TxQtsQ
8wJw43kTVlw,Leaders bouncing back with force after yesterdays gut check,https://www.youtube.com/watch?v=8wJw43kTVlw,20211119,1637342256,8712,Qullamaggie,UCLn8btkaQ5hVWNMt9TxQtsQ
ja0TnbtKXUo,Every EV name doing their own thing today,https://www.youtube.com/watch?v=ja0TnbtKXUo,20211117,,3285,Qullamaggie,UCLn8btkaQ5hVWNMt9TxQtsQ
aH9pRnrhLgM,$LCID Lucid hit $50 finally!,https://www.youtube.com/watch?v=aH9pRnrhLgM,20211116,,6270,Qullamaggie,UCLn8btkaQ5hVWNMt9TxQtsQ
h-MgiJAL6SM,zz,https://www.youtube.com/watch?v=h-MgiJAL6SM,20211115,,2411,Qullamaggie,UCLn8btkaQ5hVWNMt9TxQtsQ
x7jBeIGqwIs,Study what actually works in the markets and tune out financial media,https://www.youtube.com/watch?v=x7jBeIGqwIs,20211112,,6553,Qullamaggie,UCLn8btkaQ5hVWNMt9TxQtsQ
FI5EXlfLDmk,10 and 20 SMA will outperform the Boomerberg terminal,https://www.youtube.com/watch?v=FI5EXlfLDmk,20211111,,6488,Qullamaggie,UCLn8btkaQ5hVWNMt9TxQtsQ
geuazcBYUYE,Good bounces,https://www.youtube.com/watch?v=geuazcBYUYE,20211110,,5261,Qullamaggie,UCLn8btkaQ5hVWNMt9TxQtsQ
uYkzHI4_2H0,Eventually you need to be able to stand on your own 2 legs,https://www.youtube.com/watch?v=uYkzHI4_2H0,20211109,,8562,Qullamaggie,UCLn8btkaQ5hVWNMt9TxQtsQ
RkZMMuGpJ5M,Days like today is when the big winners get separated from the rest,https://www.youtube.com/watch?v=RkZMMuGpJ5M,20211109,,5481,Qullamaggie,UCLn8btkaQ5hVWNMt9TxQtsQ
aL-tAJ7CHv4,Markets in free money mode,https://www.youtube.com/watch?v=aL-tAJ7CHv4,20211105,,5777,Qullamaggie,UCLn8btkaQ5hVWNMt9TxQtsQ
AmEpxWIBYJg,Markets straight up.,https://www.youtube.com/watch?v=AmEpxWIBYJg,20211104,,4495,Qullamaggie,UCLn8btkaQ5hVWNMt9TxQtsQ
u3k9-2pjcvs,Trash getting hot - I love it!,https://www.youtube.com/watch?v=u3k9-2pjcvs,20211103,,4768,Qullamaggie,UCLn8btkaQ5hVWNMt9TxQtsQ
yCUSAp0mWlE,Things getting heated,https://www.youtube.com/watch?v=yCUSAp0mWlE,20211102,,4414,Qullamaggie,UCLn8btkaQ5hVWNMt9TxQtsQ
S72-gOPrQy0,Easy money environment continues,https://www.youtube.com/watch?v=S72-gOPrQy0,20211029,,7009,Qullamaggie,UCLn8btkaQ5hVWNMt9TxQtsQ
gdSV2zXQNsQ,Going to be a crypto expert soon,https://www.youtube.com/watch?v=gdSV2zXQNsQ,20211028,,9206,Qullamaggie,UCLn8btkaQ5hVWNMt9TxQtsQ
-XbMHMO9sxo,Earnings season is here! (opportunity!),https://www.youtube.com/watch?v=-XbMHMO9sxo,20211027,,7630,Qullamaggie,UCLn8btkaQ5hVWNMt9TxQtsQ
dGTW64h8NIo,Easy money is back! All you gotta do is pick it up from the ground,https://www.youtube.com/watch?v=dGTW64h8NIo,20211026,,4713,Qullamaggie,UCLn8btkaQ5hVWNMt9TxQtsQ
ZiH_4ioxxl4,You gotta be so fast,https://www.youtube.com/watch?v=ZiH_4ioxxl4,20211025,,6259,Qullamaggie,UCLn8btkaQ5hVWNMt9TxQtsQ
jYxdQDlqnno,Epic opportunities $DWAC $PHUN etc,https://www.youtube.com/watch?v=jYxdQDlqnno,20211022,,8653,Qullamaggie,UCLn8btkaQ5hVWNMt9TxQtsQ
T3VhwZZjeOo,So much opportunity! Hard to get filled,https://www.youtube.com/watch?v=T3VhwZZjeOo,20211021,,8441,Qullamaggie,UCLn8btkaQ5hVWNMt9TxQtsQ
sjYxh1miPrM,Autopilot mode,https://www.youtube.com/watch?v=sjYxh1miPrM,20211020,,5956,Qullamaggie,UCLn8btkaQ5hVWNMt9TxQtsQ
CDZlb8pk8GM,Easy money is back?,https://www.youtube.com/watch?v=CDZlb8pk8GM,20211019,,6079,Qullamaggie,UCLn8btkaQ5hVWNMt9TxQtsQ
SEnb1kbupvY,Market back to autopilot mode?,https://www.youtube.com/watch?v=SEnb1kbupvY,20211018,,3587,Qullamaggie,UCLn8btkaQ5hVWNMt9TxQtsQ
7Kl90d6NPNM,Small caps end of year run? $IWM $TNA,https://www.youtube.com/watch?v=7Kl90d6NPNM,20211014,,5097,Qullamaggie,UCLn8btkaQ5hVWNMt9TxQtsQ
zQfEKa4eQeE,Growth stocks strong again,https://www.youtube.com/watch?v=zQfEKa4eQeE,20211013,,3579,Qullamaggie,UCLn8btkaQ5hVWNMt9TxQtsQ
bhl98HAwoQU,Uranium names breaking out! (yesterdays stream),https://www.youtube.com/watch?v=bhl98HAwoQU,20211013,,3125,Qullamaggie,UCLn8btkaQ5hVWNMt9TxQtsQ
XWKBcyO45Nw,Less is more,https://www.youtube.com/watch?v=XWKBcyO45Nw,20211005,,1735,Qullamaggie,UCLn8btkaQ5hVWNMt9TxQtsQ
NuDB5k9Taeo,Give us Black Monday,https://www.youtube.com/watch?v=NuDB5k9Taeo,20211001,,3343,Qullamaggie,UCLn8btkaQ5hVWNMt9TxQtsQ
yBGVaGSsFjM,Major indices looking very vulnerable,https://www.youtube.com/watch?v=yBGVaGSsFjM,20210930,,2730,Qullamaggie,UCLn8btkaQ5hVWNMt9TxQtsQ
MMzKH4GGGlc,Can we get a real correction,https://www.youtube.com/watch?v=MMzKH4GGGlc,20210928,,4481,Qullamaggie,UCLn8btkaQ5hVWNMt9TxQtsQ
i6CUZmomLvc,Expecting chop ahead,https://www.youtube.com/watch?v=i6CUZmomLvc,20210921,,3824,Qullamaggie,UCLn8btkaQ5hVWNMt9TxQtsQ
0eG8NWfb-NM,Some red in premarket. What happens next?,https://www.youtube.com/watch?v=0eG8NWfb-NM,20210920,,1430,Qullamaggie,UCLn8btkaQ5hVWNMt9TxQtsQ
RhOG_3SWW4o,Some red in premarket. What happens next?,https://www.youtube.com/watch?v=RhOG_3SWW4o,20210920,,1430,Qullamaggie,UCLn8btkaQ5hVWNMt9TxQtsQ
qDUadzvPUGc,Buy my course for $9999.99,https://www.youtube.com/watch?v=qDUadzvPUGc,20210917,,5074,Qullamaggie,UCLn8btkaQ5hVWNMt9TxQtsQ
JyMjK5E_lPw,Buy my course for $9999.99,https://www.youtube.com/watch?v=JyMjK5E_lPw,20210917,,5074,Qullamaggie,UCLn8btkaQ5hVWNMt9TxQtsQ
mIDsGQuJCo0,"Strength and weakness, strength and weakness",https://www.youtube.com/watch?v=mIDsGQuJCo0,20210916,,3995,Qullamaggie,UCLn8btkaQ5hVWNMt9TxQtsQ
1fkFdej6qIM,Boring!,https://www.youtube.com/watch?v=1fkFdej6qIM,20210915,,1197,Qullamaggie,UCLn8btkaQ5hVWNMt9TxQtsQ
lWaiWiSbAjI,Spot on the 1 min chart where I bought and sold $BNKU lol,https://www.youtube.com/watch?v=lWaiWiSbAjI,20210914,,2880,Qullamaggie,UCLn8btkaQ5hVWNMt9TxQtsQ
W2KM8gV9LOk,Back after a break (again)!,https://www.youtube.com/watch?v=W2KM8gV9LOk,20210913,,3402,Qullamaggie,UCLn8btkaQ5hVWNMt9TxQtsQ
M2PxBe_dgGU,Some EPs,https://www.youtube.com/watch?v=M2PxBe_dgGU,20210824,,5637,Qullamaggie,UCLn8btkaQ5hVWNMt9TxQtsQ
p4XaxgtIMvc,Back after a break! Markets zzz,https://www.youtube.com/watch?v=p4XaxgtIMvc,20210817,,1679,Qullamaggie,UCLn8btkaQ5hVWNMt9TxQtsQ
zjJObr1Gn8A,Leaders breaking out,https://www.youtube.com/watch?v=zjJObr1Gn8A,20210720,,4890,Qullamaggie,UCLn8btkaQ5hVWNMt9TxQtsQ
clqzWW59_vo,You need to want it. Most only think they want it,https://www.youtube.com/watch?v=clqzWW59_vo,20210709,,5485,Qullamaggie,UCLn8btkaQ5hVWNMt9TxQtsQ
FjnKydE523o,No sun = stream,https://www.youtube.com/watch?v=FjnKydE523o,20210707,,6194,Qullamaggie,UCLn8btkaQ5hVWNMt9TxQtsQ
v5KMw4lT85g,$AMC 5-star flag,https://www.youtube.com/watch?v=v5KMw4lT85g,20210630,,6726,Qullamaggie,UCLn8btkaQ5hVWNMt9TxQtsQ
EPdPBQfjyt0,Lots of setups but NASDAQ getting into extended territory,https://www.youtube.com/watch?v=EPdPBQfjyt0,20210629,,3233,Qullamaggie,UCLn8btkaQ5hVWNMt9TxQtsQ
vxDV5UcoE6k,$AMC the 20-day vs Kenny boy!,https://www.youtube.com/watch?v=vxDV5UcoE6k,20210628,,3453,Qullamaggie,UCLn8btkaQ5hVWNMt9TxQtsQ
WV6g9YSMzzw,$AMC the greatest flag I've ever seen!,https://www.youtube.com/watch?v=WV6g9YSMzzw,20210624,,5871,Qullamaggie,UCLn8btkaQ5hVWNMt9TxQtsQ
MafImVNKyEk,Many many setups right now. $DDD super breakout,https://www.youtube.com/watch?v=MafImVNKyEk,20210622,,5632,Qullamaggie,UCLn8btkaQ5hVWNMt9TxQtsQ
QfbbWss78AI,"$SPY super vulnerable, growth names great stength",https://www.youtube.com/watch?v=QfbbWss78AI,20210618,,9523,Qullamaggie,UCLn8btkaQ5hVWNMt9TxQtsQ
noEYKK74e5k,$AMC infinity squeeze starting,https://www.youtube.com/watch?v=noEYKK74e5k,20210617,,9333,Qullamaggie,UCLn8btkaQ5hVWNMt9TxQtsQ
BrxylKH0YlE,"Meme stocks dying, semis and oil strong. TESLA weak",https://www.youtube.com/watch?v=BrxylKH0YlE,20210616,,7415,Qullamaggie,UCLn8btkaQ5hVWNMt9TxQtsQ
PDISUNUn19k,"Meme stocks dying, semis and oil strong. TESLA weak",https://www.youtube.com/watch?v=PDISUNUn19k,20210616,,7415,Qullamaggie,UCLn8btkaQ5hVWNMt9TxQtsQ
VNSIUMW-czI,Struggling trader reviews are back!! Also fried a brain cell today,https://www.youtube.com/watch?v=VNSIUMW-czI,20210615,,7062,Qullamaggie,UCLn8btkaQ5hVWNMt9TxQtsQ
MaHeNMNWWew,High rotation in meme stonks,https://www.youtube.com/watch?v=MaHeNMNWWew,20210614,,6761,Qullamaggie,UCLn8btkaQ5hVWNMt9TxQtsQ
G8E2ynt3af0,Droves of former leaders (tech/software) starting to set up!,https://www.youtube.com/watch?v=G8E2ynt3af0,20210611,,9840,Qullamaggie,UCLn8btkaQ5hVWNMt9TxQtsQ
qhzPZM48vJU,Meme stonks money going into tertiary names,https://www.youtube.com/watch?v=qhzPZM48vJU,20210610,,6497,Qullamaggie,UCLn8btkaQ5hVWNMt9TxQtsQ
gwoJzKevjeY,Yuuuge opportunities,https://www.youtube.com/watch?v=gwoJzKevjeY,20210609,,13689,Qullamaggie,UCLn8btkaQ5hVWNMt9TxQtsQ
T_RUxBlCsUo,Reddit back in force,https://www.youtube.com/watch?v=T_RUxBlCsUo,20210608,,6755,Qullamaggie,UCLn8btkaQ5hVWNMt9TxQtsQ
aZOXAiahmbA,Lots of setups emerging,https://www.youtube.com/watch?v=aZOXAiahmbA,20210607,,3718,Qullamaggie,UCLn8btkaQ5hVWNMt9TxQtsQ
gMf10voYB1M,AMC to $2 MILLION,https://www.youtube.com/watch?v=gMf10voYB1M,20210604,,7358,Qullamaggie,UCLn8btkaQ5hVWNMt9TxQtsQ
pCFDWXHDHI4,Great content today - rants + how to trade momentum stocks intraday,https://www.youtube.com/watch?v=pCFDWXHDHI4,20210603,,9063,Qullamaggie,UCLn8btkaQ5hVWNMt9TxQtsQ
KTJwQhthyZQ,$AMC to the moon,https://www.youtube.com/watch?v=KTJwQhthyZQ,20210602,,6997,Qullamaggie,UCLn8btkaQ5hVWNMt9TxQtsQ
6Qm_RbDtb-A,Several potential $10M trades on the hook?,https://www.youtube.com/watch?v=6Qm_RbDtb-A,20210601,,6364,Qullamaggie,UCLn8btkaQ5hVWNMt9TxQtsQ
zaU0lpja-FU,I love being in laggards,https://www.youtube.com/watch?v=zaU0lpja-FU,20210527,,5397,Qullamaggie,UCLn8btkaQ5hVWNMt9TxQtsQ
A2gkEQC6O_Y,Some bigs moves starting!!,https://www.youtube.com/watch?v=A2gkEQC6O_Y,20210526,,6719,Qullamaggie,UCLn8btkaQ5hVWNMt9TxQtsQ
4KUie6VALR4,Big moves potentially starting in a few places,https://www.youtube.com/watch?v=4KUie6VALR4,20210525,,6980,Qullamaggie,UCLn8btkaQ5hVWNMt9TxQtsQ
GmVnX_-YQCk,Give us some big trends!,https://www.youtube.com/watch?v=GmVnX_-YQCk,20210524,,6458,Qullamaggie,UCLn8btkaQ5hVWNMt9TxQtsQ
sXMzeLjlaJ8,Semiconductors very strong,https://www.youtube.com/watch?v=sXMzeLjlaJ8,20210521,,7433,Qullamaggie,UCLn8btkaQ5hVWNMt9TxQtsQ
Pde5BeC0JEk,"Indices strong, BUT running into key moving averages",https://www.youtube.com/watch?v=Pde5BeC0JEk,20210520,,4667,Qullamaggie,UCLn8btkaQ5hVWNMt9TxQtsQ
jQ6cjnZpQrY,Higher lows or start of a bigger correction?,https://www.youtube.com/watch?v=jQ6cjnZpQrY,20210519,,6285,Qullamaggie,UCLn8btkaQ5hVWNMt9TxQtsQ
Oi3B3-HWt9Y,Bottoming action or dead cat bounce in former leaders?,https://www.youtube.com/watch?v=Oi3B3-HWt9Y,20210518,,6507,Qullamaggie,UCLn8btkaQ5hVWNMt9TxQtsQ
Jowe-jOVVAM,Deep fundamental research on Nat Gas,https://www.youtube.com/watch?v=Jowe-jOVVAM,20210517,,4371,Qullamaggie,UCLn8btkaQ5hVWNMt9TxQtsQ
pew32A37Tiw,Zzzzo boring,https://www.youtube.com/watch?v=pew32A37Tiw,20210514,,2747,Qullamaggie,UCLn8btkaQ5hVWNMt9TxQtsQ
WT6u5_FkWr0,S&P500 index looks super vulnerable,https://www.youtube.com/watch?v=WT6u5_FkWr0,20210511,,4329,Qullamaggie,UCLn8btkaQ5hVWNMt9TxQtsQ
z6BwSblrVE8,ETF insight,https://www.youtube.com/watch?v=z6BwSblrVE8,20210510,,6119,Qullamaggie,UCLn8btkaQ5hVWNMt9TxQtsQ
uFJDGcCzR3A,Seeing some big opportunities setting up,https://www.youtube.com/watch?v=uFJDGcCzR3A,20210507,,6129,Qullamaggie,UCLn8btkaQ5hVWNMt9TxQtsQ
JHhcwyYCPhU,My portfolio looks like I am preparing for the end of the world,https://www.youtube.com/watch?v=JHhcwyYCPhU,20210506,,7307,Qullamaggie,UCLn8btkaQ5hVWNMt9TxQtsQ
3rC0N_n3S3s,Limited opportunities,https://www.youtube.com/watch?v=3rC0N_n3S3s,20210505,,2437,Qullamaggie,UCLn8btkaQ5hVWNMt9TxQtsQ
__STgywM-AQ,Very cautious here. BUT Russell is holding up well,https://www.youtube.com/watch?v=__STgywM-AQ,20210504,,5380,Qullamaggie,UCLn8btkaQ5hVWNMt9TxQtsQ
lOfLHE1UzEg,Lots of fading going on.,https://www.youtube.com/watch?v=lOfLHE1UzEg,20210503,,7458,Qullamaggie,UCLn8btkaQ5hVWNMt9TxQtsQ
YBaCABc1-qo,Slow but big bases are forming!!,https://www.youtube.com/watch?v=YBaCABc1-qo,20210430,,3784,Qullamaggie,UCLn8btkaQ5hVWNMt9TxQtsQ
x2N8LwQr9fw,Whack a mole,https://www.youtube.com/watch?v=x2N8LwQr9fw,20210429,,6093,Qullamaggie,UCLn8btkaQ5hVWNMt9TxQtsQ
msSOCRgzwjc,Slowest bull run in a long time,https://www.youtube.com/watch?v=msSOCRgzwjc,20210427,,5513,Qullamaggie,UCLn8btkaQ5hVWNMt9TxQtsQ
OQvR8w6SaCI,things setting up nicely into earnigns season!,https://www.youtube.com/watch?v=OQvR8w6SaCI,20210426,,3469,Qullamaggie,UCLn8btkaQ5hVWNMt9TxQtsQ
iWEsWjS8e2w,Things are setting up for next week!,https://www.youtube.com/watch?v=iWEsWjS8e2w,20210423,,8338,Qullamaggie,UCLn8btkaQ5hVWNMt9TxQtsQ
xnrajRDbw_0,Lots of things setting up into earnings season!,https://www.youtube.com/watch?v=xnrajRDbw_0,20210422,,6395,Qullamaggie,UCLn8btkaQ5hVWNMt9TxQtsQ
lw4Nnc_vwWA,mic whine,https://www.youtube.com/watch?v=lw4Nnc_vwWA,20210421,,6233,Qullamaggie,UCLn8btkaQ5hVWNMt9TxQtsQ
S0oIP3dY-qQ,zzz,https://www.youtube.com/watch?v=S0oIP3dY-qQ,20210420,,3876,Qullamaggie,UCLn8btkaQ5hVWNMt9TxQtsQ
nJAEHJFvnf4,zzz,https://www.youtube.com/watch?v=nJAEHJFvnf4,20210420,,3876,Qullamaggie,UCLn8btkaQ5hVWNMt9TxQtsQ
4fWhUJKewBA,Henry Cavill home workout video,https://www.youtube.com/watch?v=4fWhUJKewBA,20210419,,7586,Qullamaggie,UCLn8btkaQ5hVWNMt9TxQtsQ
FKliYFtPHjI,Patience,https://www.youtube.com/watch?v=FKliYFtPHjI,20210416,,5304,Qullamaggie,UCLn8btkaQ5hVWNMt9TxQtsQ
k8kF0bADoww,Patience and Deep Fundamental Analysis on PLBY Group,https://www.youtube.com/watch?v=k8kF0bADoww,20210415,,4299,Qullamaggie,UCLn8btkaQ5hVWNMt9TxQtsQ
uOuFauQ6MJY,"If you don't watch this, delete your trading account! Struggling trader feedback starts 16.05 deskto",https://www.youtube.com/watch?v=uOuFauQ6MJY,20210414,,6843,Qullamaggie,UCLn8btkaQ5hVWNMt9TxQtsQ
ynnCwnIQ5Pg,New project! Struggling trader feedback starting 16.10-16.32 desktop time,https://www.youtube.com/watch?v=ynnCwnIQ5Pg,20210413,,5653,Qullamaggie,UCLn8btkaQ5hVWNMt9TxQtsQ
X4UrqrZmwq8,New project on the stream starting this week!,https://www.youtube.com/watch?v=X4UrqrZmwq8,20210412,,7862,Qullamaggie,UCLn8btkaQ5hVWNMt9TxQtsQ
b8EW_SdaMwQ,Long bases forming in tech and software names,https://www.youtube.com/watch?v=b8EW_SdaMwQ,20210409,,9730,Qullamaggie,UCLn8btkaQ5hVWNMt9TxQtsQ
YtfUYtajbrw,"Portfolio strong, most things need a few weeks more to set up",https://www.youtube.com/watch?v=YtfUYtajbrw,20210408,,7149,Qullamaggie,UCLn8btkaQ5hVWNMt9TxQtsQ
udNfV6Rt7Xc,Need lots of patience with current positions and letting new stuff set up,https://www.youtube.com/watch?v=udNfV6Rt7Xc,20210407,,5971,Qullamaggie,UCLn8btkaQ5hVWNMt9TxQtsQ
dTJueSUqdh4,Semiconductors big follow through from the breakouts!,https://www.youtube.com/watch?v=dTJueSUqdh4,20210405,,6965,Qullamaggie,UCLn8btkaQ5hVWNMt9TxQtsQ
WVzkaofrqQQ,Semiconductors nice follow through,https://www.youtube.com/watch?v=WVzkaofrqQQ,20210401,,5471,Qullamaggie,UCLn8btkaQ5hVWNMt9TxQtsQ
i-FvQ9bD9S8,"NASDAQ is tightening up, lots of strength",https://www.youtube.com/watch?v=i-FvQ9bD9S8,20210331,,8860,Qullamaggie,UCLn8btkaQ5hVWNMt9TxQtsQ
jLXXUdYYYnM,Bullish signs emerging,https://www.youtube.com/watch?v=jLXXUdYYYnM,20210330,,8868,Qullamaggie,UCLn8btkaQ5hVWNMt9TxQtsQ
9hpxrScUia4,Bullish signs emerging,https://www.youtube.com/watch?v=9hpxrScUia4,20210330,,8868,Qullamaggie,UCLn8btkaQ5hVWNMt9TxQtsQ
LruZ9P30yXM,Watching pain dry,https://www.youtube.com/watch?v=LruZ9P30yXM,20210329,,3850,Qullamaggie,UCLn8btkaQ5hVWNMt9TxQtsQ
8hudPhNk480,If $AMAT and $LRCX don't double from here I will be very sad,https://www.youtube.com/watch?v=8hudPhNk480,20210326,,9550,Qullamaggie,UCLn8btkaQ5hVWNMt9TxQtsQ
xoxsJrn7UPM,Chop chop chop. NFT only game in town,https://www.youtube.com/watch?v=xoxsJrn7UPM,20210324,,7737,Qullamaggie,UCLn8btkaQ5hVWNMt9TxQtsQ
7kxZUobYxpg,Not great action beneath the hood right now,https://www.youtube.com/watch?v=7kxZUobYxpg,20210323,,6271,Qullamaggie,UCLn8btkaQ5hVWNMt9TxQtsQ
s_VglNdJuvc,More patience needed,https://www.youtube.com/watch?v=s_VglNdJuvc,20210322,,6068,Qullamaggie,UCLn8btkaQ5hVWNMt9TxQtsQ
7jPFXy_nrBE,Crypto setups for next week!,https://www.youtube.com/watch?v=7jPFXy_nrBE,20210319,,6585,Qullamaggie,UCLn8btkaQ5hVWNMt9TxQtsQ
kFOxR0mxJdM,Setups developing but they need more work,https://www.youtube.com/watch?v=kFOxR0mxJdM,20210318,,6049,Qullamaggie,UCLn8btkaQ5hVWNMt9TxQtsQ
NRgCKsBnxm8,Late upload - Tuesday March 16,https://www.youtube.com/watch?v=NRgCKsBnxm8,20210317,,6473,Qullamaggie,UCLn8btkaQ5hVWNMt9TxQtsQ
XE96XfekTv4,Late upload - Monday March 15,https://www.youtube.com/watch?v=XE96XfekTv4,20210317,,6772,Qullamaggie,UCLn8btkaQ5hVWNMt9TxQtsQ
5-Y6oXm32OE,Serious talk and not so serious talk,https://www.youtube.com/watch?v=5-Y6oXm32OE,20210312,,8174,Qullamaggie,UCLn8btkaQ5hVWNMt9TxQtsQ
56Q8WjpUFK8,SETUPS ARE BACK - BUT NOT IN THE USUAL SUSPECTS!,https://www.youtube.com/watch?v=56Q8WjpUFK8,20210311,,6037,Qullamaggie,UCLn8btkaQ5hVWNMt9TxQtsQ
4NWSjDX9plk,Will this bounce stick?,https://www.youtube.com/watch?v=4NWSjDX9plk,20210310,,5662,Qullamaggie,UCLn8btkaQ5hVWNMt9TxQtsQ
192CMaTR5uU,Bounces everywhere,https://www.youtube.com/watch?v=192CMaTR5uU,20210310,,7330,Qullamaggie,UCLn8btkaQ5hVWNMt9TxQtsQ
7FwJ4xIX6aA,"Monday March 8th, late upload",https://www.youtube.com/watch?v=7FwJ4xIX6aA,20210309,,4325,Qullamaggie,UCLn8btkaQ5hVWNMt9TxQtsQ
ytWg3aGNc10,"Friday March 5th, late upload",https://www.youtube.com/watch?v=ytWg3aGNc10,20210309,,3906,Qullamaggie,UCLn8btkaQ5hVWNMt9TxQtsQ
DNSJux1yiOI,Late upload - Friday March 5th,https://www.youtube.com/watch?v=DNSJux1yiOI,20210308,,3906,Qullamaggie,UCLn8btkaQ5hVWNMt9TxQtsQ
08gcg73CxeQ,Waiting for the next big opportunity,https://www.youtube.com/watch?v=08gcg73CxeQ,20210308,,4325,Qullamaggie,UCLn8btkaQ5hVWNMt9TxQtsQ
o2l4Ym25Evg,Late upload - Friday March 5th,https://www.youtube.com/watch?v=o2l4Ym25Evg,20210308,,3906,Qullamaggie,UCLn8btkaQ5hVWNMt9TxQtsQ
iqDxY4ly2H4,Late upload - Friday March 5th,https://www.youtube.com/watch?v=iqDxY4ly2H4,20210308,,3906,Qullamaggie,UCLn8btkaQ5hVWNMt9TxQtsQ
zizbhpz0S3c,Bear flags follow through,https://www.youtube.com/watch?v=zizbhpz0S3c,20210304,,4718,Qullamaggie,UCLn8btkaQ5hVWNMt9TxQtsQ
Zn2_lTzgT_M,Bunch of bear flags,https://www.youtube.com/watch?v=Zn2_lTzgT_M,20210304,,4330,Qullamaggie,UCLn8btkaQ5hVWNMt9TxQtsQ
83LYwfwl9pw,Some setups emerging again,https://www.youtube.com/watch?v=83LYwfwl9pw,20210302,,5059,Qullamaggie,UCLn8btkaQ5hVWNMt9TxQtsQ
83-MQ0DIW34,Basebuilding period. Less is more,https://www.youtube.com/watch?v=83-MQ0DIW34,20210301,,3832,Qullamaggie,UCLn8btkaQ5hVWNMt9TxQtsQ
iBex0umEpOc,Market in limbo,https://www.youtube.com/watch?v=iBex0umEpOc,20210226,,6660,Qullamaggie,UCLn8btkaQ5hVWNMt9TxQtsQ
Bgy9eaOqDZw,Memestocks back in play,https://www.youtube.com/watch?v=Bgy9eaOqDZw,20210225,,6330,Qullamaggie,UCLn8btkaQ5hVWNMt9TxQtsQ
E1ah3mwoV40,Trade with rules. Join the stream.,https://www.youtube.com/watch?v=E1ah3mwoV40,20210224,,4944,Qullamaggie,UCLn8btkaQ5hVWNMt9TxQtsQ
146r7DqtOXU,Newbie traders getting schooled again. Trade with rules. Join the stream.,https://www.youtube.com/watch?v=146r7DqtOXU,20210223,,2812,Qullamaggie,UCLn8btkaQ5hVWNMt9TxQtsQ
XFPV6n-kBnk,Easy money over for now in the markets,https://www.youtube.com/watch?v=XFPV6n-kBnk,20210222,,5617,Qullamaggie,UCLn8btkaQ5hVWNMt9TxQtsQ
HprTJJp8yUY,Lots of strength under the surface but not many good setups...,https://www.youtube.com/watch?v=HprTJJp8yUY,20210219,,5281,Qullamaggie,UCLn8btkaQ5hVWNMt9TxQtsQ
Q8TrrG1jVFk,Know when your setups work and don't work,https://www.youtube.com/watch?v=Q8TrrG1jVFk,20210218,,5417,Qullamaggie,UCLn8btkaQ5hVWNMt9TxQtsQ
wejub-sXQ2c,Many extended names getting sluggish. $RIOT parabolic short,https://www.youtube.com/watch?v=wejub-sXQ2c,20210217,,5749,Qullamaggie,UCLn8btkaQ5hVWNMt9TxQtsQ
yLTaPfwqWis,Slow start to a 4-day week,https://www.youtube.com/watch?v=yLTaPfwqWis,20210216,,4871,Qullamaggie,UCLn8btkaQ5hVWNMt9TxQtsQ
siYpCaiuPKg,Gamestop $GME ultra tight setup. And some HOI4 gameplay,https://www.youtube.com/watch?v=siYpCaiuPKg,20210212,,6433,Qullamaggie,UCLn8btkaQ5hVWNMt9TxQtsQ
oIP6H81jpEc,Many extended stocks building high tight flags!,https://www.youtube.com/watch?v=oIP6H81jpEc,20210211,,4013,Qullamaggie,UCLn8btkaQ5hVWNMt9TxQtsQ
H0j5PtnK814,Buy the lows and sell the top on $TLRY?,https://www.youtube.com/watch?v=H0j5PtnK814,20210210,,8941,Qullamaggie,UCLn8btkaQ5hVWNMt9TxQtsQ
ldVGG5t4e14,Good margin calls vs bad margin calls,https://www.youtube.com/watch?v=ldVGG5t4e14,20210209,,6741,Qullamaggie,UCLn8btkaQ5hVWNMt9TxQtsQ
fz3OIpJ8XrU,Coins are back after some digestion! Long and strong!,https://www.youtube.com/watch?v=fz3OIpJ8XrU,20210208,,6095,Qullamaggie,UCLn8btkaQ5hVWNMt9TxQtsQ
FamRgrbApII,Many people experiencing their first pump and dump! Learn how to not be a sucker in the stock market,https://www.youtube.com/watch?v=FamRgrbApII,20210205,,5391,Qullamaggie,UCLn8btkaQ5hVWNMt9TxQtsQ
a3Z7Y6E-M2M,Where is the line?  #holdtheline $GME $AMC $GSX $KOSS,https://www.youtube.com/watch?v=a3Z7Y6E-M2M,20210204,,5212,Qullamaggie,UCLn8btkaQ5hVWNMt9TxQtsQ
-fyEsUotcgs,bounce in memestocks soon?,https://www.youtube.com/watch?v=-fyEsUotcgs,20210203,,6123,Qullamaggie,UCLn8btkaQ5hVWNMt9TxQtsQ
F0dIwbGxYtA,GameSTOP. Reality setting in. (also did some deep fundamental analysis),https://www.youtube.com/watch?v=F0dIwbGxYtA,20210202,,6525,Qullamaggie,UCLn8btkaQ5hVWNMt9TxQtsQ
z6PqNxocofw,Meme stonks,https://www.youtube.com/watch?v=z6PqNxocofw,20210129,,8062,Qullamaggie,UCLn8btkaQ5hVWNMt9TxQtsQ
zhbdUtJDqz0,Cool $10M+ day today. Started with $5K ten years ago...,https://www.youtube.com/watch?v=zhbdUtJDqz0,20210128,,14246,Qullamaggie,UCLn8btkaQ5hVWNMt9TxQtsQ
6iCYjLxS9GQ,When is Gamestop going to stop? (going higher),https://www.youtube.com/watch?v=6iCYjLxS9GQ,20210127,,6045,Qullamaggie,UCLn8btkaQ5hVWNMt9TxQtsQ
dErH0zxsFaI,You can be a victim of the markets or CHOOSE to be in control.,https://www.youtube.com/watch?v=dErH0zxsFaI,20210126,,6941,Qullamaggie,UCLn8btkaQ5hVWNMt9TxQtsQ
dvZBux4ffy0,Did I trade $100M worth of stocks today? YES!,https://www.youtube.com/watch?v=dvZBux4ffy0,20210125,,9311,Qullamaggie,UCLn8btkaQ5hVWNMt9TxQtsQ
RvjgDl3lb2U,Setups starting to emerge again!,https://www.youtube.com/watch?v=RvjgDl3lb2U,20210122,,6786,Qullamaggie,UCLn8btkaQ5hVWNMt9TxQtsQ
D1NMXfSXpYk,Bitcoin nearing the 50-day! Major support?,https://www.youtube.com/watch?v=D1NMXfSXpYk,20210121,,5729,Qullamaggie,UCLn8btkaQ5hVWNMt9TxQtsQ
jCvLY7F8g80,Extended stocks breaking down! $MARA $RIOT $BNGO,https://www.youtube.com/watch?v=jCvLY7F8g80,20210120,,6825,Qullamaggie,UCLn8btkaQ5hVWNMt9TxQtsQ
wGJfJ-WIR7M,"Crypto strengthening, everything else is meh",https://www.youtube.com/watch?v=wGJfJ-WIR7M,20210119,,7792,Qullamaggie,UCLn8btkaQ5hVWNMt9TxQtsQ
rhn_USs7vWA,stonks olny gö up,https://www.youtube.com/watch?v=rhn_USs7vWA,20210115,,6734,Qullamaggie,UCLn8btkaQ5hVWNMt9TxQtsQ
n0DsBVg8Spk,Heavily long on margin and everything going up up up,https://www.youtube.com/watch?v=n0DsBVg8Spk,20210114,,4741,Qullamaggie,UCLn8btkaQ5hVWNMt9TxQtsQ
0udk9grGeqE,Throw a dart and you will make money in this market,https://www.youtube.com/watch?v=0udk9grGeqE,20210113,,4386,Qullamaggie,UCLn8btkaQ5hVWNMt9TxQtsQ
46Dw3UTmKlA,EV Gold Rush!,https://www.youtube.com/watch?v=46Dw3UTmKlA,20210112,,6357,Qullamaggie,UCLn8btkaQ5hVWNMt9TxQtsQ
GUVurDIMKrI,Healthy crypto pullback setting the stage for more upside!,https://www.youtube.com/watch?v=GUVurDIMKrI,20210111,,7261,Qullamaggie,UCLn8btkaQ5hVWNMt9TxQtsQ
Uzu5GyM9nJY,Healthy crypto pullback setting the stage for more upside!,https://www.youtube.com/watch?v=Uzu5GyM9nJY,20210111,,7261,Qullamaggie,UCLn8btkaQ5hVWNMt9TxQtsQ
5dKPq4qscF8,Many stocks are starting to speed up!,https://www.youtube.com/watch?v=5dKPq4qscF8,20210108,,5829,Qullamaggie,UCLn8btkaQ5hVWNMt9TxQtsQ
bgLDLpmUMuY,I may have a $10M week going on here,https://www.youtube.com/watch?v=bgLDLpmUMuY,20210107,,5897,Qullamaggie,UCLn8btkaQ5hVWNMt9TxQtsQ
9o5_4iZ0zjI,2021 not showing any signs of slowing down!,https://www.youtube.com/watch?v=9o5_4iZ0zjI,20210106,,9224,Qullamaggie,UCLn8btkaQ5hVWNMt9TxQtsQ
yosACutKxAk,Let's make this a triple digit year!,https://www.youtube.com/watch?v=yosACutKxAk,20210105,,8262,Qullamaggie,UCLn8btkaQ5hVWNMt9TxQtsQ
qR39bUmxHdE,Late upload: Dec 31 stream,https://www.youtube.com/watch?v=qR39bUmxHdE,20210105,,7064,Qullamaggie,UCLn8btkaQ5hVWNMt9TxQtsQ
MiEYFeBV8jM,870% returns in 2020!,https://www.youtube.com/watch?v=MiEYFeBV8jM,20210104,,8874,Qullamaggie,UCLn8btkaQ5hVWNMt9TxQtsQ
DuEGgCe5tuQ,Brandi Love wishing me a Merry Christmas!,https://www.youtube.com/watch?v=DuEGgCe5tuQ,20201230,,5990,Qullamaggie,UCLn8btkaQ5hVWNMt9TxQtsQ
KfqejiJAEbE,No long setups in growth land...,https://www.youtube.com/watch?v=KfqejiJAEbE,20201229,,6711,Qullamaggie,UCLn8btkaQ5hVWNMt9TxQtsQ
gP7vW-NTQBQ,BITCOOOIN!!,https://www.youtube.com/watch?v=gP7vW-NTQBQ,20201228,,7537,Qullamaggie,UCLn8btkaQ5hVWNMt9TxQtsQ
BGkpQm5DZ5M,Merry Christmas!,https://www.youtube.com/watch?v=BGkpQm5DZ5M,20201224,,5125,Qullamaggie,UCLn8btkaQ5hVWNMt9TxQtsQ
yhF78G6YFmU,Gap down ruined my short setups,https://www.youtube.com/watch?v=yhF78G6YFmU,20201223,,5993,Qullamaggie,UCLn8btkaQ5hVWNMt9TxQtsQ
wLYBzP4qRjY,Markets are giving away free money (for now),https://www.youtube.com/watch?v=wLYBzP4qRjY,20201222,,6819,Qullamaggie,UCLn8btkaQ5hVWNMt9TxQtsQ
l4lpLA7vvbg,Gap down found rising support in pre market,https://www.youtube.com/watch?v=l4lpLA7vvbg,20201221,,10077,Qullamaggie,UCLn8btkaQ5hVWNMt9TxQtsQ
YTRrhSIj064,Why do I keep selling too early?,https://www.youtube.com/watch?v=YTRrhSIj064,20201218,,3373,Qullamaggie,UCLn8btkaQ5hVWNMt9TxQtsQ
p8WQ_4XdNPY,Everything going higher!,https://www.youtube.com/watch?v=p8WQ_4XdNPY,20201217,,7449,Qullamaggie,UCLn8btkaQ5hVWNMt9TxQtsQ
J1LItXxFaBw,Neverending BULL MARKET,https://www.youtube.com/watch?v=J1LItXxFaBw,20201215,,5701,Qullamaggie,UCLn8btkaQ5hVWNMt9TxQtsQ
iCQQ-m7VRuE,Bitcoing looks like it wants to double soon,https://www.youtube.com/watch?v=iCQQ-m7VRuE,20201214,,5117,Qullamaggie,UCLn8btkaQ5hVWNMt9TxQtsQ
rL2JHZ8TQ3Q,Lots of stocks still setting up!,https://www.youtube.com/watch?v=rL2JHZ8TQ3Q,20201211,,3816,Qullamaggie,UCLn8btkaQ5hVWNMt9TxQtsQ
Dl05a1xsArc,"Leaders are still leading, shakeout yesterday?",https://www.youtube.com/watch?v=Dl05a1xsArc,20201210,,3983,Qullamaggie,UCLn8btkaQ5hVWNMt9TxQtsQ
AF2GQOH6L8s,"Leaders are still leading, shakeout yesterday?",https://www.youtube.com/watch?v=AF2GQOH6L8s,20201210,,3983,Qullamaggie,UCLn8btkaQ5hVWNMt9TxQtsQ
IKVebjU0cnk,$QS what a beast! + Warhammer Total War gaming,https://www.youtube.com/watch?v=IKVebjU0cnk,20201209,,9737,Qullamaggie,UCLn8btkaQ5hVWNMt9TxQtsQ
_hA8y2WiujU,Will QuantumScape $QS change the world?,https://www.youtube.com/watch?v=_hA8y2WiujU,20201208,,9117,Qullamaggie,UCLn8btkaQ5hVWNMt9TxQtsQ
uTMK9uhQZCc,Should I retire from options trading? (a LOT of wisdom in todays stream!),https://www.youtube.com/watch?v=uTMK9uhQZCc,20201207,,8239,Qullamaggie,UCLn8btkaQ5hVWNMt9TxQtsQ
BHe29a_ohbc,Starting to trade options! Disaster or success?,https://www.youtube.com/watch?v=BHe29a_ohbc,20201204,,7099,Qullamaggie,UCLn8btkaQ5hVWNMt9TxQtsQ
BpR5Q4AVO00,Mini earnings season today!,https://www.youtube.com/watch?v=BpR5Q4AVO00,20201203,,4737,Qullamaggie,UCLn8btkaQ5hVWNMt9TxQtsQ
4axzuTTk0xA,Euphoria fading hard. Newbies getting schooled again,https://www.youtube.com/watch?v=4axzuTTk0xA,20201202,,3021,Qullamaggie,UCLn8btkaQ5hVWNMt9TxQtsQ
ruBcVRISGV8,Pullback attempt after historic November in markets,https://www.youtube.com/watch?v=ruBcVRISGV8,20201130,,7080,Qullamaggie,UCLn8btkaQ5hVWNMt9TxQtsQ
Vn-EBl95hes,Insane markets,https://www.youtube.com/watch?v=Vn-EBl95hes,20201127,,11803,Qullamaggie,UCLn8btkaQ5hVWNMt9TxQtsQ
6UxqgsEMquQ,Happy thanksgiving!,https://www.youtube.com/watch?v=6UxqgsEMquQ,20201125,,9049,Qullamaggie,UCLn8btkaQ5hVWNMt9TxQtsQ
krq4pIAKokM,Enormous opportunity in the EV sector!,https://www.youtube.com/watch?v=krq4pIAKokM,20201124,,8677,Qullamaggie,UCLn8btkaQ5hVWNMt9TxQtsQ
AXgAZwbMscQ,Everything going straight up!,https://www.youtube.com/watch?v=AXgAZwbMscQ,20201123,,3709,Qullamaggie,UCLn8btkaQ5hVWNMt9TxQtsQ
hY8TKnSNmKM,Getting follow through so far on breakouts!,https://www.youtube.com/watch?v=hY8TKnSNmKM,20201120,,3861,Qullamaggie,UCLn8btkaQ5hVWNMt9TxQtsQ
Yz7MMNqxNgY,Breakouts everywhere!,https://www.youtube.com/watch?v=Yz7MMNqxNgY,20201119,,5679,Qullamaggie,UCLn8btkaQ5hVWNMt9TxQtsQ
xv4off5Vyfk,Markets near highs but stocks are so so,https://www.youtube.com/watch?v=xv4off5Vyfk,20201118,,4189,Qullamaggie,UCLn8btkaQ5hVWNMt9TxQtsQ
XkCH6vs8cgk,I think growth stocks will start breaking out soon en masse!,https://www.youtube.com/watch?v=XkCH6vs8cgk,20201117,,6124,Qullamaggie,UCLn8btkaQ5hVWNMt9TxQtsQ
9xOfbSGecQs,Juicy long setups are developing!,https://www.youtube.com/watch?v=9xOfbSGecQs,20201116,,4673,Qullamaggie,UCLn8btkaQ5hVWNMt9TxQtsQ
1i_sA8op_8Q,China EV crash! $NIO $LI $XPEV,https://www.youtube.com/watch?v=1i_sA8op_8Q,20201113,,7327,Qullamaggie,UCLn8btkaQ5hVWNMt9TxQtsQ
sgTXnAr2UXs,China stocks hot!,https://www.youtube.com/watch?v=sgTXnAr2UXs,20201112,,4229,Qullamaggie,UCLn8btkaQ5hVWNMt9TxQtsQ
HyjEctySlqE,Growth stocks getting killed,https://www.youtube.com/watch?v=HyjEctySlqE,20201110,,6249,Qullamaggie,UCLn8btkaQ5hVWNMt9TxQtsQ
N9n9_WUB5V0,$3M swing pre market! Never lost this much money so fast,https://www.youtube.com/watch?v=N9n9_WUB5V0,20201109,,3898,Qullamaggie,UCLn8btkaQ5hVWNMt9TxQtsQ
q1qcQVp3UAw,Super earnings reactions in $TTD $NET $SQ $Z $ROKU !!,https://www.youtube.com/watch?v=q1qcQVp3UAw,20201106,,3258,Qullamaggie,UCLn8btkaQ5hVWNMt9TxQtsQ
JTtOJdc5EKc,Heaviest earnings day for growth stocks today!,https://www.youtube.com/watch?v=JTtOJdc5EKc,20201105,,4542,Qullamaggie,UCLn8btkaQ5hVWNMt9TxQtsQ
s9dqGYWRmtc,ELECTIONS! New bull leg starting or suckers gap?,https://www.youtube.com/watch?v=s9dqGYWRmtc,20201104,,4993,Qullamaggie,UCLn8btkaQ5hVWNMt9TxQtsQ
VOGuzD4wFN8,Chop chop chop in the markets!,https://www.youtube.com/watch?v=VOGuzD4wFN8,20201102,,3597,Qullamaggie,UCLn8btkaQ5hVWNMt9TxQtsQ
1gmFq2IsTYY,The last of the leaders breaking down now,https://www.youtube.com/watch?v=1gmFq2IsTYY,20201030,,6327,Qullamaggie,UCLn8btkaQ5hVWNMt9TxQtsQ
EOp-P0wTFs4,So many good earnings repots! But most stocks need better bases,https://www.youtube.com/watch?v=EOp-P0wTFs4,20201029,,4071,Qullamaggie,UCLn8btkaQ5hVWNMt9TxQtsQ
eeV2c2_75AY,Finally getting some fear back in the markets!,https://www.youtube.com/watch?v=eeV2c2_75AY,20201028,,8576,Qullamaggie,UCLn8btkaQ5hVWNMt9TxQtsQ
iVNppv3PWxc,Mild bull market pullback so far - positive signs emerging!,https://www.youtube.com/watch?v=iVNppv3PWxc,20201027,,6017,Qullamaggie,UCLn8btkaQ5hVWNMt9TxQtsQ
7e8nS2rItYo,Indices looking good but where are the setups?,https://www.youtube.com/watch?v=7e8nS2rItYo,20201023,,3857,Qullamaggie,UCLn8btkaQ5hVWNMt9TxQtsQ
nI4MRwZwzMM,Leading stocks breaking down!,https://www.youtube.com/watch?v=nI4MRwZwzMM,20201022,,4100,Qullamaggie,UCLn8btkaQ5hVWNMt9TxQtsQ
WqhNtwlAP8s,Snapchat great report! Earnings season is here!,https://www.youtube.com/watch?v=WqhNtwlAP8s,20201021,,4181,Qullamaggie,UCLn8btkaQ5hVWNMt9TxQtsQ
4jBFYGMGOH0,Solar stocks still the strongest,https://www.youtube.com/watch?v=4jBFYGMGOH0,20201019,,4309,Qullamaggie,UCLn8btkaQ5hVWNMt9TxQtsQ
G6sgZlSqPGI,Solar stocks leading,https://www.youtube.com/watch?v=G6sgZlSqPGI,20201016,,6563,Qullamaggie,UCLn8btkaQ5hVWNMt9TxQtsQ
wMbFuyfL7Xw,Potential Hight Tight Flags forming in solar stocks,https://www.youtube.com/watch?v=wMbFuyfL7Xw,20201014,,4835,Qullamaggie,UCLn8btkaQ5hVWNMt9TxQtsQ
HGCjKEnCbzw,So many strong sectors all around,https://www.youtube.com/watch?v=HGCjKEnCbzw,20201013,,5923,Qullamaggie,UCLn8btkaQ5hVWNMt9TxQtsQ
iobRxNCyEk0,Now is the time to sit and profit from the swing setups from weeks ago!,https://www.youtube.com/watch?v=iobRxNCyEk0,20201012,,5609,Qullamaggie,UCLn8btkaQ5hVWNMt9TxQtsQ
H89VW5PKYN0,A lot of wisdon today the last 50 minutes or so,https://www.youtube.com/watch?v=H89VW5PKYN0,20201009,,7593,Qullamaggie,UCLn8btkaQ5hVWNMt9TxQtsQ
zodqKgRJaRQ,Possible short setups in solar stocks emerging?,https://www.youtube.com/watch?v=zodqKgRJaRQ,20201008,,7849,Qullamaggie,UCLn8btkaQ5hVWNMt9TxQtsQ
oeVZ17lp2aY,Solar stocks are energized!,https://www.youtube.com/watch?v=oeVZ17lp2aY,20201007,,6619,Qullamaggie,UCLn8btkaQ5hVWNMt9TxQtsQ
1HWK6UOYvNM,Strength into the elections?,https://www.youtube.com/watch?v=1HWK6UOYvNM,20201006,,7659,Qullamaggie,UCLn8btkaQ5hVWNMt9TxQtsQ
b7FVVWd280g,This is yesterdays video,https://www.youtube.com/watch?v=b7FVVWd280g,20201006,,5437,Qullamaggie,UCLn8btkaQ5hVWNMt9TxQtsQ
-SpiSkkY8c0,Leaders still leading? Does YOUR portfolio consist of leaders?,https://www.youtube.com/watch?v=-SpiSkkY8c0,20201002,,7717,Qullamaggie,UCLn8btkaQ5hVWNMt9TxQtsQ
ab4Xi3onywQ,What if we get a big rally into elections?,https://www.youtube.com/watch?v=ab4Xi3onywQ,20201001,,6927,Qullamaggie,UCLn8btkaQ5hVWNMt9TxQtsQ
oKfvcX-S4M0,Lack of good setups again,https://www.youtube.com/watch?v=oKfvcX-S4M0,20200930,,3516,Qullamaggie,UCLn8btkaQ5hVWNMt9TxQtsQ
JxOTlvGUSF0,Major indinces getting rejected at supply levels...,https://www.youtube.com/watch?v=JxOTlvGUSF0,20200929,,5016,Qullamaggie,UCLn8btkaQ5hVWNMt9TxQtsQ
iH1Zf6WJX_E,Back to an autopilot market environment?,https://www.youtube.com/watch?v=iH1Zf6WJX_E,20200928,,5441,Qullamaggie,UCLn8btkaQ5hVWNMt9TxQtsQ
LMrz-rWQqac,5 star setups on their way!,https://www.youtube.com/watch?v=LMrz-rWQqac,20200925,,5309,Qullamaggie,UCLn8btkaQ5hVWNMt9TxQtsQ
28vQw4v_YfQ,Need a panic flush for a bottom!,https://www.youtube.com/watch?v=28vQw4v_YfQ,20200924,,3717,Qullamaggie,UCLn8btkaQ5hVWNMt9TxQtsQ
_JvCQKA9xXU,Leaders leading,https://www.youtube.com/watch?v=_JvCQKA9xXU,20200923,,4891,Qullamaggie,UCLn8btkaQ5hVWNMt9TxQtsQ
bwR7HYxkEAo,"Setups are here, but will the market help?",https://www.youtube.com/watch?v=bwR7HYxkEAo,20200922,,4255,Qullamaggie,UCLn8btkaQ5hVWNMt9TxQtsQ
obo0RcmxNNE,Chop but a lot of stocks setting up!,https://www.youtube.com/watch?v=obo0RcmxNNE,20200921,,3798,Qullamaggie,UCLn8btkaQ5hVWNMt9TxQtsQ
ftJpNQmD478,Chop chop chop,https://www.youtube.com/watch?v=ftJpNQmD478,20200917,,3837,Qullamaggie,UCLn8btkaQ5hVWNMt9TxQtsQ
IhSrnZXH8s4,Silver high tight flag!,https://www.youtube.com/watch?v=IhSrnZXH8s4,20200916,,8416,Qullamaggie,UCLn8btkaQ5hVWNMt9TxQtsQ
Gyx4ONHsPOw,Dead cat bounce or next leg in bull market? - Some really good setups triggered!,https://www.youtube.com/watch?v=Gyx4ONHsPOw,20200915,,6591,Qullamaggie,UCLn8btkaQ5hVWNMt9TxQtsQ
xtr4BbYRfaY,Are we going to hold the 50-day?,https://www.youtube.com/watch?v=xtr4BbYRfaY,20200911,,4669,Qullamaggie,UCLn8btkaQ5hVWNMt9TxQtsQ
5ONzPHHdtIU,I'm in The Wall Street Journal today,https://www.youtube.com/watch?v=5ONzPHHdtIU,20200909,,7483,Qullamaggie,UCLn8btkaQ5hVWNMt9TxQtsQ
z5NvNXmHmfE,Markets nearing bounce territory?,https://www.youtube.com/watch?v=z5NvNXmHmfE,20200908,,4739,Qullamaggie,UCLn8btkaQ5hVWNMt9TxQtsQ
Y8xs3JFgVwc,Finally a washout in the markets - Newbies getting schooled,https://www.youtube.com/watch?v=Y8xs3JFgVwc,20200904,,7509,Qullamaggie,UCLn8btkaQ5hVWNMt9TxQtsQ
vgAoK49ZfNA,Finally a froth reset!,https://www.youtube.com/watch?v=vgAoK49ZfNA,20200903,,8943,Qullamaggie,UCLn8btkaQ5hVWNMt9TxQtsQ
HUiY2C5jlEQ,Tesla and $TQQQ multi million dollar shorts?,https://www.youtube.com/watch?v=HUiY2C5jlEQ,20200902,,5383,Qullamaggie,UCLn8btkaQ5hVWNMt9TxQtsQ
QyFTLOZ-4zs,How far will the market go without a pullback?,https://www.youtube.com/watch?v=QyFTLOZ-4zs,20200901,,7425,Qullamaggie,UCLn8btkaQ5hVWNMt9TxQtsQ
IAsZLSfInT4,Welcome to all the Estonian followers!,https://www.youtube.com/watch?v=IAsZLSfInT4,20200827,,7950,Qullamaggie,UCLn8btkaQ5hVWNMt9TxQtsQ
vTxXrU5jjAk,Unstoppable market!,https://www.youtube.com/watch?v=vTxXrU5jjAk,20200826,,5817,Qullamaggie,UCLn8btkaQ5hVWNMt9TxQtsQ
gIJPs1a4cC8,Apple and Tesla starting to go parabolic,https://www.youtube.com/watch?v=gIJPs1a4cC8,20200824,,5062,Qullamaggie,UCLn8btkaQ5hVWNMt9TxQtsQ
WczOCnD0f5w,Lots of setups triggered this week but will they have good follow through?,https://www.youtube.com/watch?v=WczOCnD0f5w,20200821,,5821,Qullamaggie,UCLn8btkaQ5hVWNMt9TxQtsQ
FTSL0y3Jk_E,A few good setups... but will they follow through??,https://www.youtube.com/watch?v=FTSL0y3Jk_E,20200820,,2468,Qullamaggie,UCLn8btkaQ5hVWNMt9TxQtsQ
4pNRHwHAJgw,Crypto setups special! -Swing Trading School about 65 minutes  in-,https://www.youtube.com/watch?v=4pNRHwHAJgw,20200819,,8147,Qullamaggie,UCLn8btkaQ5hVWNMt9TxQtsQ
3WOCGilnS6A,Maybe becoming an activist investor,https://www.youtube.com/watch?v=3WOCGilnS6A,20200818,,7298,Qullamaggie,UCLn8btkaQ5hVWNMt9TxQtsQ
0TtPc372p1Q,"If you trade random stocks and random setups, you wll have shit results.",https://www.youtube.com/watch?v=0TtPc372p1Q,20200817,,8329,Qullamaggie,UCLn8btkaQ5hVWNMt9TxQtsQ
vYDDihwS1oM,"If you want to make millions, YOU have to do the work. I'm just here to guide you and provide inspir",https://www.youtube.com/watch?v=vYDDihwS1oM,20200814,,5457,Qullamaggie,UCLn8btkaQ5hVWNMt9TxQtsQ
0uj98guIOpA,Good setups are coming back!,https://www.youtube.com/watch?v=0uj98guIOpA,20200813,,7341,Qullamaggie,UCLn8btkaQ5hVWNMt9TxQtsQ
ZdXxuBIFTZ0,Time for patience! -Swing Trading School first hour or so-,https://www.youtube.com/watch?v=ZdXxuBIFTZ0,20200812,,7103,Qullamaggie,UCLn8btkaQ5hVWNMt9TxQtsQ
438_cyYQ888,Sector rotation from leaders to laggards today - Swing Trading School last 55 minutes -,https://www.youtube.com/watch?v=438_cyYQ888,20200810,,5863,Qullamaggie,UCLn8btkaQ5hVWNMt9TxQtsQ
gHowL9YTRbg,Sector rotation from leaders to laggards today - Swing Trading School last 55 minutes -,https://www.youtube.com/watch?v=gHowL9YTRbg,20200810,,5863,Qullamaggie,UCLn8btkaQ5hVWNMt9TxQtsQ
aTIADs82W_k,Earnings season,https://www.youtube.com/watch?v=aTIADs82W_k,20200807,,7891,Qullamaggie,UCLn8btkaQ5hVWNMt9TxQtsQ
2f1nX_TGelQ,Earnings season - finding the next big winners! -Swing trading school last 65 minutes-,https://www.youtube.com/watch?v=2f1nX_TGelQ,20200806,,9049,Qullamaggie,UCLn8btkaQ5hVWNMt9TxQtsQ
YYFwzNZkRDI,Perfect short setup on $LVGO! -Swing trading school last 55 minutes-,https://www.youtube.com/watch?v=YYFwzNZkRDI,20200805,,7404,Qullamaggie,UCLn8btkaQ5hVWNMt9TxQtsQ
WfpvTnScSE8,Made back my $1.5M loss from last week! Swing trading school last 40 minutes,https://www.youtube.com/watch?v=WfpvTnScSE8,20200804,,5402,Qullamaggie,UCLn8btkaQ5hVWNMt9TxQtsQ
X9vP9hJY6qM,Swing trading school -last 40 minutes-,https://www.youtube.com/watch?v=X9vP9hJY6qM,20200803,,4757,Qullamaggie,UCLn8btkaQ5hVWNMt9TxQtsQ
KsozMIjFBis,Swing trading school coming!,https://www.youtube.com/watch?v=KsozMIjFBis,20200731,,4004,Qullamaggie,UCLn8btkaQ5hVWNMt9TxQtsQ
TsI1kd_DHTU,Success in trading is about shrugging off an occasional big loss quick and sticking to your process,https://www.youtube.com/watch?v=TsI1kd_DHTU,20200730,,10022,Qullamaggie,UCLn8btkaQ5hVWNMt9TxQtsQ
VtBYmOR83oU,How to lose 1.5 million by accident...,https://www.youtube.com/watch?v=VtBYmOR83oU,20200729,,6463,Qullamaggie,UCLn8btkaQ5hVWNMt9TxQtsQ
5KN9uyYF5uo,Lots of bullish flags among the momentum leaders!,https://www.youtube.com/watch?v=5KN9uyYF5uo,20200728,,5747,Qullamaggie,UCLn8btkaQ5hVWNMt9TxQtsQ
_2urSPdZVec,Will there be a million dollar opportunity this week?,https://www.youtube.com/watch?v=_2urSPdZVec,20200727,,6634,Qullamaggie,UCLn8btkaQ5hVWNMt9TxQtsQ
pFyOTs6xXRs,Damn its choppy out there,https://www.youtube.com/watch?v=pFyOTs6xXRs,20200724,,8295,Qullamaggie,UCLn8btkaQ5hVWNMt9TxQtsQ
PraCEKu-Cos,Tesla and Twitter earnings!,https://www.youtube.com/watch?v=PraCEKu-Cos,20200723,,6859,Qullamaggie,UCLn8btkaQ5hVWNMt9TxQtsQ
g15zVdsJUXo,On the hunt for the next million dollar opportunity!,https://www.youtube.com/watch?v=g15zVdsJUXo,20200722,,5608,Qullamaggie,UCLn8btkaQ5hVWNMt9TxQtsQ
QBZO0UglZ8w,"Momentum leaders leading, laggards lagging",https://www.youtube.com/watch?v=QBZO0UglZ8w,20200721,,6804,Qullamaggie,UCLn8btkaQ5hVWNMt9TxQtsQ
SN9Rlh25xWs,Looks like I got shaken out of some  of the momentum leaders last week...,https://www.youtube.com/watch?v=SN9Rlh25xWs,20200720,,5915,Qullamaggie,UCLn8btkaQ5hVWNMt9TxQtsQ
H6Zu-9jwlyo,Next leg in the markets going to be up or down?,https://www.youtube.com/watch?v=H6Zu-9jwlyo,20200718,,3821,Qullamaggie,UCLn8btkaQ5hVWNMt9TxQtsQ
GAUMqB_R1bE,"If you are easily triggered, don't watch this!",https://www.youtube.com/watch?v=GAUMqB_R1bE,20200715,,8509,Qullamaggie,UCLn8btkaQ5hVWNMt9TxQtsQ
cMkRsqvlVHM,Finally the expected rug pull! Now what?,https://www.youtube.com/watch?v=cMkRsqvlVHM,20200714,,5375,Qullamaggie,UCLn8btkaQ5hVWNMt9TxQtsQ
YwMoUTd4naQ,Tech and software stocks in melt-up mode! Will there be some reversals soon?,https://www.youtube.com/watch?v=YwMoUTd4naQ,20200713,,8371,Qullamaggie,UCLn8btkaQ5hVWNMt9TxQtsQ
XFjjt4Cm16I,Slow melt up continues but some short setups may be developing,https://www.youtube.com/watch?v=XFjjt4Cm16I,20200710,,7806,Qullamaggie,UCLn8btkaQ5hVWNMt9TxQtsQ
GVTyWZCJPn0,Tech and software stocks in melt-up mode! Millionaire minting market,https://www.youtube.com/watch?v=GVTyWZCJPn0,20200709,,7696,Qullamaggie,UCLn8btkaQ5hVWNMt9TxQtsQ
hgrjw6IxFGY,Big shorting opportunities developing in $NIO and $OSTK,https://www.youtube.com/watch?v=hgrjw6IxFGY,20200708,,6647,Qullamaggie,UCLn8btkaQ5hVWNMt9TxQtsQ
UTbvV7Rqd4E,Couple of rants about spending 1000+ hours studying how stocks move.,https://www.youtube.com/watch?v=UTbvV7Rqd4E,20200706,,6916,Qullamaggie,UCLn8btkaQ5hVWNMt9TxQtsQ
zxqFTq59gZU,"If you don't spend time studying historical stock moves over the weekend, you won't make it trading",https://www.youtube.com/watch?v=zxqFTq59gZU,20200702,,4924,Qullamaggie,UCLn8btkaQ5hVWNMt9TxQtsQ
6fsq62nKgH0,"Feels like markets are tired, BUT, a few parabolic moves in momentum leaders starting",https://www.youtube.com/watch?v=6fsq62nKgH0,20200701,,6709,Qullamaggie,UCLn8btkaQ5hVWNMt9TxQtsQ
0pD5-sFX4Vk,"If you don't trade the momentum leaders, you have no future!",https://www.youtube.com/watch?v=0pD5-sFX4Vk,20200630,,4606,Qullamaggie,UCLn8btkaQ5hVWNMt9TxQtsQ
kITl8W5eaEA,Many hight tight flags developing! Multi million dollar opportunities setting up!,https://www.youtube.com/watch?v=kITl8W5eaEA,20200629,,8192,Qullamaggie,UCLn8btkaQ5hVWNMt9TxQtsQ
f-SBHehrtR0,I thought I would make a million bucks today shorting $NVAX $INO and $VXRT,https://www.youtube.com/watch?v=f-SBHehrtR0,20200626,,7338,Qullamaggie,UCLn8btkaQ5hVWNMt9TxQtsQ
J6TJkwrTH6E,Watch this if you want to learn to play defense when you are heavily long and the market pulls back!,https://www.youtube.com/watch?v=J6TJkwrTH6E,20200624,,6119,Qullamaggie,UCLn8btkaQ5hVWNMt9TxQtsQ
tnHw5CKxcH4,Biggest short opportunity in months setting up,https://www.youtube.com/watch?v=tnHw5CKxcH4,20200623,,7808,Qullamaggie,UCLn8btkaQ5hVWNMt9TxQtsQ
WIeBGz4Og8Y,Opportunities of a lifetime!,https://www.youtube.com/watch?v=WIeBGz4Og8Y,20200622,,8192,Qullamaggie,UCLn8btkaQ5hVWNMt9TxQtsQ
Nb1NvTY5Ulk,"Frothy market, and I LOVE IT",https://www.youtube.com/watch?v=Nb1NvTY5Ulk,20200619,,6342,Qullamaggie,UCLn8btkaQ5hVWNMt9TxQtsQ
TfS-YmicyQ0,The market doesn't care how smart you are or how much information you think you have.,https://www.youtube.com/watch?v=TfS-YmicyQ0,20200618,,7458,Qullamaggie,UCLn8btkaQ5hVWNMt9TxQtsQ
OsnRBJF0xr0,Is it even possible to lose in this market?,https://www.youtube.com/watch?v=OsnRBJF0xr0,20200617,,3541,Qullamaggie,UCLn8btkaQ5hVWNMt9TxQtsQ
YjKKvjN0I54,How to make $500K by sleeping.,https://www.youtube.com/watch?v=YjKKvjN0I54,20200616,,6954,Qullamaggie,UCLn8btkaQ5hVWNMt9TxQtsQ
fw3E0Zu7IwI,Is this the start of a larger correction or just a mild bull market pullback?,https://www.youtube.com/watch?v=fw3E0Zu7IwI,20200615,,5480,Qullamaggie,UCLn8btkaQ5hVWNMt9TxQtsQ
DIvPxYjxRlg,Leading stocks holding up like champions despite the market weakness.,https://www.youtube.com/watch?v=DIvPxYjxRlg,20200612,,7166,Qullamaggie,UCLn8btkaQ5hVWNMt9TxQtsQ
m8KjHohwlzM,"If you want to make millions, YOU HAVE TO put in the work. No shortcuts.",https://www.youtube.com/watch?v=m8KjHohwlzM,20200611,,7340,Qullamaggie,UCLn8btkaQ5hVWNMt9TxQtsQ
0oyd5iYY4GU,Best. Trading. Market. Ever.,https://www.youtube.com/watch?v=0oyd5iYY4GU,20200610,,7909,Qullamaggie,UCLn8btkaQ5hVWNMt9TxQtsQ
5S-spryFw8Y,BIG opportunities ruined by the gap down. Did nail $NKLA short though,https://www.youtube.com/watch?v=5S-spryFw8Y,20200609,,10697,Qullamaggie,UCLn8btkaQ5hVWNMt9TxQtsQ
BaOesIGPVUo,Never in 9 years of trading have I seen this many good lond AND short setups at the same time!,https://www.youtube.com/watch?v=BaOesIGPVUo,20200608,,10220,Qullamaggie,UCLn8btkaQ5hVWNMt9TxQtsQ
io4TknSgkUk,THE best daytrading setup.,https://www.youtube.com/watch?v=io4TknSgkUk,20200604,,10378,Qullamaggie,UCLn8btkaQ5hVWNMt9TxQtsQ
ROkbcEVTH9w,Market is getting too easy.,https://www.youtube.com/watch?v=ROkbcEVTH9w,20200603,,7240,Qullamaggie,UCLn8btkaQ5hVWNMt9TxQtsQ
uZFKiMA3M1I,Best swing trading market ever. Just activate autopilpot and all bad news gets absorbed,https://www.youtube.com/watch?v=uZFKiMA3M1I,20200602,,6770,Qullamaggie,UCLn8btkaQ5hVWNMt9TxQtsQ
QaTaHNR_FkI,$ZS new earnings trade. Can it double from here?,https://www.youtube.com/watch?v=QaTaHNR_FkI,20200529,,6544,Qullamaggie,UCLn8btkaQ5hVWNMt9TxQtsQ
HsXadHE5hd4,Million dollar setups starting to develop in growth land,https://www.youtube.com/watch?v=HsXadHE5hd4,20200528,,5830,Qullamaggie,UCLn8btkaQ5hVWNMt9TxQtsQ
KciAjkEFA6s,"My setups, methodology, and how to build trading mastery",https://www.youtube.com/watch?v=KciAjkEFA6s,20200527,,2252,Qullamaggie,UCLn8btkaQ5hVWNMt9TxQtsQ
1GUt-E5lNps,Millions in profits and how to quickly switch from net long to net short.,https://www.youtube.com/watch?v=1GUt-E5lNps,20200527,,7017,Qullamaggie,UCLn8btkaQ5hVWNMt9TxQtsQ
Ql4nFb4oPpA,Trading and Chuck Norris.,https://www.youtube.com/watch?v=Ql4nFb4oPpA,20200526,,6483,Qullamaggie,UCLn8btkaQ5hVWNMt9TxQtsQ
foGdZubGoGA,Will my value investments make me a million or should I stick to momentum trading?,https://www.youtube.com/watch?v=foGdZubGoGA,20200521,,6750,Qullamaggie,UCLn8btkaQ5hVWNMt9TxQtsQ
-4SriUVLDKo,If Twitter says $MARK is worth $16 and I buy at $1.65... is that value investing?,https://www.youtube.com/watch?v=-4SriUVLDKo,20200520,,6950,Qullamaggie,UCLn8btkaQ5hVWNMt9TxQtsQ
r2A9mbmMl_0,All the pumps lost mojo,https://www.youtube.com/watch?v=r2A9mbmMl_0,20200515,,6728,Qullamaggie,UCLn8btkaQ5hVWNMt9TxQtsQ
wD4q_XHL8B0,The most speculative portfolio ever. Can $FMCI double-triple?,https://www.youtube.com/watch?v=wD4q_XHL8B0,20200514,,7680,Qullamaggie,UCLn8btkaQ5hVWNMt9TxQtsQ
7tIk1NhphuQ,Finally about to get a base building period after straight up panic buying?,https://www.youtube.com/watch?v=7tIk1NhphuQ,20200513,,6169,Qullamaggie,UCLn8btkaQ5hVWNMt9TxQtsQ
S3n57pIXboE,$MARK potential MILLION dollar trade on the hook!,https://www.youtube.com/watch?v=S3n57pIXboE,20200511,,6511,Qullamaggie,UCLn8btkaQ5hVWNMt9TxQtsQ
VTqwr9d1g0Y,Over $9 million in long exposure. Something has to go before the weekend....,https://www.youtube.com/watch?v=VTqwr9d1g0Y,20200508,,6322,Qullamaggie,UCLn8btkaQ5hVWNMt9TxQtsQ
-NtTGFhV268,Earnings season opportunities!,https://www.youtube.com/watch?v=-NtTGFhV268,20200507,,6109,Qullamaggie,UCLn8btkaQ5hVWNMt9TxQtsQ
Feyk4S1vVRk,Earnings season opportunities!,https://www.youtube.com/watch?v=Feyk4S1vVRk,20200506,,4651,Qullamaggie,UCLn8btkaQ5hVWNMt9TxQtsQ
0381XJA3DBQ,Many new long and short setups forming!,https://www.youtube.com/watch?v=0381XJA3DBQ,20200505,,5971,Qullamaggie,UCLn8btkaQ5hVWNMt9TxQtsQ
9wmeTRTVN8k,Can the the indices hold the rising 20 SMA support?,https://www.youtube.com/watch?v=9wmeTRTVN8k,20200504,,3629,Qullamaggie,UCLn8btkaQ5hVWNMt9TxQtsQ
Na2y_RrKZZI,"Short setups, classical music and $UAVS scam",https://www.youtube.com/watch?v=Na2y_RrKZZI,20200430,,8053,Qullamaggie,UCLn8btkaQ5hVWNMt9TxQtsQ
RnyU_0eq5ac,Earnings in growth stocks starting to come in!,https://www.youtube.com/watch?v=RnyU_0eq5ac,20200429,,6267,Qullamaggie,UCLn8btkaQ5hVWNMt9TxQtsQ
48oX0A2V0-0,"Million dollar setups. Entries done, now it's all about waiting for them to play out.",https://www.youtube.com/watch?v=48oX0A2V0-0,20200428,,6732,Qullamaggie,UCLn8btkaQ5hVWNMt9TxQtsQ
BEAQXNtA5ok,Beaten down names 50-100% upside!,https://www.youtube.com/watch?v=BEAQXNtA5ok,20200427,,6390,Qullamaggie,UCLn8btkaQ5hVWNMt9TxQtsQ
MZETs09mFxM,30-50% moves coming in select names!!,https://www.youtube.com/watch?v=MZETs09mFxM,20200424,,5779,Qullamaggie,UCLn8btkaQ5hVWNMt9TxQtsQ
vw3_-dq_pIQ,A market of bull and bear flags everywhere!,https://www.youtube.com/watch?v=vw3_-dq_pIQ,20200423,,6456,Qullamaggie,UCLn8btkaQ5hVWNMt9TxQtsQ
OKNpuzHF3fQ,Bear flags starting to break down?,https://www.youtube.com/watch?v=OKNpuzHF3fQ,20200422,,4670,Qullamaggie,UCLn8btkaQ5hVWNMt9TxQtsQ
TcLLotmFsig,I'M BACK BABY! Finally a huge day after 3 weeks of frustration,https://www.youtube.com/watch?v=TcLLotmFsig,20200421,,6474,Qullamaggie,UCLn8btkaQ5hVWNMt9TxQtsQ
T1oQYHFdW-Q,Bear market rally or 1st leg of a new bull?,https://www.youtube.com/watch?v=T1oQYHFdW-Q,20200420,,4804,Qullamaggie,UCLn8btkaQ5hVWNMt9TxQtsQ
SvTWDAao4pI,Sell the news coming in the markets?,https://www.youtube.com/watch?v=SvTWDAao4pI,20200417,,6109,Qullamaggie,UCLn8btkaQ5hVWNMt9TxQtsQ
FAttgBCppdI,Big time divergence in the markets right now. Something has to give,https://www.youtube.com/watch?v=FAttgBCppdI,20200416,,2499,Qullamaggie,UCLn8btkaQ5hVWNMt9TxQtsQ
ohS61T28TdA,Damn gap down. They are not giving us a good setup...,https://www.youtube.com/watch?v=ohS61T28TdA,20200415,,9304,Qullamaggie,UCLn8btkaQ5hVWNMt9TxQtsQ
Lt68eBBvMv0,Major FOMO going on right now.,https://www.youtube.com/watch?v=Lt68eBBvMv0,20200414,,4256,Qullamaggie,UCLn8btkaQ5hVWNMt9TxQtsQ
IdhF1IIFl3I,The patience to wait for the next MILLION dollar opportunity.,https://www.youtube.com/watch?v=IdhF1IIFl3I,20200413,,3140,Qullamaggie,UCLn8btkaQ5hVWNMt9TxQtsQ
lPlvRt2p4Rk,Where are we headed from here?,https://www.youtube.com/watch?v=lPlvRt2p4Rk,20200408,,2505,Qullamaggie,UCLn8btkaQ5hVWNMt9TxQtsQ
0uqM3whoWB4,Markets starting to hit resistance areas. What's next?,https://www.youtube.com/watch?v=0uqM3whoWB4,20200407,,5025,Qullamaggie,UCLn8btkaQ5hVWNMt9TxQtsQ
_t_OGlyfhiI,Starting to see breakouts among my favorite growth stocks!!!,https://www.youtube.com/watch?v=_t_OGlyfhiI,20200406,,4203,Qullamaggie,UCLn8btkaQ5hVWNMt9TxQtsQ
qbsODW_GIHg,I was shaken out of my $TSLA short near the top...,https://www.youtube.com/watch?v=qbsODW_GIHg,20200403,,3254,Qullamaggie,UCLn8btkaQ5hVWNMt9TxQtsQ
fi2acIEmnKU,My favorite growth stock turned out to be a FRAUD!,https://www.youtube.com/watch?v=fi2acIEmnKU,20200402,,3382,Qullamaggie,UCLn8btkaQ5hVWNMt9TxQtsQ
oOaOUgW1Hqk,This gap down ruining my setups!,https://www.youtube.com/watch?v=oOaOUgW1Hqk,20200327,,2888,Qullamaggie,UCLn8btkaQ5hVWNMt9TxQtsQ
3ewTEp3lU38,Market in limbo. Potential monster setups building though,https://www.youtube.com/watch?v=3ewTEp3lU38,20200326,,3456,Qullamaggie,UCLn8btkaQ5hVWNMt9TxQtsQ
Q1ip6XwoJxY,Bear market rally,https://www.youtube.com/watch?v=Q1ip6XwoJxY,20200325,,3824,Qullamaggie,UCLn8btkaQ5hVWNMt9TxQtsQ
tJufYfo9eTg,$TVIX sub $300! f'king awesome!,https://www.youtube.com/watch?v=tJufYfo9eTg,20200324,,5376,Qullamaggie,UCLn8btkaQ5hVWNMt9TxQtsQ
lZNUaBx_H98,$TVIX on its way to sub $300?,https://www.youtube.com/watch?v=lZNUaBx_H98,20200323,,4333,Qullamaggie,UCLn8btkaQ5hVWNMt9TxQtsQ
ZUjdlhuu03k,$1.3M gain on $TVIX.,https://www.youtube.com/watch?v=ZUjdlhuu03k,20200320,,6773,Qullamaggie,UCLn8btkaQ5hVWNMt9TxQtsQ
X3g9WO5T3bo,$100K missed opportunities because I'm too slow!,https://www.youtube.com/watch?v=X3g9WO5T3bo,20200319,,6218,Qullamaggie,UCLn8btkaQ5hVWNMt9TxQtsQ
_Nst8wVuNWo,Many large cap leaders down $35-40%+. Huge opportunity or a trap?,https://www.youtube.com/watch?v=_Nst8wVuNWo,20200318,,2365,Qullamaggie,UCLn8btkaQ5hVWNMt9TxQtsQ
kmSFnqIL6Hk,A MILLION DOLLAR LOSS on $TVIX. - still up on the month.,https://www.youtube.com/watch?v=kmSFnqIL6Hk,20200316,,6255,Qullamaggie,UCLn8btkaQ5hVWNMt9TxQtsQ
2ly2kCBn5wE,I'm turning BULLISH again on some of the virus names?,https://www.youtube.com/watch?v=2ly2kCBn5wE,20200311,,4613,Qullamaggie,UCLn8btkaQ5hVWNMt9TxQtsQ
TDBSryudRno,$TVIX still has 50% of downside!,https://www.youtube.com/watch?v=TDBSryudRno,20200310,,3031,Qullamaggie,UCLn8btkaQ5hVWNMt9TxQtsQ
VOIWwBeNFgI,$TVIX INSANE volatility. Down $500K to...?,https://www.youtube.com/watch?v=VOIWwBeNFgI,20200309,,11077,Qullamaggie,UCLn8btkaQ5hVWNMt9TxQtsQ
jdzlp4nUoQI,Will $TVIX be my biggest trade ever?,https://www.youtube.com/watch?v=jdzlp4nUoQI,20200306,,6501,Qullamaggie,UCLn8btkaQ5hVWNMt9TxQtsQ
qW_SWOqV0F8,China and US growth stocks VERY STRONG!,https://www.youtube.com/watch?v=qW_SWOqV0F8,20200305,,6717,Qullamaggie,UCLn8btkaQ5hVWNMt9TxQtsQ
62v5pmWOr2k,Corona stocks momentum leaving?,https://www.youtube.com/watch?v=62v5pmWOr2k,20200304,,6729,Qullamaggie,UCLn8btkaQ5hVWNMt9TxQtsQ
WlbAhWQ8Oo4,Is TESLA setting up for antoher pullback?,https://www.youtube.com/watch?v=WlbAhWQ8Oo4,20200303,,4812,Qullamaggie,UCLn8btkaQ5hVWNMt9TxQtsQ
c60pzLWGL_I,Still getting big opportunities trading virus stocks!,https://www.youtube.com/watch?v=c60pzLWGL_I,20200302,,6889,Qullamaggie,UCLn8btkaQ5hVWNMt9TxQtsQ
22NgCX0FFv4,EPIC 7-figure profit week!,https://www.youtube.com/watch?v=22NgCX0FFv4,20200228,,6331,Qullamaggie,UCLn8btkaQ5hVWNMt9TxQtsQ
e5Cc6XHg-7E,Covid / Corona stocks going nuts! I'm long a bunch!,https://www.youtube.com/watch?v=e5Cc6XHg-7E,20200226,,6062,Qullamaggie,UCLn8btkaQ5hVWNMt9TxQtsQ
iuzNFGgMu_0,Now is the time to stalk for RELATIVE STRENGTH in the markets!,https://www.youtube.com/watch?v=iuzNFGgMu_0,20200225,,4565,Qullamaggie,UCLn8btkaQ5hVWNMt9TxQtsQ
ZwPbyiN3Qvo,Coronavirus getinng HOT again and will the markets finally have a pullback?,https://www.youtube.com/watch?v=ZwPbyiN3Qvo,20200224,,4894,Qullamaggie,UCLn8btkaQ5hVWNMt9TxQtsQ
v57-ET009qU,$SPCE coming back to earth soon?,https://www.youtube.com/watch?v=v57-ET009qU,20200221,,4372,Qullamaggie,UCLn8btkaQ5hVWNMt9TxQtsQ
EijLXzBCJDU,$SPCE going to space?,https://www.youtube.com/watch?v=EijLXzBCJDU,20200220,,2611,Qullamaggie,UCLn8btkaQ5hVWNMt9TxQtsQ
AG226y4hi1E,Tesla going to $1500?,https://www.youtube.com/watch?v=AG226y4hi1E,20200219,,4526,Qullamaggie,UCLn8btkaQ5hVWNMt9TxQtsQ
GRjU7SZMfD8,Great earnints reports and a short candidate,https://www.youtube.com/watch?v=GRjU7SZMfD8,20200218,,4627,Qullamaggie,UCLn8btkaQ5hVWNMt9TxQtsQ
PZNGPoSE7Z8,So many good earnings reports!,https://www.youtube.com/watch?v=PZNGPoSE7Z8,20200214,,4513,Qullamaggie,UCLn8btkaQ5hVWNMt9TxQtsQ
DrZPOU_gi7o,"Tesla is flagging, can it go to $2000?",https://www.youtube.com/watch?v=DrZPOU_gi7o,20200213,,5697,Qullamaggie,UCLn8btkaQ5hVWNMt9TxQtsQ
eTanNJy7c38,Filing for a Large Trader with the SEC!!!,https://www.youtube.com/watch?v=eTanNJy7c38,20200212,,4318,Qullamaggie,UCLn8btkaQ5hVWNMt9TxQtsQ
8BkmpMsuORk,Earnings season and the hunt for the next 6-figure opportunity is here.,https://www.youtube.com/watch?v=8BkmpMsuORk,20200211,,5185,Qullamaggie,UCLn8btkaQ5hVWNMt9TxQtsQ
RH2PtfGq-Qo,Tesla gap up and fade,https://www.youtube.com/watch?v=RH2PtfGq-Qo,20200210,,4656,Qullamaggie,UCLn8btkaQ5hVWNMt9TxQtsQ
NYt6LZjxuLI,$TSLA bounce day,https://www.youtube.com/watch?v=NYt6LZjxuLI,20200206,,4077,Qullamaggie,UCLn8btkaQ5hVWNMt9TxQtsQ
-aU0q7YElys,"Tesla half a MILLION trade so far, can I get to 1 MILLION?",https://www.youtube.com/watch?v=-aU0q7YElys,20200205,,5530,Qullamaggie,UCLn8btkaQ5hVWNMt9TxQtsQ
TNcRB7L6az8,"Shorting Tesla, a potential MILLION dollar opportunity if done right",https://www.youtube.com/watch?v=TNcRB7L6az8,20200205,,24583,Qullamaggie,UCLn8btkaQ5hVWNMt9TxQtsQ
qmhLHCHRBnM,Coronavirus stocks choppiest theme pumps I've ever seen.,https://www.youtube.com/watch?v=qmhLHCHRBnM,20200203,,4506,Qullamaggie,UCLn8btkaQ5hVWNMt9TxQtsQ
WG7fUB04aaM,Corona plays and Tesla!,https://www.youtube.com/watch?v=WG7fUB04aaM,20200131,,6432,Qullamaggie,UCLn8btkaQ5hVWNMt9TxQtsQ
AO35uWnIRZs,The hunt for the next 6-figure opportunity! Maybe Tesla on earnings tonight?,https://www.youtube.com/watch?v=AO35uWnIRZs,20200129,,2476,Qullamaggie,UCLn8btkaQ5hVWNMt9TxQtsQ
qRoYBAiZys4,My coronavirus plays gapping lower.,https://www.youtube.com/watch?v=qRoYBAiZys4,20200128,,4470,Qullamaggie,UCLn8btkaQ5hVWNMt9TxQtsQ
ZS0JjG1EfpU,My coronavirus plays gapping higher.,https://www.youtube.com/watch?v=ZS0JjG1EfpU,20200127,,4742,Qullamaggie,UCLn8btkaQ5hVWNMt9TxQtsQ
B1TCCDizExQ,Test driving a Tesla Model X today. Going to manage $TSLA short from mobile,https://www.youtube.com/watch?v=B1TCCDizExQ,20200123,,3235,Qullamaggie,UCLn8btkaQ5hVWNMt9TxQtsQ
O333thFuU40,I gave back $200K in profits on $FCEL in 15 minutes...,https://www.youtube.com/watch?v=O333thFuU40,20200122,,4696,Qullamaggie,UCLn8btkaQ5hVWNMt9TxQtsQ
3328puCDrks,Flu stocks waking up,https://www.youtube.com/watch?v=3328puCDrks,20200121,,4530,Qullamaggie,UCLn8btkaQ5hVWNMt9TxQtsQ
AAs9-ZO33eA,Another week of GREAT trading opportunities!,https://www.youtube.com/watch?v=AAs9-ZO33eA,20200117,,2884,Qullamaggie,UCLn8btkaQ5hVWNMt9TxQtsQ
u84s3-ehrw4,$TSLA trades like a smallcap pump. UNLIMITED liquidity to trade around in it,https://www.youtube.com/watch?v=u84s3-ehrw4,20200116,,4883,Qullamaggie,UCLn8btkaQ5hVWNMt9TxQtsQ
a4Al3E-Voxg,Markets just keep grinding higher,https://www.youtube.com/watch?v=a4Al3E-Voxg,20200115,,4229,Qullamaggie,UCLn8btkaQ5hVWNMt9TxQtsQ
FN20YOH_XRM,Almost $150K in profits out of the gate! CRAZY open today!,https://www.youtube.com/watch?v=FN20YOH_XRM,20200114,,6534,Qullamaggie,UCLn8btkaQ5hVWNMt9TxQtsQ
arUI0OLD0u8,$30K loss on $CPAH in MINTUES,https://www.youtube.com/watch?v=arUI0OLD0u8,20200113,,5468,Qullamaggie,UCLn8btkaQ5hVWNMt9TxQtsQ
PvL5_kwE0fI,Lets finish the week big!,https://www.youtube.com/watch?v=PvL5_kwE0fI,20200110,,4839,Qullamaggie,UCLn8btkaQ5hVWNMt9TxQtsQ
4UWLcS4-lbI,Resilient markets,https://www.youtube.com/watch?v=4UWLcS4-lbI,20200109,,5045,Qullamaggie,UCLn8btkaQ5hVWNMt9TxQtsQ
1QtMVbPrKUw,What is the price action telling us despite recent news?,https://www.youtube.com/watch?v=1QtMVbPrKUw,20200108,,4600,Qullamaggie,UCLn8btkaQ5hVWNMt9TxQtsQ
o3IoaGLCxz4,$SAVA what a beast long and a beast short!,https://www.youtube.com/watch?v=o3IoaGLCxz4,20200107,,5275,Qullamaggie,UCLn8btkaQ5hVWNMt9TxQtsQ
SrIGW4fvzFE,$SAVA long up 50% in a few hours!,https://www.youtube.com/watch?v=SrIGW4fvzFE,20200106,,4888,Qullamaggie,UCLn8btkaQ5hVWNMt9TxQtsQ
1X0J9XbF7I4,New yeart starts with lots of opportunities already!,https://www.youtube.com/watch?v=1X0J9XbF7I4,20200102,,4406,Qullamaggie,UCLn8btkaQ5hVWNMt9TxQtsQ
yGdp9C0n6DM,$300K profit on $RAD short to end an already great year!,https://www.youtube.com/watch?v=yGdp9C0n6DM,20191231,,4395,Qullamaggie,UCLn8btkaQ5hVWNMt9TxQtsQ
0Ew3DImAZlw,Great trading opportunities everywhere!,https://www.youtube.com/watch?v=0Ew3DImAZlw,20191227,,5128,Qullamaggie,UCLn8btkaQ5hVWNMt9TxQtsQ
_3LVGLEAlKQ,Biotech CRAZINESS continues,https://www.youtube.com/watch?v=_3LVGLEAlKQ,20191220,,4362,Qullamaggie,UCLn8btkaQ5hVWNMt9TxQtsQ
l2olCkDuHGo,Biotech moonshots can't pull back!,https://www.youtube.com/watch?v=l2olCkDuHGo,20191219,,5979,Qullamaggie,UCLn8btkaQ5hVWNMt9TxQtsQ
SZ0QELUoCJ4,Biotech MANIA?,https://www.youtube.com/watch?v=SZ0QELUoCJ4,20191218,,3552,Qullamaggie,UCLn8btkaQ5hVWNMt9TxQtsQ
UmAdr1cM3RY,Back at streaming!,https://www.youtube.com/watch?v=UmAdr1cM3RY,20191218,,3817,Qullamaggie,UCLn8btkaQ5hVWNMt9TxQtsQ
3w5BmkbsJpo,"Markets are hot, sick opportunitues!",https://www.youtube.com/watch?v=3w5BmkbsJpo,20191129,,7548,Qullamaggie,UCLn8btkaQ5hVWNMt9TxQtsQ
cKfK0F3ENvM,Markets are hot right now!,https://www.youtube.com/watch?v=cKfK0F3ENvM,20191127,,4322,Qullamaggie,UCLn8btkaQ5hVWNMt9TxQtsQ
diApIcC5i-s,Markets are hot right now!,https://www.youtube.com/watch?v=diApIcC5i-s,20191126,,5749,Qullamaggie,UCLn8btkaQ5hVWNMt9TxQtsQ
_esqrDEJJdg,$250K in profits on $KRTX short!,https://www.youtube.com/watch?v=_esqrDEJJdg,20191125,,5682,Qullamaggie,UCLn8btkaQ5hVWNMt9TxQtsQ
6XgAT5LW9Ks,Two 6-figure trades in the portfolio!,https://www.youtube.com/watch?v=6XgAT5LW9Ks,20191119,,3698,Qullamaggie,UCLn8btkaQ5hVWNMt9TxQtsQ
cEryzoN5WNw,APES GM Maitoz tries to gank me,https://www.youtube.com/watch?v=cEryzoN5WNw,20191116,,95,Qullamaggie,UCLn8btkaQ5hVWNMt9TxQtsQ
gqzntxo4DdI,Last opportunities of the earnings season!,https://www.youtube.com/watch?v=gqzntxo4DdI,20191115,,2789,Qullamaggie,UCLn8btkaQ5hVWNMt9TxQtsQ
sUU3mXKLgok,100% in 2 days on $FCEL! Can it go more?,https://www.youtube.com/watch?v=sUU3mXKLgok,20191114,,2108,Qullamaggie,UCLn8btkaQ5hVWNMt9TxQtsQ
Ab6bXsSfweo,Almost end of earnings season,https://www.youtube.com/watch?v=Ab6bXsSfweo,20191112,,3733,Qullamaggie,UCLn8btkaQ5hVWNMt9TxQtsQ
MSVE_HaH0qo,Earnings season almost over!,https://www.youtube.com/watch?v=MSVE_HaH0qo,20191111,,3746,Qullamaggie,UCLn8btkaQ5hVWNMt9TxQtsQ
pomzmadhQV0,Slow earnings day!,https://www.youtube.com/watch?v=pomzmadhQV0,20191108,,4502,Qullamaggie,UCLn8btkaQ5hVWNMt9TxQtsQ
8uyENUhiW1c,Great earnings breakouts,https://www.youtube.com/watch?v=8uyENUhiW1c,20191107,,4791,Qullamaggie,UCLn8btkaQ5hVWNMt9TxQtsQ
Wb_R-YqKoR0,Earnings season,https://www.youtube.com/watch?v=Wb_R-YqKoR0,20191106,,6993,Qullamaggie,UCLn8btkaQ5hVWNMt9TxQtsQ
Ax5a_ouJMKU,"Earnings, SaaS weakness, China breakouts",https://www.youtube.com/watch?v=Ax5a_ouJMKU,20191105,,3668,Qullamaggie,UCLn8btkaQ5hVWNMt9TxQtsQ
R7nACKgTydc,"Earnings, oil and China!",https://www.youtube.com/watch?v=R7nACKgTydc,20191104,,4625,Qullamaggie,UCLn8btkaQ5hVWNMt9TxQtsQ
BqGwSzbGS10,"Earninss, earnings, earnings!",https://www.youtube.com/watch?v=BqGwSzbGS10,20191101,,4553,Qullamaggie,UCLn8btkaQ5hVWNMt9TxQtsQ
fhH3wxpQxxE,$XNET $100K+ fuck-up,https://www.youtube.com/watch?v=fhH3wxpQxxE,20191029,,2933,Qullamaggie,UCLn8btkaQ5hVWNMt9TxQtsQ
Z1ywOzX05uA,Markets breaking out and my accounts too!,https://www.youtube.com/watch?v=Z1ywOzX05uA,20191028,,4155,Qullamaggie,UCLn8btkaQ5hVWNMt9TxQtsQ
vLuChJ0B6mU,Gold and silver breaking out! Nailed it perfectly.,https://www.youtube.com/watch?v=vLuChJ0B6mU,20191025,,3402,Qullamaggie,UCLn8btkaQ5hVWNMt9TxQtsQ
UG1vfP9hCH0,GOLD and SILVER!,https://www.youtube.com/watch?v=UG1vfP9hCH0,20191024,,5374,Qullamaggie,UCLn8btkaQ5hVWNMt9TxQtsQ
n8SWEpUNylE,Swing trades starting to work again!,https://www.youtube.com/watch?v=n8SWEpUNylE,20191023,,3035,Qullamaggie,UCLn8btkaQ5hVWNMt9TxQtsQ
V5ETDZgbnOs,Swing trades starting to work again!,https://www.youtube.com/watch?v=V5ETDZgbnOs,20191022,,4625,Qullamaggie,UCLn8btkaQ5hVWNMt9TxQtsQ
y090kik4xFA,Finally getting some traction in the protfolio!,https://www.youtube.com/watch?v=y090kik4xFA,20191021,,4452,Qullamaggie,UCLn8btkaQ5hVWNMt9TxQtsQ
ebiE01a6XiM,2019-10-18_16-13-27,https://www.youtube.com/watch?v=ebiE01a6XiM,20191018,,1951,Qullamaggie,UCLn8btkaQ5hVWNMt9TxQtsQ
FcXJZ3Y98YU,Markets finally out of range. Follow through?,https://www.youtube.com/watch?v=FcXJZ3Y98YU,20191017,,3681,Qullamaggie,UCLn8btkaQ5hVWNMt9TxQtsQ
MFew0xR3iv0,Great trading... Not.,https://www.youtube.com/watch?v=MFew0xR3iv0,20191016,,2936,Qullamaggie,UCLn8btkaQ5hVWNMt9TxQtsQ
D4pnSkaFVb8,Markets back into range after failed breakout attempt,https://www.youtube.com/watch?v=D4pnSkaFVb8,20191014,,23646,Qullamaggie,UCLn8btkaQ5hVWNMt9TxQtsQ
jtyYLDlgdbE,NO MORE $4200 Sushi!!,https://www.youtube.com/watch?v=jtyYLDlgdbE,20191010,,4589,Qullamaggie,UCLn8btkaQ5hVWNMt9TxQtsQ
A_0Sj3Hi9Jw,$4200 Sushi is what you get for eating near the market open,https://www.youtube.com/watch?v=A_0Sj3Hi9Jw,20191009,,3900,Qullamaggie,UCLn8btkaQ5hVWNMt9TxQtsQ
NDCSRLjr1-g,Dead cat bounce or bottoming process? 2,https://www.youtube.com/watch?v=NDCSRLjr1-g,20191008,,2331,Qullamaggie,UCLn8btkaQ5hVWNMt9TxQtsQ
Zp2aN0ZYcz4,Dead cat bounce or bottoming process?,https://www.youtube.com/watch?v=Zp2aN0ZYcz4,20191008,,3843,Qullamaggie,UCLn8btkaQ5hVWNMt9TxQtsQ
ttKgeB-cZbY,"Big reversal yesterday, some of the growth leaders trying to bottom",https://www.youtube.com/watch?v=ttKgeB-cZbY,20191004,,6131,Qullamaggie,UCLn8btkaQ5hVWNMt9TxQtsQ
oRX7YeTLdRg,"$UVXY long, $TSLA short, let's get the momentum going!",https://www.youtube.com/watch?v=oRX7YeTLdRg,20191003,,6324,Qullamaggie,UCLn8btkaQ5hVWNMt9TxQtsQ
Nlc2r-uz6Gg,"Least exposure this year so far!! Started $UVXY long, markets reall weak",https://www.youtube.com/watch?v=Nlc2r-uz6Gg,20191002,,4678,Qullamaggie,UCLn8btkaQ5hVWNMt9TxQtsQ
e49j7sjdMFE,My FIRST trading stream!,https://www.youtube.com/watch?v=e49j7sjdMFE,20191001,,6310,Qullamaggie,UCLn8btkaQ5hVWNMt9TxQtsQ
pNWdgezy2VA,How to trade (and not to trade) insanity stocks. $BPTH $LFIN $DRYS $AQXP $KBIO $DGLY $VLTC,https://www.youtube.com/watch?v=pNWdgezy2VA,20190310,,1747,Qullamaggie,UCLn8btkaQ5hVWNMt9TxQtsQ
exGHBikJi2c,August 29 - Weed stocks,https://www.youtube.com/watch?v=exGHBikJi2c,20180829,,862,Qullamaggie,UCLn8btkaQ5hVWNMt9TxQtsQ
4VVjJFKGXyA,I'm back doing videos!,https://www.youtube.com/watch?v=4VVjJFKGXyA,20180817,,417,Qullamaggie,UCLn8btkaQ5hVWNMt9TxQtsQ
15uiVoIGz5M,Blockchain! Recap and watches for Monday Nov 27,https://www.youtube.com/watch?v=15uiVoIGz5M,20171124,,1066,Qullamaggie,UCLn8btkaQ5hVWNMt9TxQtsQ
CjVIaf6355E,Watches for today Oct 12 2/2,https://www.youtube.com/watch?v=CjVIaf6355E,20171012,,801,Qullamaggie,UCLn8btkaQ5hVWNMt9TxQtsQ
jCRikQX22iw,Crazy times! Recaps from the past week 1/2,https://www.youtube.com/watch?v=jCRikQX22iw,20171012,,1028,Qullamaggie,UCLn8btkaQ5hVWNMt9TxQtsQ
0gxJAfUQNTg,"Tue and Wed Recaps, Watches for Oct 05",https://www.youtube.com/watch?v=0gxJAfUQNTg,20171005,,1385,Qullamaggie,UCLn8btkaQ5hVWNMt9TxQtsQ
dIbyUDoRx_s,Recap and watches for Tuesday Oct 03,https://www.youtube.com/watch?v=dIbyUDoRx_s,20171003,,799,Qullamaggie,UCLn8btkaQ5hVWNMt9TxQtsQ
QbZK-o1NzH8,"Quick Sep recap, current positions and Watches for Monday Oct 02, 2 of 2",https://www.youtube.com/watch?v=QbZK-o1NzH8,20171001,,440,Qullamaggie,UCLn8btkaQ5hVWNMt9TxQtsQ
l-bkF4vLO6A,"Quick Sep recap, current positions and Watches for Monday Oct 02, 1 of 2",https://www.youtube.com/watch?v=l-bkF4vLO6A,20171001,,702,Qullamaggie,UCLn8btkaQ5hVWNMt9TxQtsQ
xb7HOD6qy8s,A Bunch of Recaps and Watches for Tuesday September 19,https://www.youtube.com/watch?v=xb7HOD6qy8s,20170919,,2422,Qullamaggie,UCLn8btkaQ5hVWNMt9TxQtsQ
CIlKfh5r5vM,Recaps and watches for Tuesday Sep 12,https://www.youtube.com/watch?v=CIlKfh5r5vM,20170912,,941,Qullamaggie,UCLn8btkaQ5hVWNMt9TxQtsQ
FicF5ILBGhk,Recaps and watches for Wednesday Sep 06,https://www.youtube.com/watch?v=FicF5ILBGhk,20170906,,673,Qullamaggie,UCLn8btkaQ5hVWNMt9TxQtsQ
RyhZsOv36hs,Wednesday Recap and Watches for Thursday August 31,https://www.youtube.com/watch?v=RyhZsOv36hs,20170831,,741,Qullamaggie,UCLn8btkaQ5hVWNMt9TxQtsQ
yU-cNgKw508,Tuesday Recap and Watches for Wednesday August 30,https://www.youtube.com/watch?v=yU-cNgKw508,20170830,,689,Qullamaggie,UCLn8btkaQ5hVWNMt9TxQtsQ
wUBuli89kCo,Monday Recap and Watches for Tuesday August 29,https://www.youtube.com/watch?v=wUBuli89kCo,20170829,,747,Qullamaggie,UCLn8btkaQ5hVWNMt9TxQtsQ
u0bYjATHWOM,Thu & Fri Recaps and Watches for Monday August 28,https://www.youtube.com/watch?v=u0bYjATHWOM,20170828,,588,Qullamaggie,UCLn8btkaQ5hVWNMt9TxQtsQ
wQlWvt1KPR0,Wednesday Recap and Watches for Thursday August 10,https://www.youtube.com/watch?v=wQlWvt1KPR0,20170824,,763,Qullamaggie,UCLn8btkaQ5hVWNMt9TxQtsQ
clRF3OwRwVY,Monday Recap and Watches for Tuesday August 22,https://www.youtube.com/watch?v=clRF3OwRwVY,20170822,,828,Qullamaggie,UCLn8btkaQ5hVWNMt9TxQtsQ
17D_g1gTIXQ,Wednesday Recap and Watches for Thursday August 10,https://www.youtube.com/watch?v=17D_g1gTIXQ,20170810,,612,Qullamaggie,UCLn8btkaQ5hVWNMt9TxQtsQ
WeMXyomVCF4,Tuesday Recap and Watches for Wednesday August 09,https://www.youtube.com/watch?v=WeMXyomVCF4,20170809,,774,Qullamaggie,UCLn8btkaQ5hVWNMt9TxQtsQ
r33ro5WdPjY,Monday Recap and Watches for Tuesday August 08,https://www.youtube.com/watch?v=r33ro5WdPjY,20170808,,1051,Qullamaggie,UCLn8btkaQ5hVWNMt9TxQtsQ
e8VQV8gO-rk,March 2017 Tracking watchlist cleaning Pt 1,https://www.youtube.com/watch?v=e8VQV8gO-rk,20170410,,2608,Qullamaggie,UCLn8btkaQ5hVWNMt9TxQtsQ
4Lm567mPk2E,Feb 2017 Tracking watchlists cleaning (looong and boring) Pt 2,https://www.youtube.com/watch?v=4Lm567mPk2E,20170402,,4717,Qullamaggie,UCLn8btkaQ5hVWNMt9TxQtsQ
YHC2vW97CrY,Monday Recap and Watches for Tuesday March 28,https://www.youtube.com/watch?v=YHC2vW97CrY,20170328,,686,Qullamaggie,UCLn8btkaQ5hVWNMt9TxQtsQ
NsZd1fqveRc,$101K in profits and 43% win rate for February - Review of mistakes made,https://www.youtube.com/watch?v=NsZd1fqveRc,20170322,,789,Qullamaggie,UCLn8btkaQ5hVWNMt9TxQtsQ
nm8iNDjHRoE,My scanning process and scans,https://www.youtube.com/watch?v=nm8iNDjHRoE,20170313,,901,Qullamaggie,UCLn8btkaQ5hVWNMt9TxQtsQ
9WLlLvDBAvs,Wednesday Recap and Watches for Thursday March 9,https://www.youtube.com/watch?v=9WLlLvDBAvs,20170309,,939,Qullamaggie,UCLn8btkaQ5hVWNMt9TxQtsQ
aAq89kTPv2k,Tuesday Recap and Watches for Wednesday March 8,https://www.youtube.com/watch?v=aAq89kTPv2k,20170308,,843,Qullamaggie,UCLn8btkaQ5hVWNMt9TxQtsQ
TFiGVNT5als,Feb 2017 Tracking watchlists cleaning (long and boring) Pt 1,https://www.youtube.com/watch?v=TFiGVNT5als,20170307,,2071,Qullamaggie,UCLn8btkaQ5hVWNMt9TxQtsQ
L-CXRg3x60A,Monday Recap and Watches for Tuesday March 7,https://www.youtube.com/watch?v=L-CXRg3x60A,20170307,,990,Qullamaggie,UCLn8btkaQ5hVWNMt9TxQtsQ
NG3YO4WEAR0,Wednesday Recap and Watches for Thursday March 2,https://www.youtube.com/watch?v=NG3YO4WEAR0,20170302,,667,Qullamaggie,UCLn8btkaQ5hVWNMt9TxQtsQ
M8nKIGOyxB8,Tuesday Recap and Watches for Wednesday March 1,https://www.youtube.com/watch?v=M8nKIGOyxB8,20170301,,783,Qullamaggie,UCLn8btkaQ5hVWNMt9TxQtsQ
2K4_IJ4OTlA,Biotechs! and Watches for Tuesday February 28,https://www.youtube.com/watch?v=2K4_IJ4OTlA,20170228,,912,Qullamaggie,UCLn8btkaQ5hVWNMt9TxQtsQ
2qYzLVwbUtw,Friday Recap and Watches for Monday February 27,https://www.youtube.com/watch?v=2qYzLVwbUtw,20170226,,1042,Qullamaggie,UCLn8btkaQ5hVWNMt9TxQtsQ
OJXtrIbxdjU,Weed stocks continued death and Watches for February 24,https://www.youtube.com/watch?v=OJXtrIbxdjU,20170224,,1328,Qullamaggie,UCLn8btkaQ5hVWNMt9TxQtsQ
2A7fmWBvvRE,$CNBX death and Watches for Thursday February 23,https://www.youtube.com/watch?v=2A7fmWBvvRE,20170223,,923,Qullamaggie,UCLn8btkaQ5hVWNMt9TxQtsQ
Zibe6_ORfpU,Unboxed part of $CNBX squeezing me and Watches for Wed Feb 22,https://www.youtube.com/watch?v=Zibe6_ORfpU,20170222,,1745,Qullamaggie,UCLn8btkaQ5hVWNMt9TxQtsQ
1VV_0nbUtV8,Watches for Tuesday February 21,https://www.youtube.com/watch?v=1VV_0nbUtV8,20170219,,488,Qullamaggie,UCLn8btkaQ5hVWNMt9TxQtsQ
7H7ZLP7D0PA,Friday Recap and My Worst Box Attempt,https://www.youtube.com/watch?v=7H7ZLP7D0PA,20170219,,1360,Qullamaggie,UCLn8btkaQ5hVWNMt9TxQtsQ
TbROPu7tnBA,Jan 2017 Tracking watchlists cleaning (long and boring) Pt 2,https://www.youtube.com/watch?v=TbROPu7tnBA,20170218,,2840,Qullamaggie,UCLn8btkaQ5hVWNMt9TxQtsQ
115PRj2wCvk,Thursday Recap and Watches for Friday February 17,https://www.youtube.com/watch?v=115PRj2wCvk,20170217,,1114,Qullamaggie,UCLn8btkaQ5hVWNMt9TxQtsQ
V1M0glaMKIs,Wednesday Recap and Watches for Thursday February 16,https://www.youtube.com/watch?v=V1M0glaMKIs,20170216,,948,Qullamaggie,UCLn8btkaQ5hVWNMt9TxQtsQ
2Wa7oirBbpg,Mon-Tue recaps and watches for Wednesday Feb 15,https://www.youtube.com/watch?v=2Wa7oirBbpg,20170215,,1294,Qullamaggie,UCLn8btkaQ5hVWNMt9TxQtsQ
joQa6YbAh6E,Going through Jan 2017 tracking watchlists (long and boring),https://www.youtube.com/watch?v=joQa6YbAh6E,20170213,,2408,Qullamaggie,UCLn8btkaQ5hVWNMt9TxQtsQ
wjqH-payJz0,$71K in profits and 41% win rate for January - Review of mistakes made,https://www.youtube.com/watch?v=wjqH-payJz0,20170212,,1308,Qullamaggie,UCLn8btkaQ5hVWNMt9TxQtsQ
ixK4VHeFjDI,Friday recap and watches for Monday Feb 13,https://www.youtube.com/watch?v=ixK4VHeFjDI,20170211,,687,Qullamaggie,UCLn8btkaQ5hVWNMt9TxQtsQ
gJuNaRIahzM,Recap and watches for Feb 10,https://www.youtube.com/watch?v=gJuNaRIahzM,20170210,,1133,Qullamaggie,UCLn8btkaQ5hVWNMt9TxQtsQ
DA0ql_NDQU4,Recap and watches for Feb 9,https://www.youtube.com/watch?v=DA0ql_NDQU4,20170209,,1032,Qullamaggie,UCLn8btkaQ5hVWNMt9TxQtsQ
3s--hHRvt04,Recap and watches for Feb 8,https://www.youtube.com/watch?v=3s--hHRvt04,20170208,,1107,Qullamaggie,UCLn8btkaQ5hVWNMt9TxQtsQ
6J5-hTaZ7Ik,Recap and watches for Feb 7,https://www.youtube.com/watch?v=6J5-hTaZ7Ik,20170207,,1052,Qullamaggie,UCLn8btkaQ5hVWNMt9TxQtsQ
biiMrPUIQns,$79K in profits for the week! Recap and watches for Feb 6,https://www.youtube.com/watch?v=biiMrPUIQns,20170204,,1091,Qullamaggie,UCLn8btkaQ5hVWNMt9TxQtsQ
w57mW2ysyhs,Recap and watches for Feb 3 (ignore my repetition on FNMA lol),https://www.youtube.com/watch?v=w57mW2ysyhs,20170203,,1208,Qullamaggie,UCLn8btkaQ5hVWNMt9TxQtsQ
jIDVHFtndd0,Nearly $50K in profits on $DRYS! Recap and watches for Feb 2,https://www.youtube.com/watch?v=jIDVHFtndd0,20170202,,1132,Qullamaggie,UCLn8btkaQ5hVWNMt9TxQtsQ
VlxZnLFOz2M,Recap and watches for Feb 1,https://www.youtube.com/watch?v=VlxZnLFOz2M,20170201,,1079,Qullamaggie,UCLn8btkaQ5hVWNMt9TxQtsQ
1vChBQfmzjA,Recap and watches for Jan 31,https://www.youtube.com/watch?v=1vChBQfmzjA,20170131,,953,Qullamaggie,UCLn8btkaQ5hVWNMt9TxQtsQ
_Y-7YjdUXT4,Recap and Watches for Jan 30,https://www.youtube.com/watch?v=_Y-7YjdUXT4,20170129,,779,Qullamaggie,UCLn8btkaQ5hVWNMt9TxQtsQ
gKaXIGSFObE,Recap and Watches for Jan 27,https://www.youtube.com/watch?v=gKaXIGSFObE,20170127,,819,Qullamaggie,UCLn8btkaQ5hVWNMt9TxQtsQ
D6Na6epLyck,Recap and watches for Jan 25,https://www.youtube.com/watch?v=D6Na6epLyck,20170125,,997,Qullamaggie,UCLn8btkaQ5hVWNMt9TxQtsQ
5WQ1nih6hDQ,Trading Recap and Watches for Tuesday Jan 24,https://www.youtube.com/watch?v=5WQ1nih6hDQ,20170124,,1736,Qullamaggie,UCLn8btkaQ5hVWNMt9TxQtsQ
VRdK05wyVhM,Watchlist 23 january 2017,https://www.youtube.com/watch?v=VRdK05wyVhM,20170122,,734,Qullamaggie,UCLn8btkaQ5hVWNMt9TxQtsQ
