video_id,title,upload_date,webpage_url
JNVA5cd_m7M,Speculation money is back!,20231215,https://www.youtube.com/watch?v=JNVA5cd_m7M
TZnX1qEiOkM,EP party!,20231201,https://www.youtube.com/watch?v=TZnX1qEiOkM
VdQSDGZBLQE,"Market mechanics, setups and more",20230609,https://www.youtube.com/watch?v=VdQSDGZBLQE
SLhbpNuHegw,"EPs, AI and quantum computing stocks",20230608,https://www.youtube.com/watch?v=SLhbpNuHegw
C7ZZhSxYYLk,Zzzlow,20230605,https://www.youtube.com/watch?v=C7ZZhSxYYLk
1HFPeLD2zwc,"AI and the shittier the stock, the bigger the move.",20230601,https://www.youtube.com/watch?v=1HFPeLD2zwc
2UgJ5CvVVK4,EPs good follow through. AI and Quantum names waking up,20230523,https://www.youtube.com/watch?v=2UgJ5CvVVK4
_y9Wo0eBP4A,"Episodic Pivots, Kenny boy and old times",20230519,https://www.youtube.com/watch?v=_y9Wo0eBP4A
1AJIzXSkfyM,Episodic Pivots galore,20230518,https://www.youtube.com/watch?v=1AJIzXSkfyM
GdMs1y_RTnM,New BULL?,20230126,https://www.youtube.com/watch?v=GdMs1y_RTnM
9lzYgB-b9yE,I'm BACK! 2022-11-03,20221104,https://www.youtube.com/watch?v=9lzYgB-b9yE
3ZRiHbMRr0w,Big opportunity awaits,20220510,https://www.youtube.com/watch?v=3ZRiHbMRr0w
PquLytys1k4,patience is king,20220428,https://www.youtube.com/watch?v=PquLytys1k4
yn2pIMXdFg8,EP scan,20220419,https://www.youtube.com/watch?v=yn2pIMXdFg8
KQplQq01oy0,portfolio straight up,20220418,https://www.youtube.com/watch?v=KQplQq01oy0
mKkOtiFjc_E,New setups emerging,20220414,https://www.youtube.com/watch?v=mKkOtiFjc_E
n6Gm1mLN7T0,Fucked by the oil & gas sector this whole week,20220413,https://www.youtube.com/watch?v=n6Gm1mLN7T0
bnPcAPjdAz4,Not many easter setups,20220412,https://www.youtube.com/watch?v=bnPcAPjdAz4
TeWiXhJTeyI,Epic stream filled with wisdom on trading psychology and relationships,20220406,https://www.youtube.com/watch?v=TeWiXhJTeyI
Fsh39kp9XPM,Commodities boom,20220321,https://www.youtube.com/watch?v=Fsh39kp9XPM
BYPiofqBhvQ,Commodity leaders,20220301,https://www.youtube.com/watch?v=BYPiofqBhvQ
uX2B8fAMuLE,Back from Italy!,20220228,https://www.youtube.com/watch?v=uX2B8fAMuLE
9uhm2AUgiOs,What does $UPST do? It goes UP! (for now),20220217,https://www.youtube.com/watch?v=9uhm2AUgiOs
rffHnm23pKo,Earnings season!,20220211,https://www.youtube.com/watch?v=rffHnm23pKo
3wddoD1e4M0,Tax advice,20220208,https://www.youtube.com/watch?v=3wddoD1e4M0
_QYrM9zyziM,Risk ON type of day,20220204,https://www.youtube.com/watch?v=_QYrM9zyziM
fF6Qn6PVgOo,Bounce already failing?,20220203,https://www.youtube.com/watch?v=fF6Qn6PVgOo
Gt8Xdva-ZfU,"New week, new opportunities",20220201,https://www.youtube.com/watch?v=Gt8Xdva-ZfU
-3qtA_s7g9c,Patience is King,20220127,https://www.youtube.com/watch?v=-3qtA_s7g9c
SEDkqyqb47I,Got my trading addiction out of the way for today,20220126,https://www.youtube.com/watch?v=SEDkqyqb47I
rfJA0q8Eytw,zz zz,20220125,https://www.youtube.com/watch?v=rfJA0q8Eytw
8El034_4RlI,Please can we get some panic selling already?,20220121,https://www.youtube.com/watch?v=8El034_4RlI
itch65Ezb1o,Who cares what I think,20220118,https://www.youtube.com/watch?v=itch65Ezb1o
IWVojo3OtW0,"Weak stuff weak, strong stuff strong",20220114,https://www.youtube.com/watch?v=IWVojo3OtW0
zgX7rMRvvwI,Interesting opportunities setting up,20220112,https://www.youtube.com/watch?v=zgX7rMRvvwI
NL0rBEaJdMY,"Email David, he will explain all of my trades for the 20th time",20220110,https://www.youtube.com/watch?v=NL0rBEaJdMY
ZVR4j1waOR4,Let's get a real flush before a tradeable bounce,20220106,https://www.youtube.com/watch?v=ZVR4j1waOR4
0q9uAl-VmhQ,Leaders lead,20220105,https://www.youtube.com/watch?v=0q9uAl-VmhQ
QKz8DZZmB5I,High multiple stocks getting liquidated,20220104,https://www.youtube.com/watch?v=QKz8DZZmB5I
zD-V-DyktqA,Today is a good day to get rid of your bagholds and develop sell rules for next year.,20211231,https://www.youtube.com/watch?v=zD-V-DyktqA
ipIiBdmTcEs,"Next year will be up, down, down, up, down, up? Your predictions?",20211230,https://www.youtube.com/watch?v=ipIiBdmTcEs
qYnoyJ42UmA,"Next year will be up, down, down, up, down, up? Your predictions?",20211230,https://www.youtube.com/watch?v=qYnoyJ42UmA
PZt8JCl6XZ4,Many bear flags,20211229,https://www.youtube.com/watch?v=PZt8JCl6XZ4
Quo56MNcUxA,Santa stopped buying,20211217,https://www.youtube.com/watch?v=Quo56MNcUxA
mgh2bYVKikE,Back to the rangebound chop,20211216,https://www.youtube.com/watch?v=mgh2bYVKikE
M-05qqa2fbQ,Slow grinding environment,20211215,https://www.youtube.com/watch?v=M-05qqa2fbQ
4avkUry3ZVk,Let's get a good Santa crasch?,20211214,https://www.youtube.com/watch?v=4avkUry3ZVk
I2tWoZPhZQU,zzzz,20211210,https://www.youtube.com/watch?v=I2tWoZPhZQU
EqDwqFhzAZ4,Not inspiring action in stocks,20211209,https://www.youtube.com/watch?v=EqDwqFhzAZ4
xLoQjzyOsnk,Santa Rally starting now!,20211207,https://www.youtube.com/watch?v=xLoQjzyOsnk
1OewDiOH0w4,Give us a good washout! Need some panic for a tradeable bounce,20211203,https://www.youtube.com/watch?v=1OewDiOH0w4
t3lWY0G5y5g,Pullback time?,20211123,https://www.youtube.com/watch?v=t3lWY0G5y5g
x7jBeIGqwIs,Study what actually works in the markets and tune out financial media,20211112,https://www.youtube.com/watch?v=x7jBeIGqwIs
FI5EXlfLDmk,10 and 20 SMA will outperform the Boomerberg terminal,20211111,https://www.youtube.com/watch?v=FI5EXlfLDmk
uYkzHI4_2H0,Eventually you need to be able to stand on your own 2 legs,20211109,https://www.youtube.com/watch?v=uYkzHI4_2H0
aL-tAJ7CHv4,Markets in free money mode,20211105,https://www.youtube.com/watch?v=aL-tAJ7CHv4
-XbMHMO9sxo,Earnings season is here! (opportunity!),20211027,https://www.youtube.com/watch?v=-XbMHMO9sxo
jYxdQDlqnno,Epic opportunities $DWAC $PHUN etc,20211022,https://www.youtube.com/watch?v=jYxdQDlqnno
T3VhwZZjeOo,So much opportunity! Hard to get filled,20211021,https://www.youtube.com/watch?v=T3VhwZZjeOo
sjYxh1miPrM,Autopilot mode,20211020,https://www.youtube.com/watch?v=sjYxh1miPrM
SEnb1kbupvY,Market back to autopilot mode?,20211018,https://www.youtube.com/watch?v=SEnb1kbupvY
7Kl90d6NPNM,Small caps end of year run? $IWM $TNA,20211014,https://www.youtube.com/watch?v=7Kl90d6NPNM
yBGVaGSsFjM,Major indices looking very vulnerable,20210930,https://www.youtube.com/watch?v=yBGVaGSsFjM
MMzKH4GGGlc,Can we get a real correction,20210928,https://www.youtube.com/watch?v=MMzKH4GGGlc
qDUadzvPUGc,Buy my course for $9999.99,20210917,https://www.youtube.com/watch?v=qDUadzvPUGc
JyMjK5E_lPw,Buy my course for $9999.99,20210917,https://www.youtube.com/watch?v=JyMjK5E_lPw
mIDsGQuJCo0,"Strength and weakness, strength and weakness",20210916,https://www.youtube.com/watch?v=mIDsGQuJCo0
W2KM8gV9LOk,Back after a break (again)!,20210913,https://www.youtube.com/watch?v=W2KM8gV9LOk
zjJObr1Gn8A,Leaders breaking out,20210720,https://www.youtube.com/watch?v=zjJObr1Gn8A
clqzWW59_vo,You need to want it. Most only think they want it,20210709,https://www.youtube.com/watch?v=clqzWW59_vo
FjnKydE523o,No sun = stream,20210707,https://www.youtube.com/watch?v=FjnKydE523o
v5KMw4lT85g,$AMC 5-star flag,20210630,https://www.youtube.com/watch?v=v5KMw4lT85g
EPdPBQfjyt0,Lots of setups but NASDAQ getting into extended territory,20210629,https://www.youtube.com/watch?v=EPdPBQfjyt0
vxDV5UcoE6k,$AMC the 20-day vs Kenny boy!,20210628,https://www.youtube.com/watch?v=vxDV5UcoE6k
WV6g9YSMzzw,$AMC the greatest flag I've ever seen!,20210624,https://www.youtube.com/watch?v=WV6g9YSMzzw
MafImVNKyEk,Many many setups right now. $DDD super breakout,20210622,https://www.youtube.com/watch?v=MafImVNKyEk
QfbbWss78AI,"$SPY super vulnerable, growth names great stength",20210618,https://www.youtube.com/watch?v=QfbbWss78AI
noEYKK74e5k,$AMC infinity squeeze starting,20210617,https://www.youtube.com/watch?v=noEYKK74e5k
BrxylKH0YlE,"Meme stocks dying, semis and oil strong. TESLA weak",20210616,https://www.youtube.com/watch?v=BrxylKH0YlE
PDISUNUn19k,"Meme stocks dying, semis and oil strong. TESLA weak",20210616,https://www.youtube.com/watch?v=PDISUNUn19k
VNSIUMW-czI,Struggling trader reviews are back!! Also fried a brain cell today,20210615,https://www.youtube.com/watch?v=VNSIUMW-czI
MaHeNMNWWew,High rotation in meme stonks,20210614,https://www.youtube.com/watch?v=MaHeNMNWWew
G8E2ynt3af0,Droves of former leaders (tech/software) starting to set up!,20210611,https://www.youtube.com/watch?v=G8E2ynt3af0
qhzPZM48vJU,Meme stonks money going into tertiary names,20210610,https://www.youtube.com/watch?v=qhzPZM48vJU
gwoJzKevjeY,Yuuuge opportunities,20210609,https://www.youtube.com/watch?v=gwoJzKevjeY
T_RUxBlCsUo,Reddit back in force,20210608,https://www.youtube.com/watch?v=T_RUxBlCsUo
gMf10voYB1M,AMC to $2 MILLION,20210604,https://www.youtube.com/watch?v=gMf10voYB1M
pCFDWXHDHI4,Great content today - rants + how to trade momentum stocks intraday,20210603,https://www.youtube.com/watch?v=pCFDWXHDHI4
KTJwQhthyZQ,$AMC to the moon,20210602,https://www.youtube.com/watch?v=KTJwQhthyZQ
6Qm_RbDtb-A,Several potential $10M trades on the hook?,20210601,https://www.youtube.com/watch?v=6Qm_RbDtb-A
A2gkEQC6O_Y,Some bigs moves starting!!,20210526,https://www.youtube.com/watch?v=A2gkEQC6O_Y
4KUie6VALR4,Big moves potentially starting in a few places,20210525,https://www.youtube.com/watch?v=4KUie6VALR4
GmVnX_-YQCk,Give us some big trends!,20210524,https://www.youtube.com/watch?v=GmVnX_-YQCk
Pde5BeC0JEk,"Indices strong, BUT running into key moving averages",20210520,https://www.youtube.com/watch?v=Pde5BeC0JEk
jQ6cjnZpQrY,Higher lows or start of a bigger correction?,20210519,https://www.youtube.com/watch?v=jQ6cjnZpQrY
Oi3B3-HWt9Y,Bottoming action or dead cat bounce in former leaders?,20210518,https://www.youtube.com/watch?v=Oi3B3-HWt9Y
Jowe-jOVVAM,Deep fundamental research on Nat Gas,20210517,https://www.youtube.com/watch?v=Jowe-jOVVAM
WT6u5_FkWr0,S&P500 index looks super vulnerable,20210511,https://www.youtube.com/watch?v=WT6u5_FkWr0
z6BwSblrVE8,ETF insight,20210510,https://www.youtube.com/watch?v=z6BwSblrVE8
uFJDGcCzR3A,Seeing some big opportunities setting up,20210507,https://www.youtube.com/watch?v=uFJDGcCzR3A
JHhcwyYCPhU,My portfolio looks like I am preparing for the end of the world,20210506,https://www.youtube.com/watch?v=JHhcwyYCPhU
3rC0N_n3S3s,Limited opportunities,20210505,https://www.youtube.com/watch?v=3rC0N_n3S3s
__STgywM-AQ,Very cautious here. BUT Russell is holding up well,20210504,https://www.youtube.com/watch?v=__STgywM-AQ
YBaCABc1-qo,Slow but big bases are forming!!,20210430,https://www.youtube.com/watch?v=YBaCABc1-qo
x2N8LwQr9fw,Whack a mole,20210429,https://www.youtube.com/watch?v=x2N8LwQr9fw
msSOCRgzwjc,Slowest bull run in a long time,20210427,https://www.youtube.com/watch?v=msSOCRgzwjc
OQvR8w6SaCI,things setting up nicely into earnigns season!,20210426,https://www.youtube.com/watch?v=OQvR8w6SaCI
xnrajRDbw_0,Lots of things setting up into earnings season!,20210422,https://www.youtube.com/watch?v=xnrajRDbw_0
S0oIP3dY-qQ,zzz,20210420,https://www.youtube.com/watch?v=S0oIP3dY-qQ
nJAEHJFvnf4,zzz,20210420,https://www.youtube.com/watch?v=nJAEHJFvnf4
4fWhUJKewBA,Henry Cavill home workout video,20210419,https://www.youtube.com/watch?v=4fWhUJKewBA
FKliYFtPHjI,Patience,20210416,https://www.youtube.com/watch?v=FKliYFtPHjI
k8kF0bADoww,Patience and Deep Fundamental Analysis on PLBY Group,20210415,https://www.youtube.com/watch?v=k8kF0bADoww
uOuFauQ6MJY,"If you don't watch this, delete your trading account! Struggling trader feedback starts 16.05 deskto",20210414,https://www.youtube.com/watch?v=uOuFauQ6MJY
ynnCwnIQ5Pg,New project! Struggling trader feedback starting 16.10-16.32 desktop time,20210413,https://www.youtube.com/watch?v=ynnCwnIQ5Pg
X4UrqrZmwq8,New project on the stream starting this week!,20210412,https://www.youtube.com/watch?v=X4UrqrZmwq8
b8EW_SdaMwQ,Long bases forming in tech and software names,20210409,https://www.youtube.com/watch?v=b8EW_SdaMwQ
YtfUYtajbrw,"Portfolio strong, most things need a few weeks more to set up",20210408,https://www.youtube.com/watch?v=YtfUYtajbrw
udNfV6Rt7Xc,Need lots of patience with current positions and letting new stuff set up,20210407,https://www.youtube.com/watch?v=udNfV6Rt7Xc
dTJueSUqdh4,Semiconductors big follow through from the breakouts!,20210405,https://www.youtube.com/watch?v=dTJueSUqdh4
WVzkaofrqQQ,Semiconductors nice follow through,20210401,https://www.youtube.com/watch?v=WVzkaofrqQQ
i-FvQ9bD9S8,"NASDAQ is tightening up, lots of strength",20210331,https://www.youtube.com/watch?v=i-FvQ9bD9S8
jLXXUdYYYnM,Bullish signs emerging,20210330,https://www.youtube.com/watch?v=jLXXUdYYYnM
9hpxrScUia4,Bullish signs emerging,20210330,https://www.youtube.com/watch?v=9hpxrScUia4
8hudPhNk480,If $AMAT and $LRCX don't double from here I will be very sad,20210326,https://www.youtube.com/watch?v=8hudPhNk480
xoxsJrn7UPM,Chop chop chop. NFT only game in town,20210324,https://www.youtube.com/watch?v=xoxsJrn7UPM
7kxZUobYxpg,Not great action beneath the hood right now,20210323,https://www.youtube.com/watch?v=7kxZUobYxpg
s_VglNdJuvc,More patience needed,20210322,https://www.youtube.com/watch?v=s_VglNdJuvc
7jPFXy_nrBE,Crypto setups for next week!,20210319,https://www.youtube.com/watch?v=7jPFXy_nrBE
kFOxR0mxJdM,Setups developing but they need more work,20210318,https://www.youtube.com/watch?v=kFOxR0mxJdM
NRgCKsBnxm8,Late upload - Tuesday March 16,20210317,https://www.youtube.com/watch?v=NRgCKsBnxm8
XE96XfekTv4,Late upload - Monday March 15,20210317,https://www.youtube.com/watch?v=XE96XfekTv4
5-Y6oXm32OE,Serious talk and not so serious talk,20210312,https://www.youtube.com/watch?v=5-Y6oXm32OE
56Q8WjpUFK8,SETUPS ARE BACK - BUT NOT IN THE USUAL SUSPECTS!,20210311,https://www.youtube.com/watch?v=56Q8WjpUFK8
4NWSjDX9plk,Will this bounce stick?,20210310,https://www.youtube.com/watch?v=4NWSjDX9plk
192CMaTR5uU,Bounces everywhere,20210310,https://www.youtube.com/watch?v=192CMaTR5uU
7FwJ4xIX6aA,"Monday March 8th, late upload",20210309,https://www.youtube.com/watch?v=7FwJ4xIX6aA
ytWg3aGNc10,"Friday March 5th, late upload",20210309,https://www.youtube.com/watch?v=ytWg3aGNc10
DNSJux1yiOI,Late upload - Friday March 5th,20210308,https://www.youtube.com/watch?v=DNSJux1yiOI
08gcg73CxeQ,Waiting for the next big opportunity,20210308,https://www.youtube.com/watch?v=08gcg73CxeQ
o2l4Ym25Evg,Late upload - Friday March 5th,20210308,https://www.youtube.com/watch?v=o2l4Ym25Evg
iqDxY4ly2H4,Late upload - Friday March 5th,20210308,https://www.youtube.com/watch?v=iqDxY4ly2H4
zizbhpz0S3c,Bear flags follow through,20210304,https://www.youtube.com/watch?v=zizbhpz0S3c
Zn2_lTzgT_M,Bunch of bear flags,20210304,https://www.youtube.com/watch?v=Zn2_lTzgT_M
83-MQ0DIW34,Basebuilding period. Less is more,20210301,https://www.youtube.com/watch?v=83-MQ0DIW34
iBex0umEpOc,Market in limbo,20210226,https://www.youtube.com/watch?v=iBex0umEpOc
Bgy9eaOqDZw,Memestocks back in play,20210225,https://www.youtube.com/watch?v=Bgy9eaOqDZw
E1ah3mwoV40,Trade with rules. Join the stream.,20210224,https://www.youtube.com/watch?v=E1ah3mwoV40
146r7DqtOXU,Newbie traders getting schooled again. Trade with rules. Join the stream.,20210223,https://www.youtube.com/watch?v=146r7DqtOXU
XFPV6n-kBnk,Easy money over for now in the markets,20210222,https://www.youtube.com/watch?v=XFPV6n-kBnk
HprTJJp8yUY,Lots of strength under the surface but not many good setups...,20210219,https://www.youtube.com/watch?v=HprTJJp8yUY
Q8TrrG1jVFk,Know when your setups work and don't work,20210218,https://www.youtube.com/watch?v=Q8TrrG1jVFk
wejub-sXQ2c,Many extended names getting sluggish. $RIOT parabolic short,20210217,https://www.youtube.com/watch?v=wejub-sXQ2c
yLTaPfwqWis,Slow start to a 4-day week,20210216,https://www.youtube.com/watch?v=yLTaPfwqWis
siYpCaiuPKg,Gamestop $GME ultra tight setup. And some HOI4 gameplay,20210212,https://www.youtube.com/watch?v=siYpCaiuPKg
oIP6H81jpEc,Many extended stocks building high tight flags!,20210211,https://www.youtube.com/watch?v=oIP6H81jpEc
H0j5PtnK814,Buy the lows and sell the top on $TLRY?,20210210,https://www.youtube.com/watch?v=H0j5PtnK814
ldVGG5t4e14,Good margin calls vs bad margin calls,20210209,https://www.youtube.com/watch?v=ldVGG5t4e14
fz3OIpJ8XrU,Coins are back after some digestion! Long and strong!,20210208,https://www.youtube.com/watch?v=fz3OIpJ8XrU
FamRgrbApII,Many people experiencing their first pump and dump! Learn how to not be a sucker in the stock market,20210205,https://www.youtube.com/watch?v=FamRgrbApII
a3Z7Y6E-M2M,Where is the line?  #holdtheline $GME $AMC $GSX $KOSS,20210204,https://www.youtube.com/watch?v=a3Z7Y6E-M2M
-fyEsUotcgs,bounce in memestocks soon?,20210203,https://www.youtube.com/watch?v=-fyEsUotcgs
F0dIwbGxYtA,GameSTOP. Reality setting in. (also did some deep fundamental analysis),20210202,https://www.youtube.com/watch?v=F0dIwbGxYtA
z6PqNxocofw,Meme stonks,20210129,https://www.youtube.com/watch?v=z6PqNxocofw
zhbdUtJDqz0,Cool $10M+ day today. Started with $5K ten years ago...,20210128,https://www.youtube.com/watch?v=zhbdUtJDqz0
6iCYjLxS9GQ,When is Gamestop going to stop? (going higher),20210127,https://www.youtube.com/watch?v=6iCYjLxS9GQ
dErH0zxsFaI,You can be a victim of the markets or CHOOSE to be in control.,20210126,https://www.youtube.com/watch?v=dErH0zxsFaI
dvZBux4ffy0,Did I trade $100M worth of stocks today? YES!,20210125,https://www.youtube.com/watch?v=dvZBux4ffy0
RvjgDl3lb2U,Setups starting to emerge again!,20210122,https://www.youtube.com/watch?v=RvjgDl3lb2U
D1NMXfSXpYk,Bitcoin nearing the 50-day! Major support?,20210121,https://www.youtube.com/watch?v=D1NMXfSXpYk
jCvLY7F8g80,Extended stocks breaking down! $MARA $RIOT $BNGO,20210120,https://www.youtube.com/watch?v=jCvLY7F8g80
wGJfJ-WIR7M,"Crypto strengthening, everything else is meh",20210119,https://www.youtube.com/watch?v=wGJfJ-WIR7M
rhn_USs7vWA,stonks olny gö up,20210115,https://www.youtube.com/watch?v=rhn_USs7vWA
n0DsBVg8Spk,Heavily long on margin and everything going up up up,20210114,https://www.youtube.com/watch?v=n0DsBVg8Spk
0udk9grGeqE,Throw a dart and you will make money in this market,20210113,https://www.youtube.com/watch?v=0udk9grGeqE
46Dw3UTmKlA,EV Gold Rush!,20210112,https://www.youtube.com/watch?v=46Dw3UTmKlA
GUVurDIMKrI,Healthy crypto pullback setting the stage for more upside!,20210111,https://www.youtube.com/watch?v=GUVurDIMKrI
Uzu5GyM9nJY,Healthy crypto pullback setting the stage for more upside!,20210111,https://www.youtube.com/watch?v=Uzu5GyM9nJY
5dKPq4qscF8,Many stocks are starting to speed up!,20210108,https://www.youtube.com/watch?v=5dKPq4qscF8
bgLDLpmUMuY,I may have a $10M week going on here,20210107,https://www.youtube.com/watch?v=bgLDLpmUMuY
9o5_4iZ0zjI,2021 not showing any signs of slowing down!,20210106,https://www.youtube.com/watch?v=9o5_4iZ0zjI
yosACutKxAk,Let's make this a triple digit year!,20210105,https://www.youtube.com/watch?v=yosACutKxAk
qR39bUmxHdE,Late upload: Dec 31 stream,20210105,https://www.youtube.com/watch?v=qR39bUmxHdE
MiEYFeBV8jM,870% returns in 2020!,20210104,https://www.youtube.com/watch?v=MiEYFeBV8jM
DuEGgCe5tuQ,Brandi Love wishing me a Merry Christmas!,20201230,https://www.youtube.com/watch?v=DuEGgCe5tuQ
KfqejiJAEbE,No long setups in growth land...,20201229,https://www.youtube.com/watch?v=KfqejiJAEbE
gP7vW-NTQBQ,BITCOOOIN!!,20201228,https://www.youtube.com/watch?v=gP7vW-NTQBQ
BGkpQm5DZ5M,Merry Christmas!,20201224,https://www.youtube.com/watch?v=BGkpQm5DZ5M
yhF78G6YFmU,Gap down ruined my short setups,20201223,https://www.youtube.com/watch?v=yhF78G6YFmU
wLYBzP4qRjY,Markets are giving away free money (for now),20201222,https://www.youtube.com/watch?v=wLYBzP4qRjY
l4lpLA7vvbg,Gap down found rising support in pre market,20201221,https://www.youtube.com/watch?v=l4lpLA7vvbg
YTRrhSIj064,Why do I keep selling too early?,20201218,https://www.youtube.com/watch?v=YTRrhSIj064
p8WQ_4XdNPY,Everything going higher!,20201217,https://www.youtube.com/watch?v=p8WQ_4XdNPY
J1LItXxFaBw,Neverending BULL MARKET,20201215,https://www.youtube.com/watch?v=J1LItXxFaBw
iCQQ-m7VRuE,Bitcoing looks like it wants to double soon,20201214,https://www.youtube.com/watch?v=iCQQ-m7VRuE
rL2JHZ8TQ3Q,Lots of stocks still setting up!,20201211,https://www.youtube.com/watch?v=rL2JHZ8TQ3Q
Dl05a1xsArc,"Leaders are still leading, shakeout yesterday?",20201210,https://www.youtube.com/watch?v=Dl05a1xsArc
AF2GQOH6L8s,"Leaders are still leading, shakeout yesterday?",20201210,https://www.youtube.com/watch?v=AF2GQOH6L8s
IKVebjU0cnk,$QS what a beast! + Warhammer Total War gaming,20201209,https://www.youtube.com/watch?v=IKVebjU0cnk
_hA8y2WiujU,Will QuantumScape $QS change the world?,20201208,https://www.youtube.com/watch?v=_hA8y2WiujU
uTMK9uhQZCc,Should I retire from options trading? (a LOT of wisdom in todays stream!),20201207,https://www.youtube.com/watch?v=uTMK9uhQZCc
BHe29a_ohbc,Starting to trade options! Disaster or success?,20201204,https://www.youtube.com/watch?v=BHe29a_ohbc
BpR5Q4AVO00,Mini earnings season today!,20201203,https://www.youtube.com/watch?v=BpR5Q4AVO00
4axzuTTk0xA,Euphoria fading hard. Newbies getting schooled again,20201202,https://www.youtube.com/watch?v=4axzuTTk0xA
ruBcVRISGV8,Pullback attempt after historic November in markets,20201130,https://www.youtube.com/watch?v=ruBcVRISGV8
Vn-EBl95hes,Insane markets,20201127,https://www.youtube.com/watch?v=Vn-EBl95hes
6UxqgsEMquQ,Happy thanksgiving!,20201125,https://www.youtube.com/watch?v=6UxqgsEMquQ
krq4pIAKokM,Enormous opportunity in the EV sector!,20201124,https://www.youtube.com/watch?v=krq4pIAKokM
AXgAZwbMscQ,Everything going straight up!,20201123,https://www.youtube.com/watch?v=AXgAZwbMscQ
hY8TKnSNmKM,Getting follow through so far on breakouts!,20201120,https://www.youtube.com/watch?v=hY8TKnSNmKM
Yz7MMNqxNgY,Breakouts everywhere!,20201119,https://www.youtube.com/watch?v=Yz7MMNqxNgY
xv4off5Vyfk,Markets near highs but stocks are so so,20201118,https://www.youtube.com/watch?v=xv4off5Vyfk
XkCH6vs8cgk,I think growth stocks will start breaking out soon en masse!,20201117,https://www.youtube.com/watch?v=XkCH6vs8cgk
9xOfbSGecQs,Juicy long setups are developing!,20201116,https://www.youtube.com/watch?v=9xOfbSGecQs
1i_sA8op_8Q,China EV crash! $NIO $LI $XPEV,20201113,https://www.youtube.com/watch?v=1i_sA8op_8Q
sgTXnAr2UXs,China stocks hot!,20201112,https://www.youtube.com/watch?v=sgTXnAr2UXs
HyjEctySlqE,Growth stocks getting killed,20201110,https://www.youtube.com/watch?v=HyjEctySlqE
N9n9_WUB5V0,$3M swing pre market! Never lost this much money so fast,20201109,https://www.youtube.com/watch?v=N9n9_WUB5V0
q1qcQVp3UAw,Super earnings reactions in $TTD $NET $SQ $Z $ROKU !!,20201106,https://www.youtube.com/watch?v=q1qcQVp3UAw
JTtOJdc5EKc,Heaviest earnings day for growth stocks today!,20201105,https://www.youtube.com/watch?v=JTtOJdc5EKc
s9dqGYWRmtc,ELECTIONS! New bull leg starting or suckers gap?,20201104,https://www.youtube.com/watch?v=s9dqGYWRmtc
VOGuzD4wFN8,Chop chop chop in the markets!,20201102,https://www.youtube.com/watch?v=VOGuzD4wFN8
1gmFq2IsTYY,The last of the leaders breaking down now,20201030,https://www.youtube.com/watch?v=1gmFq2IsTYY
EOp-P0wTFs4,So many good earnings repots! But most stocks need better bases,20201029,https://www.youtube.com/watch?v=EOp-P0wTFs4
eeV2c2_75AY,Finally getting some fear back in the markets!,20201028,https://www.youtube.com/watch?v=eeV2c2_75AY
iVNppv3PWxc,Mild bull market pullback so far - positive signs emerging!,20201027,https://www.youtube.com/watch?v=iVNppv3PWxc
7e8nS2rItYo,Indices looking good but where are the setups?,20201023,https://www.youtube.com/watch?v=7e8nS2rItYo
nI4MRwZwzMM,Leading stocks breaking down!,20201022,https://www.youtube.com/watch?v=nI4MRwZwzMM
WqhNtwlAP8s,Snapchat great report! Earnings season is here!,20201021,https://www.youtube.com/watch?v=WqhNtwlAP8s
4jBFYGMGOH0,Solar stocks still the strongest,20201019,https://www.youtube.com/watch?v=4jBFYGMGOH0
G6sgZlSqPGI,Solar stocks leading,20201016,https://www.youtube.com/watch?v=G6sgZlSqPGI
wMbFuyfL7Xw,Potential Hight Tight Flags forming in solar stocks,20201014,https://www.youtube.com/watch?v=wMbFuyfL7Xw
HGCjKEnCbzw,So many strong sectors all around,20201013,https://www.youtube.com/watch?v=HGCjKEnCbzw
iobRxNCyEk0,Now is the time to sit and profit from the swing setups from weeks ago!,20201012,https://www.youtube.com/watch?v=iobRxNCyEk0
H89VW5PKYN0,A lot of wisdon today the last 50 minutes or so,20201009,https://www.youtube.com/watch?v=H89VW5PKYN0
zodqKgRJaRQ,Possible short setups in solar stocks emerging?,20201008,https://www.youtube.com/watch?v=zodqKgRJaRQ
oeVZ17lp2aY,Solar stocks are energized!,20201007,https://www.youtube.com/watch?v=oeVZ17lp2aY
1HWK6UOYvNM,Strength into the elections?,20201006,https://www.youtube.com/watch?v=1HWK6UOYvNM
b7FVVWd280g,This is yesterdays video,20201006,https://www.youtube.com/watch?v=b7FVVWd280g
-SpiSkkY8c0,Leaders still leading? Does YOUR portfolio consist of leaders?,20201002,https://www.youtube.com/watch?v=-SpiSkkY8c0
ab4Xi3onywQ,What if we get a big rally into elections?,20201001,https://www.youtube.com/watch?v=ab4Xi3onywQ
oKfvcX-S4M0,Lack of good setups again,20200930,https://www.youtube.com/watch?v=oKfvcX-S4M0
JxOTlvGUSF0,Major indinces getting rejected at supply levels...,20200929,https://www.youtube.com/watch?v=JxOTlvGUSF0
iH1Zf6WJX_E,Back to an autopilot market environment?,20200928,https://www.youtube.com/watch?v=iH1Zf6WJX_E
LMrz-rWQqac,5 star setups on their way!,20200925,https://www.youtube.com/watch?v=LMrz-rWQqac
28vQw4v_YfQ,Need a panic flush for a bottom!,20200924,https://www.youtube.com/watch?v=28vQw4v_YfQ
_JvCQKA9xXU,Leaders leading,20200923,https://www.youtube.com/watch?v=_JvCQKA9xXU
bwR7HYxkEAo,"Setups are here, but will the market help?",20200922,https://www.youtube.com/watch?v=bwR7HYxkEAo
obo0RcmxNNE,Chop but a lot of stocks setting up!,20200921,https://www.youtube.com/watch?v=obo0RcmxNNE
ftJpNQmD478,Chop chop chop,20200917,https://www.youtube.com/watch?v=ftJpNQmD478
IhSrnZXH8s4,Silver high tight flag!,20200916,https://www.youtube.com/watch?v=IhSrnZXH8s4
Gyx4ONHsPOw,Dead cat bounce or next leg in bull market? - Some really good setups triggered!,20200915,https://www.youtube.com/watch?v=Gyx4ONHsPOw
xtr4BbYRfaY,Are we going to hold the 50-day?,20200911,https://www.youtube.com/watch?v=xtr4BbYRfaY
5ONzPHHdtIU,I'm in The Wall Street Journal today,20200909,https://www.youtube.com/watch?v=5ONzPHHdtIU
z5NvNXmHmfE,Markets nearing bounce territory?,20200908,https://www.youtube.com/watch?v=z5NvNXmHmfE
Y8xs3JFgVwc,Finally a washout in the markets - Newbies getting schooled,20200904,https://www.youtube.com/watch?v=Y8xs3JFgVwc
vgAoK49ZfNA,Finally a froth reset!,20200903,https://www.youtube.com/watch?v=vgAoK49ZfNA
HUiY2C5jlEQ,Tesla and $TQQQ multi million dollar shorts?,20200902,https://www.youtube.com/watch?v=HUiY2C5jlEQ
QyFTLOZ-4zs,How far will the market go without a pullback?,20200901,https://www.youtube.com/watch?v=QyFTLOZ-4zs
IAsZLSfInT4,Welcome to all the Estonian followers!,20200827,https://www.youtube.com/watch?v=IAsZLSfInT4
vTxXrU5jjAk,Unstoppable market!,20200826,https://www.youtube.com/watch?v=vTxXrU5jjAk
gIJPs1a4cC8,Apple and Tesla starting to go parabolic,20200824,https://www.youtube.com/watch?v=gIJPs1a4cC8
WczOCnD0f5w,Lots of setups triggered this week but will they have good follow through?,20200821,https://www.youtube.com/watch?v=WczOCnD0f5w
FTSL0y3Jk_E,A few good setups... but will they follow through??,20200820,https://www.youtube.com/watch?v=FTSL0y3Jk_E
4pNRHwHAJgw,Crypto setups special! -Swing Trading School about 65 minutes  in-,20200819,https://www.youtube.com/watch?v=4pNRHwHAJgw
3WOCGilnS6A,Maybe becoming an activist investor,20200818,https://www.youtube.com/watch?v=3WOCGilnS6A
0TtPc372p1Q,"If you trade random stocks and random setups, you wll have shit results.",20200817,https://www.youtube.com/watch?v=0TtPc372p1Q
vYDDihwS1oM,"If you want to make millions, YOU have to do the work. I'm just here to guide you and provide inspir",20200814,https://www.youtube.com/watch?v=vYDDihwS1oM
0uj98guIOpA,Good setups are coming back!,20200813,https://www.youtube.com/watch?v=0uj98guIOpA
ZdXxuBIFTZ0,Time for patience! -Swing Trading School first hour or so-,20200812,https://www.youtube.com/watch?v=ZdXxuBIFTZ0
438_cyYQ888,Sector rotation from leaders to laggards today - Swing Trading School last 55 minutes -,20200810,https://www.youtube.com/watch?v=438_cyYQ888
gHowL9YTRbg,Sector rotation from leaders to laggards today - Swing Trading School last 55 minutes -,20200810,https://www.youtube.com/watch?v=gHowL9YTRbg
aTIADs82W_k,Earnings season,20200807,https://www.youtube.com/watch?v=aTIADs82W_k
2f1nX_TGelQ,Earnings season - finding the next big winners! -Swing trading school last 65 minutes-,20200806,https://www.youtube.com/watch?v=2f1nX_TGelQ
YYFwzNZkRDI,Perfect short setup on $LVGO! -Swing trading school last 55 minutes-,20200805,https://www.youtube.com/watch?v=YYFwzNZkRDI
WfpvTnScSE8,Made back my $1.5M loss from last week! Swing trading school last 40 minutes,20200804,https://www.youtube.com/watch?v=WfpvTnScSE8
X9vP9hJY6qM,Swing trading school -last 40 minutes-,20200803,https://www.youtube.com/watch?v=X9vP9hJY6qM
KsozMIjFBis,Swing trading school coming!,20200731,https://www.youtube.com/watch?v=KsozMIjFBis
TsI1kd_DHTU,Success in trading is about shrugging off an occasional big loss quick and sticking to your process,20200730,https://www.youtube.com/watch?v=TsI1kd_DHTU
VtBYmOR83oU,How to lose 1.5 million by accident...,20200729,https://www.youtube.com/watch?v=VtBYmOR83oU
5KN9uyYF5uo,Lots of bullish flags among the momentum leaders!,20200728,https://www.youtube.com/watch?v=5KN9uyYF5uo
_2urSPdZVec,Will there be a million dollar opportunity this week?,20200727,https://www.youtube.com/watch?v=_2urSPdZVec
pFyOTs6xXRs,Damn its choppy out there,20200724,https://www.youtube.com/watch?v=pFyOTs6xXRs
PraCEKu-Cos,Tesla and Twitter earnings!,20200723,https://www.youtube.com/watch?v=PraCEKu-Cos
g15zVdsJUXo,On the hunt for the next million dollar opportunity!,20200722,https://www.youtube.com/watch?v=g15zVdsJUXo
QBZO0UglZ8w,"Momentum leaders leading, laggards lagging",20200721,https://www.youtube.com/watch?v=QBZO0UglZ8w
SN9Rlh25xWs,Looks like I got shaken out of some  of the momentum leaders last week...,20200720,https://www.youtube.com/watch?v=SN9Rlh25xWs
H6Zu-9jwlyo,Next leg in the markets going to be up or down?,20200718,https://www.youtube.com/watch?v=H6Zu-9jwlyo
GAUMqB_R1bE,"If you are easily triggered, don't watch this!",20200715,https://www.youtube.com/watch?v=GAUMqB_R1bE
cMkRsqvlVHM,Finally the expected rug pull! Now what?,20200714,https://www.youtube.com/watch?v=cMkRsqvlVHM
YwMoUTd4naQ,Tech and software stocks in melt-up mode! Will there be some reversals soon?,20200713,https://www.youtube.com/watch?v=YwMoUTd4naQ
XFjjt4Cm16I,Slow melt up continues but some short setups may be developing,20200710,https://www.youtube.com/watch?v=XFjjt4Cm16I
GVTyWZCJPn0,Tech and software stocks in melt-up mode! Millionaire minting market,20200709,https://www.youtube.com/watch?v=GVTyWZCJPn0
hgrjw6IxFGY,Big shorting opportunities developing in $NIO and $OSTK,20200708,https://www.youtube.com/watch?v=hgrjw6IxFGY
UTbvV7Rqd4E,Couple of rants about spending 1000+ hours studying how stocks move.,20200706,https://www.youtube.com/watch?v=UTbvV7Rqd4E
zxqFTq59gZU,"If you don't spend time studying historical stock moves over the weekend, you won't make it trading",20200702,https://www.youtube.com/watch?v=zxqFTq59gZU
6fsq62nKgH0,"Feels like markets are tired, BUT, a few parabolic moves in momentum leaders starting",20200701,https://www.youtube.com/watch?v=6fsq62nKgH0
0pD5-sFX4Vk,"If you don't trade the momentum leaders, you have no future!",20200630,https://www.youtube.com/watch?v=0pD5-sFX4Vk
kITl8W5eaEA,Many hight tight flags developing! Multi million dollar opportunities setting up!,20200629,https://www.youtube.com/watch?v=kITl8W5eaEA
f-SBHehrtR0,I thought I would make a million bucks today shorting $NVAX $INO and $VXRT,20200626,https://www.youtube.com/watch?v=f-SBHehrtR0
J6TJkwrTH6E,Watch this if you want to learn to play defense when you are heavily long and the market pulls back!,20200624,https://www.youtube.com/watch?v=J6TJkwrTH6E
tnHw5CKxcH4,Biggest short opportunity in months setting up,20200623,https://www.youtube.com/watch?v=tnHw5CKxcH4
WIeBGz4Og8Y,Opportunities of a lifetime!,20200622,https://www.youtube.com/watch?v=WIeBGz4Og8Y
Nb1NvTY5Ulk,"Frothy market, and I LOVE IT",20200619,https://www.youtube.com/watch?v=Nb1NvTY5Ulk
TfS-YmicyQ0,The market doesn't care how smart you are or how much information you think you have.,20200618,https://www.youtube.com/watch?v=TfS-YmicyQ0
OsnRBJF0xr0,Is it even possible to lose in this market?,20200617,https://www.youtube.com/watch?v=OsnRBJF0xr0
fw3E0Zu7IwI,Is this the start of a larger correction or just a mild bull market pullback?,20200615,https://www.youtube.com/watch?v=fw3E0Zu7IwI
DIvPxYjxRlg,Leading stocks holding up like champions despite the market weakness.,20200612,https://www.youtube.com/watch?v=DIvPxYjxRlg
m8KjHohwlzM,"If you want to make millions, YOU HAVE TO put in the work. No shortcuts.",20200611,https://www.youtube.com/watch?v=m8KjHohwlzM
0oyd5iYY4GU,Best. Trading. Market. Ever.,20200610,https://www.youtube.com/watch?v=0oyd5iYY4GU
5S-spryFw8Y,BIG opportunities ruined by the gap down. Did nail $NKLA short though,20200609,https://www.youtube.com/watch?v=5S-spryFw8Y
BaOesIGPVUo,Never in 9 years of trading have I seen this many good lond AND short setups at the same time!,20200608,https://www.youtube.com/watch?v=BaOesIGPVUo
io4TknSgkUk,THE best daytrading setup.,20200604,https://www.youtube.com/watch?v=io4TknSgkUk
ROkbcEVTH9w,Market is getting too easy.,20200603,https://www.youtube.com/watch?v=ROkbcEVTH9w
uZFKiMA3M1I,Best swing trading market ever. Just activate autopilpot and all bad news gets absorbed,20200602,https://www.youtube.com/watch?v=uZFKiMA3M1I
QaTaHNR_FkI,$ZS new earnings trade. Can it double from here?,20200529,https://www.youtube.com/watch?v=QaTaHNR_FkI
HsXadHE5hd4,Million dollar setups starting to develop in growth land,20200528,https://www.youtube.com/watch?v=HsXadHE5hd4
1GUt-E5lNps,Millions in profits and how to quickly switch from net long to net short.,20200527,https://www.youtube.com/watch?v=1GUt-E5lNps
KciAjkEFA6s,"My setups, methodology, and how to build trading mastery",20200527,https://www.youtube.com/watch?v=KciAjkEFA6s
Ql4nFb4oPpA,Trading and Chuck Norris.,20200526,https://www.youtube.com/watch?v=Ql4nFb4oPpA
foGdZubGoGA,Will my value investments make me a million or should I stick to momentum trading?,20200521,https://www.youtube.com/watch?v=foGdZubGoGA
-4SriUVLDKo,If Twitter says $MARK is worth $16 and I buy at $1.65... is that value investing?,20200520,https://www.youtube.com/watch?v=-4SriUVLDKo
r2A9mbmMl_0,All the pumps lost mojo,20200515,https://www.youtube.com/watch?v=r2A9mbmMl_0
wD4q_XHL8B0,The most speculative portfolio ever. Can $FMCI double-triple?,20200514,https://www.youtube.com/watch?v=wD4q_XHL8B0
7tIk1NhphuQ,Finally about to get a base building period after straight up panic buying?,20200513,https://www.youtube.com/watch?v=7tIk1NhphuQ
S3n57pIXboE,$MARK potential MILLION dollar trade on the hook!,20200511,https://www.youtube.com/watch?v=S3n57pIXboE
VTqwr9d1g0Y,Over $9 million in long exposure. Something has to go before the weekend....,20200508,https://www.youtube.com/watch?v=VTqwr9d1g0Y
-NtTGFhV268,Earnings season opportunities!,20200507,https://www.youtube.com/watch?v=-NtTGFhV268
Feyk4S1vVRk,Earnings season opportunities!,20200506,https://www.youtube.com/watch?v=Feyk4S1vVRk
0381XJA3DBQ,Many new long and short setups forming!,20200505,https://www.youtube.com/watch?v=0381XJA3DBQ
9wmeTRTVN8k,Can the the indices hold the rising 20 SMA support?,20200504,https://www.youtube.com/watch?v=9wmeTRTVN8k
Na2y_RrKZZI,"Short setups, classical music and $UAVS scam",20200430,https://www.youtube.com/watch?v=Na2y_RrKZZI
RnyU_0eq5ac,Earnings in growth stocks starting to come in!,20200429,https://www.youtube.com/watch?v=RnyU_0eq5ac
48oX0A2V0-0,"Million dollar setups. Entries done, now it's all about waiting for them to play out.",20200428,https://www.youtube.com/watch?v=48oX0A2V0-0
BEAQXNtA5ok,Beaten down names 50-100% upside!,20200427,https://www.youtube.com/watch?v=BEAQXNtA5ok
MZETs09mFxM,30-50% moves coming in select names!!,20200424,https://www.youtube.com/watch?v=MZETs09mFxM
vw3_-dq_pIQ,A market of bull and bear flags everywhere!,20200423,https://www.youtube.com/watch?v=vw3_-dq_pIQ
OKNpuzHF3fQ,Bear flags starting to break down?,20200422,https://www.youtube.com/watch?v=OKNpuzHF3fQ
TcLLotmFsig,I'M BACK BABY! Finally a huge day after 3 weeks of frustration,20200421,https://www.youtube.com/watch?v=TcLLotmFsig
T1oQYHFdW-Q,Bear market rally or 1st leg of a new bull?,20200420,https://www.youtube.com/watch?v=T1oQYHFdW-Q
SvTWDAao4pI,Sell the news coming in the markets?,20200417,https://www.youtube.com/watch?v=SvTWDAao4pI
FAttgBCppdI,Big time divergence in the markets right now. Something has to give,20200416,https://www.youtube.com/watch?v=FAttgBCppdI
ohS61T28TdA,Damn gap down. They are not giving us a good setup...,20200415,https://www.youtube.com/watch?v=ohS61T28TdA
Lt68eBBvMv0,Major FOMO going on right now.,20200414,https://www.youtube.com/watch?v=Lt68eBBvMv0
IdhF1IIFl3I,The patience to wait for the next MILLION dollar opportunity.,20200413,https://www.youtube.com/watch?v=IdhF1IIFl3I
lPlvRt2p4Rk,Where are we headed from here?,20200408,https://www.youtube.com/watch?v=lPlvRt2p4Rk
0uqM3whoWB4,Markets starting to hit resistance areas. What's next?,20200407,https://www.youtube.com/watch?v=0uqM3whoWB4
_t_OGlyfhiI,Starting to see breakouts among my favorite growth stocks!!!,20200406,https://www.youtube.com/watch?v=_t_OGlyfhiI
qbsODW_GIHg,I was shaken out of my $TSLA short near the top...,20200403,https://www.youtube.com/watch?v=qbsODW_GIHg
fi2acIEmnKU,My favorite growth stock turned out to be a FRAUD!,20200402,https://www.youtube.com/watch?v=fi2acIEmnKU
oOaOUgW1Hqk,This gap down ruining my setups!,20200327,https://www.youtube.com/watch?v=oOaOUgW1Hqk
3ewTEp3lU38,Market in limbo. Potential monster setups building though,20200326,https://www.youtube.com/watch?v=3ewTEp3lU38
Q1ip6XwoJxY,Bear market rally,20200325,https://www.youtube.com/watch?v=Q1ip6XwoJxY
tJufYfo9eTg,$TVIX sub $300! f'king awesome!,20200324,https://www.youtube.com/watch?v=tJufYfo9eTg
lZNUaBx_H98,$TVIX on its way to sub $300?,20200323,https://www.youtube.com/watch?v=lZNUaBx_H98
ZUjdlhuu03k,$1.3M gain on $TVIX.,20200320,https://www.youtube.com/watch?v=ZUjdlhuu03k
X3g9WO5T3bo,$100K missed opportunities because I'm too slow!,20200319,https://www.youtube.com/watch?v=X3g9WO5T3bo
_Nst8wVuNWo,Many large cap leaders down $35-40%+. Huge opportunity or a trap?,20200318,https://www.youtube.com/watch?v=_Nst8wVuNWo
kmSFnqIL6Hk,A MILLION DOLLAR LOSS on $TVIX. - still up on the month.,20200316,https://www.youtube.com/watch?v=kmSFnqIL6Hk
2ly2kCBn5wE,I'm turning BULLISH again on some of the virus names?,20200311,https://www.youtube.com/watch?v=2ly2kCBn5wE
TDBSryudRno,$TVIX still has 50% of downside!,20200310,https://www.youtube.com/watch?v=TDBSryudRno
VOIWwBeNFgI,$TVIX INSANE volatility. Down $500K to...?,20200309,https://www.youtube.com/watch?v=VOIWwBeNFgI
jdzlp4nUoQI,Will $TVIX be my biggest trade ever?,20200306,https://www.youtube.com/watch?v=jdzlp4nUoQI
qW_SWOqV0F8,China and US growth stocks VERY STRONG!,20200305,https://www.youtube.com/watch?v=qW_SWOqV0F8
62v5pmWOr2k,Corona stocks momentum leaving?,20200304,https://www.youtube.com/watch?v=62v5pmWOr2k
WlbAhWQ8Oo4,Is TESLA setting up for antoher pullback?,20200303,https://www.youtube.com/watch?v=WlbAhWQ8Oo4
c60pzLWGL_I,Still getting big opportunities trading virus stocks!,20200302,https://www.youtube.com/watch?v=c60pzLWGL_I
22NgCX0FFv4,EPIC 7-figure profit week!,20200228,https://www.youtube.com/watch?v=22NgCX0FFv4
e5Cc6XHg-7E,Covid / Corona stocks going nuts! I'm long a bunch!,20200226,https://www.youtube.com/watch?v=e5Cc6XHg-7E
iuzNFGgMu_0,Now is the time to stalk for RELATIVE STRENGTH in the markets!,20200225,https://www.youtube.com/watch?v=iuzNFGgMu_0
ZwPbyiN3Qvo,Coronavirus getinng HOT again and will the markets finally have a pullback?,20200224,https://www.youtube.com/watch?v=ZwPbyiN3Qvo
v57-ET009qU,$SPCE coming back to earth soon?,20200221,https://www.youtube.com/watch?v=v57-ET009qU
EijLXzBCJDU,$SPCE going to space?,20200220,https://www.youtube.com/watch?v=EijLXzBCJDU
AG226y4hi1E,Tesla going to $1500?,20200219,https://www.youtube.com/watch?v=AG226y4hi1E
GRjU7SZMfD8,Great earnints reports and a short candidate,20200218,https://www.youtube.com/watch?v=GRjU7SZMfD8
PZNGPoSE7Z8,So many good earnings reports!,20200214,https://www.youtube.com/watch?v=PZNGPoSE7Z8
DrZPOU_gi7o,"Tesla is flagging, can it go to $2000?",20200213,https://www.youtube.com/watch?v=DrZPOU_gi7o
eTanNJy7c38,Filing for a Large Trader with the SEC!!!,20200212,https://www.youtube.com/watch?v=eTanNJy7c38
8BkmpMsuORk,Earnings season and the hunt for the next 6-figure opportunity is here.,20200211,https://www.youtube.com/watch?v=8BkmpMsuORk
RH2PtfGq-Qo,Tesla gap up and fade,20200210,https://www.youtube.com/watch?v=RH2PtfGq-Qo
NYt6LZjxuLI,$TSLA bounce day,20200206,https://www.youtube.com/watch?v=NYt6LZjxuLI
-aU0q7YElys,"Tesla half a MILLION trade so far, can I get to 1 MILLION?",20200205,https://www.youtube.com/watch?v=-aU0q7YElys
TNcRB7L6az8,"Shorting Tesla, a potential MILLION dollar opportunity if done right",20200205,https://www.youtube.com/watch?v=TNcRB7L6az8
qmhLHCHRBnM,Coronavirus stocks choppiest theme pumps I've ever seen.,20200203,https://www.youtube.com/watch?v=qmhLHCHRBnM
WG7fUB04aaM,Corona plays and Tesla!,20200131,https://www.youtube.com/watch?v=WG7fUB04aaM
AO35uWnIRZs,The hunt for the next 6-figure opportunity! Maybe Tesla on earnings tonight?,20200129,https://www.youtube.com/watch?v=AO35uWnIRZs
qRoYBAiZys4,My coronavirus plays gapping lower.,20200128,https://www.youtube.com/watch?v=qRoYBAiZys4
ZS0JjG1EfpU,My coronavirus plays gapping higher.,20200127,https://www.youtube.com/watch?v=ZS0JjG1EfpU
B1TCCDizExQ,Test driving a Tesla Model X today. Going to manage $TSLA short from mobile,20200123,https://www.youtube.com/watch?v=B1TCCDizExQ
O333thFuU40,I gave back $200K in profits on $FCEL in 15 minutes...,20200122,https://www.youtube.com/watch?v=O333thFuU40
AAs9-ZO33eA,Another week of GREAT trading opportunities!,20200117,https://www.youtube.com/watch?v=AAs9-ZO33eA
u84s3-ehrw4,$TSLA trades like a smallcap pump. UNLIMITED liquidity to trade around in it,20200116,https://www.youtube.com/watch?v=u84s3-ehrw4
FN20YOH_XRM,Almost $150K in profits out of the gate! CRAZY open today!,20200114,https://www.youtube.com/watch?v=FN20YOH_XRM
4UWLcS4-lbI,Resilient markets,20200109,https://www.youtube.com/watch?v=4UWLcS4-lbI
1QtMVbPrKUw,What is the price action telling us despite recent news?,20200108,https://www.youtube.com/watch?v=1QtMVbPrKUw
o3IoaGLCxz4,$SAVA what a beast long and a beast short!,20200107,https://www.youtube.com/watch?v=o3IoaGLCxz4
SrIGW4fvzFE,$SAVA long up 50% in a few hours!,20200106,https://www.youtube.com/watch?v=SrIGW4fvzFE
1X0J9XbF7I4,New yeart starts with lots of opportunities already!,20200102,https://www.youtube.com/watch?v=1X0J9XbF7I4
yGdp9C0n6DM,$300K profit on $RAD short to end an already great year!,20191231,https://www.youtube.com/watch?v=yGdp9C0n6DM
0Ew3DImAZlw,Great trading opportunities everywhere!,20191227,https://www.youtube.com/watch?v=0Ew3DImAZlw
SZ0QELUoCJ4,Biotech MANIA?,20191218,https://www.youtube.com/watch?v=SZ0QELUoCJ4
UmAdr1cM3RY,Back at streaming!,20191218,https://www.youtube.com/watch?v=UmAdr1cM3RY
3w5BmkbsJpo,"Markets are hot, sick opportunitues!",20191129,https://www.youtube.com/watch?v=3w5BmkbsJpo
diApIcC5i-s,Markets are hot right now!,20191126,https://www.youtube.com/watch?v=diApIcC5i-s
_esqrDEJJdg,$250K in profits on $KRTX short!,20191125,https://www.youtube.com/watch?v=_esqrDEJJdg
6XgAT5LW9Ks,Two 6-figure trades in the portfolio!,20191119,https://www.youtube.com/watch?v=6XgAT5LW9Ks
cEryzoN5WNw,APES GM Maitoz tries to gank me,20191116,https://www.youtube.com/watch?v=cEryzoN5WNw
gqzntxo4DdI,Last opportunities of the earnings season!,20191115,https://www.youtube.com/watch?v=gqzntxo4DdI
sUU3mXKLgok,100% in 2 days on $FCEL! Can it go more?,20191114,https://www.youtube.com/watch?v=sUU3mXKLgok
Ab6bXsSfweo,Almost end of earnings season,20191112,https://www.youtube.com/watch?v=Ab6bXsSfweo
MSVE_HaH0qo,Earnings season almost over!,20191111,https://www.youtube.com/watch?v=MSVE_HaH0qo
pomzmadhQV0,Slow earnings day!,20191108,https://www.youtube.com/watch?v=pomzmadhQV0
8uyENUhiW1c,Great earnings breakouts,20191107,https://www.youtube.com/watch?v=8uyENUhiW1c
Wb_R-YqKoR0,Earnings season,20191106,https://www.youtube.com/watch?v=Wb_R-YqKoR0
Ax5a_ouJMKU,"Earnings, SaaS weakness, China breakouts",20191105,https://www.youtube.com/watch?v=Ax5a_ouJMKU
R7nACKgTydc,"Earnings, oil and China!",20191104,https://www.youtube.com/watch?v=R7nACKgTydc
BqGwSzbGS10,"Earninss, earnings, earnings!",20191101,https://www.youtube.com/watch?v=BqGwSzbGS10
fhH3wxpQxxE,$XNET $100K+ fuck-up,20191029,https://www.youtube.com/watch?v=fhH3wxpQxxE
Z1ywOzX05uA,Markets breaking out and my accounts too!,20191028,https://www.youtube.com/watch?v=Z1ywOzX05uA
vLuChJ0B6mU,Gold and silver breaking out! Nailed it perfectly.,20191025,https://www.youtube.com/watch?v=vLuChJ0B6mU
UG1vfP9hCH0,GOLD and SILVER!,20191024,https://www.youtube.com/watch?v=UG1vfP9hCH0
n8SWEpUNylE,Swing trades starting to work again!,20191023,https://www.youtube.com/watch?v=n8SWEpUNylE
V5ETDZgbnOs,Swing trades starting to work again!,20191022,https://www.youtube.com/watch?v=V5ETDZgbnOs
y090kik4xFA,Finally getting some traction in the protfolio!,20191021,https://www.youtube.com/watch?v=y090kik4xFA
ebiE01a6XiM,2019-10-18_16-13-27,20191018,https://www.youtube.com/watch?v=ebiE01a6XiM
FcXJZ3Y98YU,Markets finally out of range. Follow through?,20191017,https://www.youtube.com/watch?v=FcXJZ3Y98YU
MFew0xR3iv0,Great trading... Not.,20191016,https://www.youtube.com/watch?v=MFew0xR3iv0
D4pnSkaFVb8,Markets back into range after failed breakout attempt,20191014,https://www.youtube.com/watch?v=D4pnSkaFVb8
jtyYLDlgdbE,NO MORE $4200 Sushi!!,20191010,https://www.youtube.com/watch?v=jtyYLDlgdbE
A_0Sj3Hi9Jw,$4200 Sushi is what you get for eating near the market open,20191009,https://www.youtube.com/watch?v=A_0Sj3Hi9Jw
NDCSRLjr1-g,Dead cat bounce or bottoming process? 2,20191008,https://www.youtube.com/watch?v=NDCSRLjr1-g
Zp2aN0ZYcz4,Dead cat bounce or bottoming process?,20191008,https://www.youtube.com/watch?v=Zp2aN0ZYcz4
ttKgeB-cZbY,"Big reversal yesterday, some of the growth leaders trying to bottom",20191004,https://www.youtube.com/watch?v=ttKgeB-cZbY
oRX7YeTLdRg,"$UVXY long, $TSLA short, let's get the momentum going!",20191003,https://www.youtube.com/watch?v=oRX7YeTLdRg
Nlc2r-uz6Gg,"Least exposure this year so far!! Started $UVXY long, markets reall weak",20191002,https://www.youtube.com/watch?v=Nlc2r-uz6Gg
e49j7sjdMFE,My FIRST trading stream!,20191001,https://www.youtube.com/watch?v=e49j7sjdMFE
pNWdgezy2VA,How to trade (and not to trade) insanity stocks. $BPTH $LFIN $DRYS $AQXP $KBIO $DGLY $VLTC,20190310,https://www.youtube.com/watch?v=pNWdgezy2VA
exGHBikJi2c,August 29 - Weed stocks,20180829,https://www.youtube.com/watch?v=exGHBikJi2c
4VVjJFKGXyA,I'm back doing videos!,20180817,https://www.youtube.com/watch?v=4VVjJFKGXyA
15uiVoIGz5M,Blockchain! Recap and watches for Monday Nov 27,20171124,https://www.youtube.com/watch?v=15uiVoIGz5M
CjVIaf6355E,Watches for today Oct 12 2/2,20171012,https://www.youtube.com/watch?v=CjVIaf6355E
jCRikQX22iw,Crazy times! Recaps from the past week 1/2,20171012,https://www.youtube.com/watch?v=jCRikQX22iw
0gxJAfUQNTg,"Tue and Wed Recaps, Watches for Oct 05",20171005,https://www.youtube.com/watch?v=0gxJAfUQNTg
dIbyUDoRx_s,Recap and watches for Tuesday Oct 03,20171003,https://www.youtube.com/watch?v=dIbyUDoRx_s
QbZK-o1NzH8,"Quick Sep recap, current positions and Watches for Monday Oct 02, 2 of 2",20171001,https://www.youtube.com/watch?v=QbZK-o1NzH8
l-bkF4vLO6A,"Quick Sep recap, current positions and Watches for Monday Oct 02, 1 of 2",20171001,https://www.youtube.com/watch?v=l-bkF4vLO6A
xb7HOD6qy8s,A Bunch of Recaps and Watches for Tuesday September 19,20170919,https://www.youtube.com/watch?v=xb7HOD6qy8s
CIlKfh5r5vM,Recaps and watches for Tuesday Sep 12,20170912,https://www.youtube.com/watch?v=CIlKfh5r5vM
FicF5ILBGhk,Recaps and watches for Wednesday Sep 06,20170906,https://www.youtube.com/watch?v=FicF5ILBGhk
RyhZsOv36hs,Wednesday Recap and Watches for Thursday August 31,20170831,https://www.youtube.com/watch?v=RyhZsOv36hs
yU-cNgKw508,Tuesday Recap and Watches for Wednesday August 30,20170830,https://www.youtube.com/watch?v=yU-cNgKw508
wUBuli89kCo,Monday Recap and Watches for Tuesday August 29,20170829,https://www.youtube.com/watch?v=wUBuli89kCo
u0bYjATHWOM,Thu & Fri Recaps and Watches for Monday August 28,20170828,https://www.youtube.com/watch?v=u0bYjATHWOM
wQlWvt1KPR0,Wednesday Recap and Watches for Thursday August 10,20170824,https://www.youtube.com/watch?v=wQlWvt1KPR0
clRF3OwRwVY,Monday Recap and Watches for Tuesday August 22,20170822,https://www.youtube.com/watch?v=clRF3OwRwVY
17D_g1gTIXQ,Wednesday Recap and Watches for Thursday August 10,20170810,https://www.youtube.com/watch?v=17D_g1gTIXQ
WeMXyomVCF4,Tuesday Recap and Watches for Wednesday August 09,20170809,https://www.youtube.com/watch?v=WeMXyomVCF4
r33ro5WdPjY,Monday Recap and Watches for Tuesday August 08,20170808,https://www.youtube.com/watch?v=r33ro5WdPjY
e8VQV8gO-rk,March 2017 Tracking watchlist cleaning Pt 1,20170410,https://www.youtube.com/watch?v=e8VQV8gO-rk
4Lm567mPk2E,Feb 2017 Tracking watchlists cleaning (looong and boring) Pt 2,20170402,https://www.youtube.com/watch?v=4Lm567mPk2E
YHC2vW97CrY,Monday Recap and Watches for Tuesday March 28,20170328,https://www.youtube.com/watch?v=YHC2vW97CrY
NsZd1fqveRc,$101K in profits and 43% win rate for February - Review of mistakes made,20170322,https://www.youtube.com/watch?v=NsZd1fqveRc
nm8iNDjHRoE,My scanning process and scans,20170313,https://www.youtube.com/watch?v=nm8iNDjHRoE
9WLlLvDBAvs,Wednesday Recap and Watches for Thursday March 9,20170309,https://www.youtube.com/watch?v=9WLlLvDBAvs
aAq89kTPv2k,Tuesday Recap and Watches for Wednesday March 8,20170308,https://www.youtube.com/watch?v=aAq89kTPv2k
TFiGVNT5als,Feb 2017 Tracking watchlists cleaning (long and boring) Pt 1,20170307,https://www.youtube.com/watch?v=TFiGVNT5als
L-CXRg3x60A,Monday Recap and Watches for Tuesday March 7,20170307,https://www.youtube.com/watch?v=L-CXRg3x60A
NG3YO4WEAR0,Wednesday Recap and Watches for Thursday March 2,20170302,https://www.youtube.com/watch?v=NG3YO4WEAR0
M8nKIGOyxB8,Tuesday Recap and Watches for Wednesday March 1,20170301,https://www.youtube.com/watch?v=M8nKIGOyxB8
2K4_IJ4OTlA,Biotechs! and Watches for Tuesday February 28,20170228,https://www.youtube.com/watch?v=2K4_IJ4OTlA
2qYzLVwbUtw,Friday Recap and Watches for Monday February 27,20170226,https://www.youtube.com/watch?v=2qYzLVwbUtw
OJXtrIbxdjU,Weed stocks continued death and Watches for February 24,20170224,https://www.youtube.com/watch?v=OJXtrIbxdjU
2A7fmWBvvRE,$CNBX death and Watches for Thursday February 23,20170223,https://www.youtube.com/watch?v=2A7fmWBvvRE
Zibe6_ORfpU,Unboxed part of $CNBX squeezing me and Watches for Wed Feb 22,20170222,https://www.youtube.com/watch?v=Zibe6_ORfpU
1VV_0nbUtV8,Watches for Tuesday February 21,20170219,https://www.youtube.com/watch?v=1VV_0nbUtV8
7H7ZLP7D0PA,Friday Recap and My Worst Box Attempt,20170219,https://www.youtube.com/watch?v=7H7ZLP7D0PA
TbROPu7tnBA,Jan 2017 Tracking watchlists cleaning (long and boring) Pt 2,20170218,https://www.youtube.com/watch?v=TbROPu7tnBA
115PRj2wCvk,Thursday Recap and Watches for Friday February 17,20170217,https://www.youtube.com/watch?v=115PRj2wCvk
V1M0glaMKIs,Wednesday Recap and Watches for Thursday February 16,20170216,https://www.youtube.com/watch?v=V1M0glaMKIs
2Wa7oirBbpg,Mon-Tue recaps and watches for Wednesday Feb 15,20170215,https://www.youtube.com/watch?v=2Wa7oirBbpg
joQa6YbAh6E,Going through Jan 2017 tracking watchlists (long and boring),20170213,https://www.youtube.com/watch?v=joQa6YbAh6E
wjqH-payJz0,$71K in profits and 41% win rate for January - Review of mistakes made,20170212,https://www.youtube.com/watch?v=wjqH-payJz0
ixK4VHeFjDI,Friday recap and watches for Monday Feb 13,20170211,https://www.youtube.com/watch?v=ixK4VHeFjDI
gJuNaRIahzM,Recap and watches for Feb 10,20170210,https://www.youtube.com/watch?v=gJuNaRIahzM
DA0ql_NDQU4,Recap and watches for Feb 9,20170209,https://www.youtube.com/watch?v=DA0ql_NDQU4
3s--hHRvt04,Recap and watches for Feb 8,20170208,https://www.youtube.com/watch?v=3s--hHRvt04
6J5-hTaZ7Ik,Recap and watches for Feb 7,20170207,https://www.youtube.com/watch?v=6J5-hTaZ7Ik
biiMrPUIQns,$79K in profits for the week! Recap and watches for Feb 6,20170204,https://www.youtube.com/watch?v=biiMrPUIQns
w57mW2ysyhs,Recap and watches for Feb 3 (ignore my repetition on FNMA lol),20170203,https://www.youtube.com/watch?v=w57mW2ysyhs
jIDVHFtndd0,Nearly $50K in profits on $DRYS! Recap and watches for Feb 2,20170202,https://www.youtube.com/watch?v=jIDVHFtndd0
VlxZnLFOz2M,Recap and watches for Feb 1,20170201,https://www.youtube.com/watch?v=VlxZnLFOz2M
1vChBQfmzjA,Recap and watches for Jan 31,20170131,https://www.youtube.com/watch?v=1vChBQfmzjA
_Y-7YjdUXT4,Recap and Watches for Jan 30,20170129,https://www.youtube.com/watch?v=_Y-7YjdUXT4
gKaXIGSFObE,Recap and Watches for Jan 27,20170127,https://www.youtube.com/watch?v=gKaXIGSFObE
5WQ1nih6hDQ,Trading Recap and Watches for Tuesday Jan 24,20170124,https://www.youtube.com/watch?v=5WQ1nih6hDQ
VRdK05wyVhM,Watchlist 23 january 2017,20170122,https://www.youtube.com/watch?v=VRdK05wyVhM
