ticker,streaks,need_from,had_from,resolved_as,confidence,new_first_bar,bars_added,coverage_gap_days,seam_gap_pct,note,merged,source
RADCQ^24,46,2005-06-24,2023-10-17,RAD,low,2005-06-24,4608,,,"LOW confidence -- not merged, verify manually",False,
ACIIQ^16,40,2008-02-08,2021-03-29,ACI,low,2008-02-08,2184,,,"LOW confidence -- not merged, verify manually",False,
VTLE^25,37,2015-02-03,2023-01-09,,,,0,,,no prior symbol found,False,
WPM,34,2006-03-02,2017-05-16,SLW,high,2006-03-02,2821,5.0,,,True,
SSRM,31,2008-12-16,2017-08-03,SSRI,high,2008-12-16,2172,5.0,,,True,
WLTGQ^19,30,2005-06-27,2021-12-07,WLT,low,2005-06-27,2524,,,"LOW confidence -- not merged, verify manually",False,
WGHTQ^25,29,2014-10-10,2025-05-16,,,,0,,,no prior symbol found,False,
SUNEQ^17,29,2006-05-15,2013-06-03,SUN,low,2006-05-15,1612,,,"LOW confidence -- not merged, verify manually",False,
LCINQ^23,27,2013-11-04,2023-05-04,LCI,low,2013-11-04,2380,,,"LOW confidence -- not merged, verify manually",False,
UAL,26,2006-11-30,2010-10-01,,,,0,,,no prior symbol found,False,
IONS,26,2006-11-14,2015-12-22,ISIS,high,2006-11-14,2290,5.0,,,True,
KATE^17,26,2008-09-02,2014-02-26,,,,0,,,no prior symbol found,False,
HQCL^19,25,2007-02-27,2015-02-09,,,,0,,,no prior symbol found,False,
PSKY,24,2008-12-23,2025-08-07,,,,0,,,no prior symbol found,False,
GOLLQ^25,22,2006-01-03,2024-01-29,GOL,low,2006-01-03,4546,,,"LOW confidence -- not merged, verify manually",False,
YELLQ^26,22,2008-04-29,2021-02-08,,,,0,,,no prior symbol found,False,
QRVO,21,2006-04-26,2015-01-02,,,,0,,,no prior symbol found,False,
BFYT^20,21,2017-06-27,2020-03-06,,,,0,,,no prior symbol found,False,
TVRD,21,2015-07-31,2025-04-16,CARA,high,2015-07-31,2442,4.0,,,True,
KEEL,20,2021-03-22,2026-04-06,,,,0,,,no prior symbol found,False,
LLFLQ^24,20,2015-11-12,2024-08-13,,,,0,,,no prior symbol found,False,
VRN^25,18,2015-10-16,2024-05-15,,,,0,,,no prior symbol found,False,
CNXT.1^11,18,2005-03-01,2006-09-15,,,,0,,,no prior symbol found,False,
TCRT,18,2015-01-15,2022-01-27,ZIOP,high,2015-01-15,1771,4.0,,,True,
GFASY,17,2007-11-12,2021-12-31,,,,0,,,no prior symbol found,False,
HPR^21,17,2015-02-05,2018-03-20,,,,0,,,no prior symbol found,False,
IOGPQ^22,16,2009-11-11,2022-05-19,,,,0,,,no prior symbol found,False,
JOY^17,16,2006-02-08,2011-12-06,,,,0,,,no prior symbol found,False,
CCL,16,2008-08-01,2021-01-07,,,,0,,,no prior symbol found,False,
ANDV^18,15,2005-04-14,2017-08-01,,,,0,,,no prior symbol found,False,
TCOM,15,2006-05-23,2019-11-05,,,,0,,,no prior symbol found,False,
TZOO,15,2005-01-03,2006-09-15,,,,0,,,no prior symbol found,False,
CBI^18,15,2006-02-06,2016-07-19,,,,0,,,no prior symbol found,False,
SLAIY,15,2014-01-22,2025-10-20,,,,0,,,no prior symbol found,False,
BKNG,15,2007-08-16,2018-02-27,,,,0,,,no prior symbol found,False,
CIEN,15,2005-01-04,2006-09-15,,,,0,,,no prior symbol found,False,
MNDT^22,15,2014-01-13,2021-10-05,,,,0,,,no prior symbol found,False,
ATML^16,14,2005-03-11,2006-09-15,,,,0,,,no prior symbol found,False,
LKM^18,14,2013-07-29,2018-03-14,,,,0,,,no prior symbol found,False,
MP,14,2021-03-02,2024-07-15,,,,0,,,no prior symbol found,False,
CMPR,14,2007-11-13,2014-11-17,,,,0,,,no prior symbol found,False,
STCN^25,14,2005-01-04,2018-02-27,,,,0,,,no prior symbol found,False,
KKD^16,13,2005-01-03,2006-09-15,,,,0,,,no prior symbol found,False,
CNX,13,2007-11-12,2015-02-17,,,,0,,,no prior symbol found,False,
TKO,13,2014-02-03,2023-09-12,,,,0,,,no prior symbol found,False,
ASRT^26,13,2011-02-03,2018-08-15,,,,0,,,no prior symbol found,False,
ASXC^24,13,2016-02-19,2021-03-05,,,,0,,,no prior symbol found,False,
AGL,12,2021-06-15,2024-01-23,,,,0,,,no prior symbol found,False,
SRCI^20,12,2014-11-18,2017-03-06,,,,0,,,no prior symbol found,False,
TIVO.1^16,12,2005-03-11,2006-09-15,,,,0,,,no prior symbol found,False,
RCM^24,12,2011-05-11,2017-03-15,,,,0,,,no prior symbol found,False,
RDUS^25,12,2005-03-14,2014-06-06,,,,0,,,no prior symbol found,False,
RBAK^07,12,2005-09-21,2006-09-15,,,,0,,,no prior symbol found,False,
CDE,12,2005-10-03,2006-09-15,,,,0,,,no prior symbol found,False,
TUPBQ^25,12,2008-02-12,2024-09-19,TUP,low,2008-02-12,4177,,,"LOW confidence -- not merged, verify manually",False,
OVIP^10,12,2007-10-22,2010-04-19,,,,0,,,no prior symbol found,False,
MOD,12,2023-08-17,2025-02-11,,,,0,,,no prior symbol found,False,
LIVN,12,2005-02-10,2015-10-19,,,,0,,,no prior symbol found,False,
LVLT^17,12,2005-06-07,2006-09-15,,,,0,,,no prior symbol found,False,
CTRA^26,12,2008-06-20,2018-11-09,,,,0,,,no prior symbol found,False,
JRJCY^25,11,2007-09-21,2022-01-25,,,,0,,,no prior symbol found,False,
TVTX,11,2014-04-02,2020-11-19,,,,0,,,no prior symbol found,False,
ADEA,11,2005-02-15,2022-10-03,,,,0,,,no prior symbol found,False,
CIEIQ^18,11,2011-12-21,2026-06-04,CIE,low,2011-12-21,1505,,,"LOW confidence -- not merged, verify manually",False,
DFTX,11,2020-12-11,2026-01-15,,,,0,,,no prior symbol found,False,
NTRI^19,10,2005-07-28,2006-09-15,,,,0,,,no prior symbol found,False,
ISEE^23,10,2014-12-26,2019-04-17,,,,0,,,no prior symbol found,False,
CRNC,10,2020-01-13,2023-11-24,,,,0,,,no prior symbol found,False,
FUTU,10,2020-06-16,2021-06-07,,,,0,,,no prior symbol found,False,
TXG,10,2019-11-06,2021-11-16,,,,0,,,no prior symbol found,False,
MNKKQ^22,10,2015-12-17,2021-12-31,MNK,low,2015-12-17,1212,,,"LOW confidence -- not merged, verify manually",False,
AMKR,10,2005-01-05,2006-09-15,,,,0,,,no prior symbol found,False,
SHAW^13,10,2005-09-13,2009-08-21,,,,0,,,no prior symbol found,False,
SIOX^24,10,2016-09-26,2020-11-13,,,,0,,,no prior symbol found,False,
RNAM^26,10,2022-12-22,2026-02-26,,,,0,,,no prior symbol found,False,
TGNA^26,10,2009-05-05,2015-06-29,,,,0,,,no prior symbol found,False,
FET,10,2015-03-02,2025-08-04,,,,0,,,no prior symbol found,False,
SIRF^09,10,2005-10-11,2006-09-15,,,,0,,,no prior symbol found,False,
IDEXQ^26,9,2014-02-19,2018-11-13,IDE,low,2014-02-19,1194,,,"LOW confidence -- not merged, verify manually",False,
NGPS^07,9,2005-01-03,2006-09-15,,,,0,,,no prior symbol found,False,
ZLAB,9,2020-01-22,2021-11-30,,,,0,,,no prior symbol found,False,
ACB,9,2017-11-27,2018-10-23,,,,0,,,no prior symbol found,False,
BEL^19,9,2010-08-06,2014-07-28,,,,0,,,no prior symbol found,False,
SBSW,9,2016-02-16,2020-02-24,,,,0,,,no prior symbol found,False,
OVV,9,2009-01-09,2020-01-27,,,,0,,,no prior symbol found,False,
BOOM,9,2005-02-28,2006-09-15,,,,0,,,no prior symbol found,False,
RBBN,9,2005-10-05,2017-11-29,SONS,high,2005-10-05,3059,5.0,,,True,
PWEI^07,9,2005-12-07,2006-09-15,,,,0,,,no prior symbol found,False,
ATI,9,2005-03-08,2006-09-15,,,,0,,,no prior symbol found,False,
AUY^23,9,2006-01-18,2006-09-15,,,,0,,,no prior symbol found,False,
SWN^24,9,2005-07-14,2006-09-15,,,,0,,,no prior symbol found,False,
SZMK^16,9,2010-05-06,2014-02-10,,,,0,,,no prior symbol found,False,
VRTX,9,2005-05-13,2006-09-15,,,,0,,,no prior symbol found,False,
USG.1^19,9,2005-01-11,2006-09-15,,,,0,,,no prior symbol found,False,
TIE^13,9,2005-07-15,2006-09-15,,,,0,,,no prior symbol found,False,
WIRE^24,9,2006-02-08,2006-09-15,,,,0,,,no prior symbol found,False,
OUTR^16,9,2009-02-26,2013-07-02,,,,0,,,no prior symbol found,False,
NUAN^22,9,2006-01-23,2006-09-15,,,,0,,,no prior symbol found,False,
AQNT^07,9,2005-05-20,2006-09-15,,,,0,,,no prior symbol found,False,
ANTP^13,9,2005-01-03,2006-09-15,,,,0,,,no prior symbol found,False,
NDAQ,9,2005-04-28,2006-09-15,,,,0,,,no prior symbol found,False,
ELN^13,9,2005-05-12,2006-09-15,,,,0,,,no prior symbol found,False,
ELOS^17,9,2005-02-07,2006-09-15,,,,0,,,no prior symbol found,False,
IRTC,9,2020-03-05,2020-11-04,,,,0,,,no prior symbol found,False,
EHC,9,2005-06-28,2006-09-15,,,,0,,,no prior symbol found,False,
GERN,9,2005-01-07,2006-09-15,,,,0,,,no prior symbol found,False,
FTO^11,9,2005-05-03,2006-09-15,,,,0,,,no prior symbol found,False,
FSRNQ^24,9,2021-02-25,2024-03-26,FSR,low,2021-02-25,775,,,"LOW confidence -- not merged, verify manually",False,
DINO,9,2006-06-08,2022-03-15,,,,0,,,no prior symbol found,False,
AROC,8,2009-09-25,2015-11-04,,,,0,,,no prior symbol found,False,
QFIN,8,2020-07-13,2021-12-06,,,,0,,,no prior symbol found,False,
BCRX,8,2005-10-11,2006-09-15,,,,0,,,no prior symbol found,False,
GTTNQ^22,8,2018-03-27,2021-12-31,GTT,low,2018-03-27,823,,,"LOW confidence -- not merged, verify manually",False,
EBODF,8,2006-02-07,2012-11-01,,,,0,,,no prior symbol found,False,
EGIOQ^25,8,2007-10-29,2022-06-16,EGI,low,2007-10-29,2999,,,"LOW confidence -- not merged, verify manually",False,
ICE,8,2006-01-20,2006-09-15,,,,0,,,no prior symbol found,False,
DLTR,8,2008-03-11,2024-04-22,,,,0,,,no prior symbol found,False,
AMCC^17,8,2005-01-11,2006-09-15,,,,0,,,no prior symbol found,False,
UI,8,2012-04-09,2019-08-20,UBNT,high,2012-04-09,1853,5.0,,,True,
AKS^20,8,2005-01-03,2006-09-15,,,,0,,,no prior symbol found,False,
DAY^26,8,2018-08-13,2024-02-01,,,,0,,,no prior symbol found,False,
MTOR^22,8,2005-11-16,2011-03-30,,,,0,,,no prior symbol found,False,
LIFC^08,8,2005-08-10,2006-09-15,,,,0,,,no prior symbol found,False,
DCEL.1^07,8,2005-06-21,2006-09-15,,,,0,,,no prior symbol found,False,
TPL,8,2021-03-03,2025-03-05,,,,0,,,no prior symbol found,False,
AOBI,8,2005-11-11,2023-03-22,,,,0,,,no prior symbol found,False,
NVAX,8,2005-10-18,2006-09-15,,,,0,,,no prior symbol found,False,
PLAY.1^07,8,2005-03-09,2006-09-15,,,,0,,,no prior symbol found,False,
SILK^24,8,2019-06-21,2023-01-23,,,,0,,,no prior symbol found,False,
PDS,8,2009-10-30,2015-03-12,,,,0,,,no prior symbol found,False,
QS,8,2021-03-02,2022-07-27,,,,0,,,no prior symbol found,False,
OXY,8,2008-12-29,2021-01-28,,,,0,,,no prior symbol found,False,
BPYU^21,8,2008-04-02,2020-03-02,,,,0,,,no prior symbol found,False,
CARM,8,2016-08-05,2023-03-08,,,,0,,,no prior symbol found,False,
ZVOI,8,2010-09-24,2019-04-15,,,,0,,,no prior symbol found,False,
AGI,8,2008-03-20,2013-02-13,,,,0,,,no prior symbol found,False,
NET,7,2020-02-24,2020-10-28,,,,0,,,no prior symbol found,False,
GENI,7,2023-07-11,2025-06-16,,,,0,,,no prior symbol found,False,
AMCX,7,2011-09-20,2022-02-23,,,,0,,,no prior symbol found,False,
ALLO,7,2019-01-24,2021-06-16,,,,0,,,no prior symbol found,False,
DVN,7,2016-03-22,2021-01-26,,,,0,,,no prior symbol found,False,
FCEL,7,2005-02-22,2006-09-15,,,,0,,,no prior symbol found,False,
DBDQQ^23,7,2019-02-14,2023-06-05,DBD,low,2019-02-14,1079,,,"LOW confidence -- not merged, verify manually",False,
CKCM^06,7,2005-05-26,2006-09-15,,,,0,,,no prior symbol found,False,
QMCO,7,2010-10-27,2020-02-03,,,,0,,,no prior symbol found,False,
PAY,7,2021-12-27,2025-08-05,,,,0,,,no prior symbol found,False,
CATX,7,2014-03-24,2023-02-21,,,,0,,,no prior symbol found,False,
CBST^15,7,2005-07-25,2006-09-15,,,,0,,,no prior symbol found,False,
BOLT.1^14,7,2007-03-21,2008-01-15,,,,0,,,no prior symbol found,False,
BBIO,7,2019-12-20,2021-04-05,,,,0,,,no prior symbol found,False,
TRUP,7,2020-08-10,2023-08-22,,,,0,,,no prior symbol found,False,
U,7,2020-11-12,2022-06-28,,,,0,,,no prior symbol found,False,
PLMR,7,2019-11-06,2024-04-10,,,,0,,,no prior symbol found,False,
TFCFA^19,7,2008-12-29,2019-03-19,,,,0,,,no prior symbol found,False,
BID.1^19,7,2007-10-17,2008-06-30,,,,0,,,no prior symbol found,False,
RGSEQ^22,7,2013-05-21,2014-02-24,RGS,low,2013-05-21,191,,,"LOW confidence -- not merged, verify manually",False,
RES,7,2006-02-01,2006-09-15,,,,0,,,no prior symbol found,False,
RCPIQ^23,7,2010-04-06,2014-06-04,,,,0,,,no prior symbol found,False,
QVCAQ^26,7,2009-01-06,2014-10-07,,,,0,,,no prior symbol found,False,
CDMO^25,7,2012-09-07,2018-01-08,,,,0,,,no prior symbol found,False,
CLGX^21,7,2008-02-04,2010-06-02,,,,0,,,no prior symbol found,False,
VIEWF,6,2006-05-30,2013-11-26,,,,0,,,no prior symbol found,False,
FULT,6,2007-08-23,2008-11-03,,,,0,,,no prior symbol found,False,
VEON,6,2015-02-11,2017-03-31,,,,0,,,no prior symbol found,False,
GRA^21,6,2005-04-27,2006-09-15,,,,0,,,no prior symbol found,False,
HSOA^10,6,2005-11-23,2006-09-15,,,,0,,,no prior symbol found,False,
HMY,6,2006-02-13,2007-01-17,,,,0,,,no prior symbol found,False,
HGSI^12,6,2005-07-25,2006-09-15,,,,0,,,no prior symbol found,False,
IIIN,6,2006-03-16,2006-09-15,,,,0,,,no prior symbol found,False,
CY^20,6,2005-02-22,2006-09-15,,,,0,,,no prior symbol found,False,
VOLT.3^22,6,2006-06-26,2007-07-26,,,,0,,,no prior symbol found,False,
JAGGF,6,2011-09-02,2018-12-14,,,,0,,,no prior symbol found,False,
IOC^17,6,2005-07-07,2006-09-15,,,,0,,,no prior symbol found,False,
MDG^08,6,2006-05-16,2006-09-15,,,,0,,,no prior symbol found,False,
NGAS^11,6,2005-09-28,2006-09-15,,,,0,,,no prior symbol found,False,
CURLF,6,2019-04-25,2021-12-31,,,,0,,,no prior symbol found,False,
NSRGY,6,2008-06-04,2021-12-31,,,,0,,,no prior symbol found,False,
MSO^15,6,2005-01-03,2006-09-15,,,,0,,,no prior symbol found,False,
NEU,6,2006-04-10,2006-09-15,,,,0,,,no prior symbol found,False,
CMC,6,2005-03-09,2006-09-15,,,,0,,,no prior symbol found,False,
RMBS,6,2006-01-17,2006-09-15,,,,0,,,no prior symbol found,False,
REVRQ^23,6,2009-11-23,2022-10-21,REV,low,2009-11-23,3250,,,"LOW confidence -- not merged, verify manually",False,
RIG,6,2009-02-03,2014-09-15,,,,0,,,no prior symbol found,False,
RNWK^22,6,2005-05-11,2006-09-15,,,,0,,,no prior symbol found,False,
PMTI^13,6,2005-02-23,2006-09-15,,,,0,,,no prior symbol found,False,
QNCX,6,2019-12-24,2022-08-01,,,,0,,,no prior symbol found,False,
KCG.1^13,6,2008-01-23,2010-05-25,,,,0,,,no prior symbol found,False,
CHAP.1^07,6,2006-02-13,2006-09-15,,,,0,,,no prior symbol found,False,
PARL^12,6,2005-06-10,2006-09-15,,,,0,,,no prior symbol found,False,
CCJ,6,2005-03-01,2006-09-15,,,,0,,,no prior symbol found,False,
PDCE^23,6,2011-11-04,2012-07-16,,,,0,,,no prior symbol found,False,
CGC,6,2017-11-08,2018-05-24,,,,0,,,no prior symbol found,False,
ABCL,6,2022-06-13,2025-08-14,,,,0,,,no prior symbol found,False,
ATHR.1^11,6,2005-03-04,2006-09-15,,,,0,,,no prior symbol found,False,
FFAI,6,2022-07-07,2025-03-10,,,,0,,,no prior symbol found,False,
FIT.2^21,6,2015-10-29,2017-11-13,,,,0,,,no prior symbol found,False,
SNBRQ,6,2011-09-19,2017-11-01,,,,0,,,no prior symbol found,False,
SMSI,6,2006-06-06,2006-09-15,,,,0,,,no prior symbol found,False,
FMCN^13,6,2006-01-18,2006-09-15,,,,0,,,no prior symbol found,False,
FMD^16,6,2005-11-03,2006-09-15,,,,0,,,no prior symbol found,False,
WTRG,6,2007-08-16,2020-02-03,WTR,high,2007-08-16,3137,5.0,,,True,
AEM,6,2006-02-17,2006-09-15,,,,0,,,no prior symbol found,False,
ADVM^25,6,2015-01-07,2016-05-12,,,,0,,,no prior symbol found,False,
AEBI,6,2007-06-07,2025-07-02,,,,0,,,no prior symbol found,False,
WCG^20,6,2005-02-15,2006-09-15,,,,0,,,no prior symbol found,False,
ADBL^08,6,2005-02-09,2006-09-15,,,,0,,,no prior symbol found,False,
ACGN^23,6,2014-01-13,2023-01-18,,,,0,,,no prior symbol found,False,
ZOLT^14,6,2006-03-30,2006-09-15,,,,0,,,no prior symbol found,False,
BGO.1^07,6,2005-12-12,2006-09-15,,,,0,,,no prior symbol found,False,
RCKT,6,2019-12-23,2021-10-20,,,,0,,,no prior symbol found,False,
THE^07,6,2005-10-06,2006-09-15,,,,0,,,no prior symbol found,False,
THMRQ^12,6,2007-12-10,2026-04-09,THM,low,2007-12-10,4606,,,"LOW confidence -- not merged, verify manually",False,
BBWI,6,2008-08-20,2021-08-03,,,,0,,,no prior symbol found,False,
SHOO,6,2006-05-03,2006-09-15,,,,0,,,no prior symbol found,False,
SGTL^08,6,2005-01-28,2006-09-15,,,,0,,,no prior symbol found,False,
BCSI^12,6,2005-02-08,2006-09-15,,,,0,,,no prior symbol found,False,
BMRN,6,2008-01-22,2017-10-30,,,,0,,,no prior symbol found,False,
CHPT,6,2021-06-16,2025-09-04,,,,0,,,no prior symbol found,False,
PYXSQ^20,6,2018-09-21,2021-10-08,PYX,low,2018-09-21,434,,,"LOW confidence -- not merged, verify manually",False,
LGMK,6,2017-12-26,2022-03-02,,,,0,,,no prior symbol found,False,
OS.1^07,6,2005-01-03,2006-09-15,,,,0,,,no prior symbol found,False,
NVEC,6,2005-02-10,2006-09-15,,,,0,,,no prior symbol found,False,
CLF,6,2005-03-08,2006-09-15,,,,0,,,no prior symbol found,False,
ONXX^13,6,2005-03-21,2006-09-15,,,,0,,,no prior symbol found,False,
FNSR^19,6,2005-12-15,2006-09-15,,,,0,,,no prior symbol found,False,
GEO,6,2022-05-11,2024-04-08,,,,0,,,no prior symbol found,False,
GIGM,6,2006-05-02,2006-09-15,,,,0,,,no prior symbol found,False,
EZPW,6,2006-04-19,2006-09-15,,,,0,,,no prior symbol found,False,
FOXH^07,6,2005-05-27,2006-09-15,,,,0,,,no prior symbol found,False,
VTRS,6,2009-01-20,2020-11-17,,,,0,,,no prior symbol found,False,
UFS^21,6,2008-01-07,2008-08-14,,,,0,,,no prior symbol found,False,
GLBC^11,6,2005-01-28,2006-09-15,,,,0,,,no prior symbol found,False,
ENCY^08,6,2005-02-17,2006-09-15,,,,0,,,no prior symbol found,False,
DXPE,6,2006-05-01,2006-09-15,,,,0,,,no prior symbol found,False,
GLBL.1^11,6,2005-09-02,2006-09-15,,,,0,,,no prior symbol found,False,
NFLX,6,2005-04-18,2006-09-15,,,,0,,,no prior symbol found,False,
NETL.1^12,6,2006-02-03,2006-09-15,,,,0,,,no prior symbol found,False,
DELL,6,2024-03-14,2025-06-16,,,,0,,,no prior symbol found,False,
LEXR^06,6,2005-03-30,2007-06-13,,,,0,,,no prior symbol found,False,
EB^26,6,2019-05-03,2019-11-19,,,,0,,,no prior symbol found,False,
NTBLQ,6,2015-06-01,2023-10-17,NTB,low,2016-09-16,1782,,,"LOW confidence -- not merged, verify manually",False,
APP,6,2021-06-10,2022-02-14,,,,0,,,no prior symbol found,False,
NTMD^09,6,2005-06-27,2006-09-15,,,,0,,,no prior symbol found,False,
NXG.1^11,6,2006-04-20,2006-09-15,,,,0,,,no prior symbol found,False,
CMTL,6,2005-03-24,2006-09-15,,,,0,,,no prior symbol found,False,
COF,6,2008-02-08,2008-05-07,,,,0,,,no prior symbol found,False,
NTPIF,6,2012-09-17,2014-04-22,,,,0,,,no prior symbol found,False,
ZETA,5,2022-04-08,2023-08-07,,,,0,,,no prior symbol found,False,
XP,5,2020-02-07,2021-02-04,,,,0,,,no prior symbol found,False,
WWR,5,2010-11-29,2017-08-21,URRE,high,2010-11-29,1693,5.0,,,True,
ACLS,5,2006-01-30,2006-09-15,,,,0,,,no prior symbol found,False,
XWEL,5,2014-01-29,2022-10-25,,,,0,,,no prior symbol found,False,
SUSQ^15,5,2007-12-11,2010-10-27,SU,low,2007-12-11,725,,,"LOW confidence -- not merged, verify manually",False,
TCSGQ^25,5,2014-01-08,2024-12-24,TCS,low,2014-01-08,2749,,,"LOW confidence -- not merged, verify manually",False,
ATW^17,5,2008-07-08,2015-03-05,,,,0,,,no prior symbol found,False,
BAND,5,2019-08-14,2021-11-08,,,,0,,,no prior symbol found,False,
CERT,5,2021-05-04,2024-04-23,,,,0,,,no prior symbol found,False,
CARG,5,2018-04-10,2021-03-01,,,,0,,,no prior symbol found,False,
BPPTU^25,5,2019-01-25,2025-07-01,,,,0,,,no prior symbol found,False,
SAND^25,5,2016-09-13,2018-08-06,,,,0,,,no prior symbol found,False,
RVMD,5,2020-09-21,2023-05-01,,,,0,,,no prior symbol found,False,
ROCC^23,5,2018-05-22,2021-01-05,,,,0,,,no prior symbol found,False,
BIDU,5,2005-12-06,2006-09-15,,,,0,,,no prior symbol found,False,
RGTPQ^25,5,2018-06-04,2023-08-22,RGT,low,2018-06-04,1313,,,"LOW confidence -- not merged, verify manually",False,
ATHN.2^19,5,2007-11-14,2009-08-12,,,,0,,,no prior symbol found,False,
ATCO^23,5,2017-07-05,2020-02-28,,,,0,,,no prior symbol found,False,
AABA^19,5,2007-11-06,2017-06-19,,,,0,,,no prior symbol found,False,
CMP,5,2008-03-20,2023-10-11,,,,0,,,no prior symbol found,False,
TRAW,5,2020-07-27,2024-04-03,ONTX+ONTXW,high,2020-07-27,927,4.0,,,True,
CNTFY^23,5,2005-12-07,2022-01-05,,,,0,,,no prior symbol found,False,
APA,5,2009-01-08,2019-05-01,,,,0,,,no prior symbol found,False,
COGT.1^10,5,2005-02-23,2006-09-15,,,,0,,,no prior symbol found,False,
LFCHY^22,5,2007-01-09,2022-09-02,,,,0,,,no prior symbol found,False,
CTMX,5,2018-03-08,2023-05-04,,,,0,,,no prior symbol found,False,
CSCIF,5,2010-05-13,2024-08-09,,,,0,,,no prior symbol found,False,
MI,5,2021-03-22,2023-09-18,,,,0,,,no prior symbol found,False,
CVI,5,2008-01-17,2010-09-07,,,,0,,,no prior symbol found,False,
NGS,5,2005-09-26,2006-09-15,,,,0,,,no prior symbol found,False,
NCLH,5,2020-05-27,2021-11-08,,,,0,,,no prior symbol found,False,
MPU,5,2021-08-16,2023-02-06,,,,0,,,no prior symbol found,False,
GYRE,5,2018-02-09,2023-10-31,CBIO,high,2018-02-09,1440,4.0,,,True,
HIBB^24,5,2008-08-25,2016-11-21,,,,0,,,no prior symbol found,False,
IMGN^24,5,2011-10-28,2014-04-02,,,,0,,,no prior symbol found,False,
CYDY,5,2020-04-02,2021-12-31,,,,0,,,no prior symbol found,False,
JOBS^22,5,2005-01-03,2006-09-15,,,,0,,,no prior symbol found,False,
VRM,5,2020-08-04,2022-07-18,,,,0,,,no prior symbol found,False,
FCL.2^09,5,2005-03-10,2006-09-15,,,,0,,,no prior symbol found,False,
FNCX^18,5,2014-12-03,2016-06-13,,,,0,,,no prior symbol found,False,
DMKPQ^25,4,2017-06-22,2024-02-07,DMK,low,2023-09-08,104,,,"LOW confidence -- not merged, verify manually",False,
EQC^25,4,2009-01-16,2014-08-01,,,,0,,,no prior symbol found,False,
DHC,4,2008-03-17,2022-06-23,SNH,high,2008-03-17,2970,905.0,,905d hole remains in stitched series,True,
GDRX,4,2021-01-04,2022-03-17,,,,0,,,no prior symbol found,False,
IVCRQ^23,4,2017-08-08,2023-02-02,IVC,low,2017-08-08,1380,,,"LOW confidence -- not merged, verify manually",False,
VIAB^19,4,2008-12-30,2011-12-01,,,,0,,,no prior symbol found,False,
UTSI,4,2005-11-22,2006-09-15,,,,0,,,no prior symbol found,False,
GFIG^16,4,2005-10-20,2006-09-15,,,,0,,,no prior symbol found,False,
TRIP,4,2012-02-13,2020-03-17,,,,0,,,no prior symbol found,False,
ARRY.1^19,4,2013-08-08,2013-12-16,,,,0,,,no prior symbol found,False,
BUCY^11,4,2006-05-03,2006-09-15,,,,0,,,no prior symbol found,False,
DAR,4,2008-02-06,2020-03-18,,,,0,,,no prior symbol found,False,
TCF^21,4,2008-02-05,2017-05-08,,,,0,,,no prior symbol found,False,
EMKR^25,4,2006-03-28,2006-09-15,,,,0,,,no prior symbol found,False,
TLAB^13,4,2007-07-31,2009-06-01,,,,0,,,no prior symbol found,False,
VPHM^14,4,2005-06-20,2006-09-15,,,,0,,,no prior symbol found,False,
HOUS^26,4,2019-08-28,2022-06-09,,,,0,,,no prior symbol found,False,
DOCN,4,2021-07-02,2022-03-08,,,,0,,,no prior symbol found,False,
XNCR,4,2018-03-22,2025-07-21,,,,0,,,no prior symbol found,False,
API,4,2020-09-03,2023-10-03,,,,0,,,no prior symbol found,False,
ASAPQ,4,2020-03-23,2022-11-22,ASA,low,2020-03-23,674,,,"LOW confidence -- not merged, verify manually",False,
TBHC^26,4,2020-08-19,2025-07-29,,,,0,,,no prior symbol found,False,
MGNI,4,2019-08-27,2020-07-01,RUBI,high,2019-08-27,213,4.0,,,True,
MNSO,4,2020-12-21,2021-12-07,,,,0,,,no prior symbol found,False,
MYOG^06,4,2005-08-16,2006-09-15,,,,0,,,no prior symbol found,False,
MXL,4,2016-03-10,2025-04-21,,,,0,,,no prior symbol found,False,
CRSR,4,2020-11-17,2025-08-07,,,,0,,,no prior symbol found,False,
CPA,4,2008-05-09,2014-10-16,,,,0,,,no prior symbol found,False,
SITC,4,2009-04-13,2018-10-12,DDR+DDRpH,high,2009-04-13,2394,5.0,,,True,
SIFY,4,2005-12-19,2006-09-15,,,,0,,,no prior symbol found,False,
BFXXQ^24,4,2020-05-22,2024-03-06,BFX,low,2023-11-01,84,,,"LOW confidence -- not merged, verify manually",False,
OIGBQ^23,4,2021-01-11,2023-08-29,OIG,low,2022-08-01,271,,,"LOW confidence -- not merged, verify manually",False,
ODD,4,2023-11-16,2024-05-06,,,,0,,,no prior symbol found,False,
RGLD,4,2005-09-27,2006-09-15,,,,0,,,no prior symbol found,False,
QUOT^23,4,2014-06-03,2015-10-21,,,,0,,,no prior symbol found,False,
BWNG^07,4,2005-01-03,2006-09-15,,,,0,,,no prior symbol found,False,
PENN,4,2008-08-20,2019-02-14,,,,0,,,no prior symbol found,False,
PRETQ^24,4,2010-05-05,2022-12-16,PRE,low,2010-05-05,1625,,,"LOW confidence -- not merged, verify manually",False,
XTKG^26,4,2021-07-06,2024-01-30,,,,0,,,no prior symbol found,False,
ACHHY^23,4,2007-08-06,2022-09-07,,,,0,,,no prior symbol found,False,
VTSS^15,4,2005-12-06,2011-03-02,,,,0,,,no prior symbol found,False,
FORM,4,2006-05-01,2006-09-15,,,,0,,,no prior symbol found,False,
ZUMZ,4,2006-06-06,2006-09-15,,,,0,,,no prior symbol found,False,
GEPT^13,3,2005-08-08,2006-09-15,,,,0,,,no prior symbol found,False,
ALTI.1^16,3,2005-02-14,2006-09-15,,,,0,,,no prior symbol found,False,
ALPP,3,2020-12-30,2021-10-20,,,,0,,,no prior symbol found,False,
ALO.2^08,3,2005-08-08,2006-09-15,,,,0,,,no prior symbol found,False,
ALJ^17,3,2006-05-22,2006-09-15,,,,0,,,no prior symbol found,False,
ALGN,3,2005-04-28,2006-09-15,,,,0,,,no prior symbol found,False,
AKAM,3,2006-07-10,2006-09-15,,,,0,,,no prior symbol found,False,
AIRT,3,2005-02-15,2006-09-15,,,,0,,,no prior symbol found,False,
VST,3,2023-03-22,2023-10-09,,,,0,,,no prior symbol found,False,
VSAT,3,2023-03-21,2023-07-27,,,,0,,,no prior symbol found,False,
VRE^26,3,2008-07-30,2021-12-10,,,,0,,,no prior symbol found,False,
GRAB,3,2021-04-19,2021-12-02,,,,0,,,no prior symbol found,False,
GME,3,2009-01-27,2018-09-12,,,,0,,,no prior symbol found,False,
GLXY,3,2021-04-15,2025-05-16,,,,0,,,no prior symbol found,False,
GLW,3,2009-01-12,2025-02-12,,,,0,,,no prior symbol found,False,
GLG.2^06,3,2006-05-15,2006-09-18,,,,0,,,no prior symbol found,False,
GLBR,3,2015-12-29,2017-02-27,,,,0,,,no prior symbol found,False,
GKNT^15,3,2006-03-31,2010-08-05,,,,0,,,no prior symbol found,False,
GIII,3,2016-02-09,2016-06-20,,,,0,,,no prior symbol found,False,
GIC,3,2006-10-12,2006-11-07,,,,0,,,no prior symbol found,False,
GG^19,3,2006-05-16,2007-01-24,,,,0,,,no prior symbol found,False,
FEED,3,2021-07-26,2025-12-12,,,,0,,,no prior symbol found,False,
FCS^16,3,2009-07-16,2014-10-27,,,,0,,,no prior symbol found,False,
ENS,3,2008-01-22,2010-11-23,,,,0,,,no prior symbol found,False,
ENLK^19,3,2013-10-28,2014-03-10,,,,0,,,no prior symbol found,False,
EGY,3,2006-06-29,2006-09-15,,,,0,,,no prior symbol found,False,
HITT^14,3,2006-07-10,2006-09-15,,,,0,,,no prior symbol found,False,
HGENQ^24,3,2015-11-23,2020-09-18,,,,0,,,no prior symbol found,False,
GTW^07,3,2006-09-07,2006-09-15,,,,0,,,no prior symbol found,False,
GROW,3,2006-09-11,2006-09-15,,,,0,,,no prior symbol found,False,
GRML,3,2025-06-16,2026-03-12,KLTO+KLTOW,high,2025-06-16,185,4.0,,,True,
VLO,3,2005-03-10,2006-09-15,,,,0,,,no prior symbol found,False,
VJTTY^25,3,2014-07-01,2024-04-04,,,,0,,,no prior symbol found,False,
VIVO.1^23,3,2008-01-22,2016-12-29,,,,0,,,no prior symbol found,False,
USNA,3,2005-03-30,2006-09-15,,,,0,,,no prior symbol found,False,
URBN,3,2005-11-10,2006-09-15,,,,0,,,no prior symbol found,False,
UNTD^16,3,2005-05-17,2006-09-15,,,,0,,,no prior symbol found,False,
UNIT,3,2016-01-13,2017-02-27,,,,0,,,no prior symbol found,False,
HRST,3,2011-08-04,2022-03-24,,,,0,,,no prior symbol found,False,
HOTT^13,3,2006-08-01,2006-09-15,,,,0,,,no prior symbol found,False,
HOLX^26,3,2005-10-05,2006-09-15,,,,0,,,no prior symbol found,False,
HLIT,3,2005-01-18,2006-09-15,,,,0,,,no prior symbol found,False,
HL,3,2006-02-08,2006-09-15,,,,0,,,no prior symbol found,False,
HK.1^11,3,2005-10-05,2007-03-13,,,,0,,,no prior symbol found,False,
HIVE,3,2021-01-07,2021-09-14,,,,0,,,no prior symbol found,False,
EPIC^11,3,2005-07-25,2006-09-15,,,,0,,,no prior symbol found,False,
ENWV^11,3,2005-06-17,2006-09-15,,,,0,,,no prior symbol found,False,
TWTC^14,3,2006-03-21,2006-09-15,,,,0,,,no prior symbol found,False,
TVTY^22,3,2016-08-12,2017-01-11,,,,0,,,no prior symbol found,False,
TTM^23,3,2009-05-18,2009-11-27,,,,0,,,no prior symbol found,False,
TTI,3,2006-05-23,2006-09-15,,,,0,,,no prior symbol found,False,
APPX.1^08,3,2005-01-04,2007-11-14,,,,0,,,no prior symbol found,False,
ANNX,3,2024-03-22,2024-12-10,,,,0,,,no prior symbol found,False,
ANDE,3,2006-04-11,2006-09-15,,,,0,,,no prior symbol found,False,
DFDV,3,2025-04-14,2025-05-05,,,,0,,,no prior symbol found,False,
IMAX,3,2005-02-22,2006-09-15,,,,0,,,no prior symbol found,False,
ILMN,3,2006-07-07,2006-09-15,,,,0,,,no prior symbol found,False,
ID.2^11,3,2005-01-03,2006-09-15,,,,0,,,no prior symbol found,False,
ICOS^07,3,2005-10-06,2006-09-15,,,,0,,,no prior symbol found,False,
HUT,3,2021-02-18,2021-06-15,,,,0,,,no prior symbol found,False,
ANAD^16,3,2006-09-13,2006-09-15,,,,0,,,no prior symbol found,False,
AMLN^12,3,2006-06-16,2006-09-15,,,,0,,,no prior symbol found,False,
TROO,3,2021-07-09,2021-11-16,,,,0,,,no prior symbol found,False,
TRLG^13,3,2006-01-06,2006-09-15,,,,0,,,no prior symbol found,False,
TQNT^15,3,2006-05-17,2006-09-15,,,,0,,,no prior symbol found,False,
TONS.1^07,3,2005-01-14,2006-09-15,,,,0,,,no prior symbol found,False,
TMTA^09,3,2005-08-18,2006-09-15,,,,0,,,no prior symbol found,False,
TIMB,3,2008-02-06,2020-10-16,,,,0,,,no prior symbol found,False,
ATEC,3,2023-01-06,2023-11-06,,,,0,,,no prior symbol found,False,
JAMN,3,2011-05-11,2021-12-31,,,,0,,,no prior symbol found,False,
IVAC^25,3,2006-04-10,2006-09-15,,,,0,,,no prior symbol found,False,
ITWO.1^10,3,2005-08-08,2006-09-15,,,,0,,,no prior symbol found,False,
ISSX^06,3,2006-07-31,2006-09-15,,,,0,,,no prior symbol found,False,
ISON,3,2005-01-03,2006-09-15,,,,0,,,no prior symbol found,False,
ISE^07,3,2006-02-14,2006-09-15,,,,0,,,no prior symbol found,False,
IPSU^12,3,2006-04-06,2006-09-15,,,,0,,,no prior symbol found,False,
INTC,3,2025-02-20,2025-05-08,,,,0,,,no prior symbol found,False,
DXCM,3,2015-09-28,2017-11-13,,,,0,,,no prior symbol found,False,
DSTI^17,3,2005-06-20,2006-09-15,,,,0,,,no prior symbol found,False,
DCP^23,3,2016-03-03,2019-04-30,,,,0,,,no prior symbol found,False,
DBRG,3,2020-08-31,2021-06-22,CLNY+CLNYpG+CLNYpH+CLNYpI+CLNYpJ,high,2020-08-31,203,4.0,,,True,
DBI,3,2011-09-30,2019-04-02,,,,0,,,no prior symbol found,False,
DAKT,3,2006-07-13,2006-09-15,,,,0,,,no prior symbol found,False,
DADA^25,3,2020-10-12,2021-12-22,,,,0,,,no prior symbol found,False,
CZR,3,2018-02-09,2019-05-23,,,,0,,,no prior symbol found,False,
CWBHF,3,2019-08-02,2021-12-31,,,,0,,,no prior symbol found,False,
KLIC,3,2005-08-01,2006-09-15,,,,0,,,no prior symbol found,False,
KEY,3,2008-02-01,2008-03-24,,,,0,,,no prior symbol found,False,
KCI^11,3,2006-08-01,2006-09-15,,,,0,,,no prior symbol found,False,
JWN^25,3,2009-03-16,2019-12-09,,,,0,,,no prior symbol found,False,
JOE,3,2006-08-04,2006-09-15,,,,0,,,no prior symbol found,False,
JMBA^18,3,2006-03-24,2006-11-29,,,,0,,,no prior symbol found,False,
LNG,3,2005-10-06,2009-11-30,,,,0,,,no prior symbol found,False,
LMND,3,2020-12-18,2022-05-23,,,,0,,,no prior symbol found,False,
LITE,3,2016-02-12,2016-02-24,,,,0,,,no prior symbol found,False,
LION,3,2012-03-28,2017-10-16,,,,0,,,no prior symbol found,False,
LGND,3,2005-09-13,2006-09-15,,,,0,,,no prior symbol found,False,
LFWD,3,2015-12-23,2024-01-30,RWLK,high,2015-12-23,2037,4.0,,,True,
LDSH^11,3,2006-06-12,2006-09-15,,,,0,,,no prior symbol found,False,
KOS,3,2015-10-22,2016-05-23,,,,0,,,no prior symbol found,False,
KOMG^07,3,2005-03-29,2006-09-15,,,,0,,,no prior symbol found,False,
DECK,3,2005-12-13,2006-09-15,,,,0,,,no prior symbol found,False,
ASEI^16,3,2005-08-19,2006-09-15,,,,0,,,no prior symbol found,False,
ARXT^08,3,2006-06-08,2006-09-15,,,,0,,,no prior symbol found,False,
THO,3,2007-09-04,2010-09-29,,,,0,,,no prior symbol found,False,
TEX,3,2006-05-19,2008-10-27,,,,0,,,no prior symbol found,False,
TECX,3,2019-07-26,2024-06-21,,,,0,,,no prior symbol found,False,
MEET^20,3,2011-06-01,2012-06-05,,,,0,,,no prior symbol found,False,
MEDX.1^09,3,2006-01-03,2006-09-15,,,,0,,,no prior symbol found,False,
MED,3,2006-06-02,2006-09-15,,,,0,,,no prior symbol found,False,
ME.2^10,3,2008-01-25,2009-02-11,,,,0,,,no prior symbol found,False,
MCRI,3,2005-04-11,2006-09-15,,,,0,,,no prior symbol found,False,
LWLG,3,2021-07-12,2021-09-01,,,,0,,,no prior symbol found,False,
LVS,3,2006-06-08,2006-09-15,,,,0,,,no prior symbol found,False,
LUFK^13,3,2005-11-03,2006-09-15,,,,0,,,no prior symbol found,False,
LPT^20,3,2008-07-30,2014-02-28,,,,0,,,no prior symbol found,False,
SYNH^23,3,2015-05-12,2018-01-08,,,,0,,,no prior symbol found,False,
SYNC.1^06,3,2005-11-16,2012-02-10,,,,0,,,no prior symbol found,False,
SYNA,3,2005-02-07,2006-09-15,,,,0,,,no prior symbol found,False,
SWTX^25,3,2020-10-12,2022-12-12,,,,0,,,no prior symbol found,False,
BASXQ^22,3,2017-07-24,2021-12-31,BAS,low,2017-07-24,595,,,"LOW confidence -- not merged, verify manually",False,
BARE^10,3,2008-03-04,2008-10-16,,,,0,,,no prior symbol found,False,
AZPN^25,3,2006-03-24,2006-09-15,,,,0,,,no prior symbol found,False,
CUP^07,3,2006-05-15,2006-09-15,,,,0,,,no prior symbol found,False,
CTX.2^09,3,2007-12-21,2007-12-26,,,,0,,,no prior symbol found,False,
CTRX^15,3,2011-10-04,2012-07-11,,,,0,,,no prior symbol found,False,
CTIC^23,3,2005-01-21,2006-09-15,,,,0,,,no prior symbol found,False,
CTCI^07,3,2006-07-26,2006-09-15,,,,0,,,no prior symbol found,False,
CSH.1^16,3,2006-07-28,2006-09-15,,,,0,,,no prior symbol found,False,
MKULQ^24,3,2022-06-13,2023-01-12,,,,0,,,no prior symbol found,False,
MGPI,3,2006-04-26,2006-09-15,,,,0,,,no prior symbol found,False,
PLXS,3,2006-02-07,2006-09-15,,,,0,,,no prior symbol found,False,
MGAM.1^14,3,2006-04-04,2006-09-15,,,,0,,,no prior symbol found,False,
AY^24,3,2015-01-16,2017-11-14,,,,0,,,no prior symbol found,False,
AXAS^23,3,2005-10-06,2008-07-25,,,,0,,,no prior symbol found,False,
AVNX^09,3,2006-03-07,2006-09-15,,,,0,,,no prior symbol found,False,
AVAV,3,2008-11-06,2017-07-10,,,,0,,,no prior symbol found,False,
SUIG,3,2025-08-11,2025-08-26,,,,0,,,no prior symbol found,False,
STMP^21,3,2005-05-18,2006-09-15,,,,0,,,no prior symbol found,False,
MRVC^17,3,2006-03-17,2006-09-15,,,,0,,,no prior symbol found,False,
MRO^24,3,2009-01-16,2014-10-09,,,,0,,,no prior symbol found,False,
MRGE.1^15,3,2005-12-07,2006-09-15,,,,0,,,no prior symbol found,False,
MNTV^23,3,2019-08-12,2021-11-10,,,,0,,,no prior symbol found,False,
MNTA^20,3,2005-06-23,2006-09-15,,,,0,,,no prior symbol found,False,
ZGNX^22,3,2014-01-27,2014-07-16,,,,0,,,no prior symbol found,False,
MM.1^08,3,2005-01-03,2006-10-05,,,,0,,,no prior symbol found,False,
MLNM^08,3,2005-07-28,2006-09-15,,,,0,,,no prior symbol found,False,
CVSI,3,2018-08-16,2021-12-31,,,,0,,,no prior symbol found,False,
STKL^26,3,2006-04-26,2006-09-15,,,,0,,,no prior symbol found,False,
SPIR.1^20,3,2005-07-25,2006-09-15,,,,0,,,no prior symbol found,False,
SPGZ^26,3,2006-12-20,2022-02-08,,,,0,,,no prior symbol found,False,
SPDC,3,2005-01-14,2013-09-12,,,,0,,,no prior symbol found,False,
SNEX,3,2006-11-27,2020-07-06,,,,0,,,no prior symbol found,False,
SNDK.1^16,3,2005-10-19,2006-09-15,,,,0,,,no prior symbol found,False,
SMSC^12,3,2005-12-16,2006-09-15,,,,0,,,no prior symbol found,False,
SLR^07,3,2005-06-24,2006-09-15,,,,0,,,no prior symbol found,False,
SLMT,3,2025-09-22,2025-10-03,,,,0,,,no prior symbol found,False,
NGAC.1^10,3,2007-05-24,2020-12-08,,,,0,,,no prior symbol found,False,
NETI^23,3,2017-03-28,2021-02-08,,,,0,,,no prior symbol found,False,
NCTY,3,2006-03-31,2006-09-15,,,,0,,,no prior symbol found,False,
NBIX,3,2006-09-01,2006-09-15,,,,0,,,no prior symbol found,False,
NAKA,3,2025-05-19,2025-05-23,,,,0,,,no prior symbol found,False,
WTI,3,2006-02-13,2006-09-15,,,,0,,,no prior symbol found,False,
MYGN,3,2008-11-12,2013-04-10,,,,0,,,no prior symbol found,False,
XCRA^18,3,2006-06-07,2014-05-22,,,,0,,,no prior symbol found,False,
MX,3,2013-02-22,2025-06-02,,,,0,,,no prior symbol found,False,
MUSA.1^05,3,2005-03-08,2010-04-09,,,,0,,,no prior symbol found,False,
ADM,3,2006-05-17,2006-09-15,,,,0,,,no prior symbol found,False,
CROX,3,2006-08-04,2006-09-15,,,,0,,,no prior symbol found,False,
CREAF,3,2005-01-20,2006-09-15,,,,0,,,no prior symbol found,False,
CRDN^12,3,2005-10-27,2006-09-15,,,,0,,,no prior symbol found,False,
PLUR,3,2020-04-13,2022-07-26,PSTI,high,2020-04-13,576,5.0,,,True,
CORV^20,3,2008-07-23,2018-05-17,,,,0,,,no prior symbol found,False,
NGL,3,2014-12-03,2015-02-02,,,,0,,,no prior symbol found,False,
SLAB,3,2006-08-03,2006-09-15,,,,0,,,no prior symbol found,False,
PLLL.1^09,3,2006-07-13,2006-09-15,,,,0,,,no prior symbol found,False,
SIRI,3,2007-12-12,2009-02-23,,,,0,,,no prior symbol found,False,
SIRC,3,2021-02-08,2021-12-31,,,,0,,,no prior symbol found,False,
SINA^21,3,2005-03-09,2006-09-15,,,,0,,,no prior symbol found,False,
SIMPQ,3,2018-09-24,2021-12-31,SIM,low,2018-09-24,701,,,"LOW confidence -- not merged, verify manually",False,
SIMG^15,3,2006-07-11,2006-09-15,,,,0,,,no prior symbol found,False,
SIG,3,2017-11-21,2018-09-25,,,,0,,,no prior symbol found,False,
PHM,3,2006-08-09,2007-01-30,PHA,high,2006-08-09,118,5.0,,,True,
SID,3,2008-02-01,2008-10-30,,,,0,,,no prior symbol found,False,
CDIIQ,3,2007-10-08,2009-01-26,CDI,low,2007-10-08,327,,,"LOW confidence -- not merged, verify manually",False,
BEST^25,3,2018-05-10,2020-10-15,,,,0,,,no prior symbol found,False,
CNC,3,2005-07-21,2006-09-15,,,,0,,,no prior symbol found,False,
CMOS^08,3,2005-03-04,2006-09-15,,,,0,,,no prior symbol found,False,
CLB,3,2006-08-08,2006-09-15,,,,0,,,no prior symbol found,False,
NTES,3,2005-09-27,2006-09-15,,,,0,,,no prior symbol found,False,
NSS.1^06,3,2005-03-07,2006-09-15,,,,0,,,no prior symbol found,False,
NSRS,3,2012-02-06,2022-02-01,,,,0,,,no prior symbol found,False,
NMTI^14,3,2006-02-07,2006-09-15,,,,0,,,no prior symbol found,False,
NMGC,3,2005-12-14,2006-09-15,,,,0,,,no prior symbol found,False,
CRZO^19,3,2005-09-27,2006-09-15,,,,0,,,no prior symbol found,False,
CRYP.2^12,3,2005-03-24,2006-09-15,,,,0,,,no prior symbol found,False,
BEAV^17,3,2006-08-01,2006-09-15,,,,0,,,no prior symbol found,False,
BBY,3,2008-12-22,2012-03-05,,,,0,,,no prior symbol found,False,
BBKCD,3,2021-04-12,2026-08-26,,,,0,,,no prior symbol found,False,
SG,3,2022-03-22,2023-08-16,,,,0,,,no prior symbol found,False,
SCPX,3,2020-07-16,2024-02-06,,,,0,,,no prior symbol found,False,
SANM,3,2006-05-10,2006-09-15,,,,0,,,no prior symbol found,False,
SAIA,3,2014-11-10,2023-02-21,,,,0,,,no prior symbol found,False,
S,3,2021-08-25,2022-09-06,,,,0,,,no prior symbol found,False,
OCLR^18,3,2006-02-07,2009-04-28,,,,0,,,no prior symbol found,False,
OATS^07,3,2005-04-01,2006-09-15,,,,0,,,no prior symbol found,False,
NYT,3,2008-02-25,2008-10-22,,,,0,,,no prior symbol found,False,
NXGN^23,3,2005-03-29,2008-02-25,,,,0,,,no prior symbol found,False,
NXE,3,2021-09-15,2022-10-03,,,,0,,,no prior symbol found,False,
NWRE^07,3,2005-12-27,2006-09-15,,,,0,,,no prior symbol found,False,
NVDA,3,2006-08-08,2006-09-15,,,,0,,,no prior symbol found,False,
NUE,3,2006-08-04,2006-09-18,,,,0,,,no prior symbol found,False,
RYI.1^07,3,2005-05-13,2006-09-15,,,,0,,,no prior symbol found,False,
RWAX,3,2021-02-08,2021-12-31,,,,0,,,no prior symbol found,False,
RTI^15,3,2006-05-12,2006-09-15,,,,0,,,no prior symbol found,False,
RRC,3,2005-10-10,2007-11-15,,,,0,,,no prior symbol found,False,
RLX,3,2021-05-24,2021-11-03,,,,0,,,no prior symbol found,False,
BNKK,3,2023-11-21,2025-10-10,SHOT+SHOTW,high,2023-11-21,472,4.0,,,True,
BLIAQ,3,2007-08-30,2021-12-31,BLI,low,2020-07-17,368,,,"LOW confidence -- not merged, verify manually",False,
BLDP,3,2006-04-24,2006-09-15,,,,0,,,no prior symbol found,False,
ORA,3,2006-02-24,2006-09-15,,,,0,,,no prior symbol found,False,
OPEN,3,2021-08-30,2022-01-26,,,,0,,,no prior symbol found,False,
OMNI^10,3,2006-06-30,2006-09-15,,,,0,,,no prior symbol found,False,
OMG^15,3,2006-05-24,2006-09-15,,,,0,,,no prior symbol found,False,
OMEX,3,2007-05-25,2007-07-10,,,,0,,,no prior symbol found,False,
OM,3,2021-04-14,2021-12-06,,,,0,,,no prior symbol found,False,
OKE,3,2010-05-10,2015-02-02,,,,0,,,no prior symbol found,False,
OIS,3,2015-10-09,2018-04-30,,,,0,,,no prior symbol found,False,
OII,3,2006-06-13,2006-09-15,,,,0,,,no prior symbol found,False,
BVN,3,2006-04-27,2006-09-21,,,,0,,,no prior symbol found,False,
OGZPY^22,3,2006-01-19,2021-12-31,,,,0,,,no prior symbol found,False,
BTMCQ^26,3,2025-06-18,2026-05-26,BTM,low,2025-06-18,234,,,"LOW confidence -- not merged, verify manually",False,
CIMG,3,2021-11-15,2024-10-31,,,,0,,,no prior symbol found,False,
CHNEY,3,2007-10-03,2023-10-17,,,,0,,,no prior symbol found,False,
CHIC.2^09,3,2005-10-14,2006-09-15,,,,0,,,no prior symbol found,False,
CETV^20,3,2005-03-15,2006-09-15,,,,0,,,no prior symbol found,False,
CENX,3,2006-02-10,2006-09-15,,,,0,,,no prior symbol found,False,
CELL.1^12,3,2006-08-09,2006-09-15,,,,0,,,no prior symbol found,False,
OVTI^16,3,2005-03-01,2006-09-15,,,,0,,,no prior symbol found,False,
OVEN^09,3,2005-06-20,2006-09-15,,,,0,,,no prior symbol found,False,
OTIVF^22,3,2014-09-17,2021-12-31,,,,0,,,no prior symbol found,False,
OSUR,3,2005-12-09,2006-09-15,,,,0,,,no prior symbol found,False,
OSH^23,3,2020-10-01,2021-03-29,,,,0,,,no prior symbol found,False,
ORKA,3,2010-03-29,2024-09-03,ABIO,high,2010-03-29,3632,5.0,,,True,
BIORQ,3,2021-10-11,2022-05-09,BIO,low,2021-10-11,145,,,"LOW confidence -- not merged, verify manually",False,
BINI,3,2022-03-25,2025-07-28,,,,0,,,no prior symbol found,False,
BGC,3,2021-04-12,2023-07-03,BGCP,high,2021-04-12,560,4.0,,,True,
BTE,3,2008-07-08,2014-02-05,,,,0,,,no prior symbol found,False,
QXO,3,2023-12-26,2024-06-06,SSNT,high,2023-12-26,112,4.0,,,True,
BRY.1^13,3,2005-03-14,2006-09-15,,,,0,,,no prior symbol found,False,
QSR,3,2014-12-12,2014-12-15,,,,0,,,no prior symbol found,False,
CAAS,3,2006-02-27,2006-09-15,,,,0,,,no prior symbol found,False,
BYAH,3,2025-06-25,2025-10-28,,,,0,,,no prior symbol found,False,
BRFS^25,3,2009-09-11,2009-12-10,,,,0,,,no prior symbol found,False,
BWEN,3,2008-06-09,2009-04-09,,,,0,,,no prior symbol found,False,
CBAT,3,2007-09-28,2018-11-30,,,,0,,,no prior symbol found,False,
CANN,3,2018-01-12,2021-12-31,,,,0,,,no prior symbol found,False,
BRCD^17,3,2009-04-03,2010-09-23,,,,0,,,no prior symbol found,False,
PD.1^07,3,2006-05-22,2006-09-18,,,,0,,,no prior symbol found,False,
PCG,3,2008-11-14,2018-02-26,,,,0,,,no prior symbol found,False,
PANC,3,2005-08-22,2006-09-15,,,,0,,,no prior symbol found,False,
PALM^10,3,2005-04-05,2006-09-15,,,,0,,,no prior symbol found,False,
CIVI^26,3,2013-10-25,2014-09-17,,,,0,,,no prior symbol found,False,
QDEL,3,2005-11-25,2006-09-15,,,,0,,,no prior symbol found,False,
POLY^22,3,2018-11-09,2021-05-24,,,,0,,,no prior symbol found,False,
WIND.1^09,3,2005-03-16,2006-09-15,,,,0,,,no prior symbol found,False,
WNR^17,3,2006-08-10,2006-09-15,,,,0,,,no prior symbol found,False,
AIIO,3,2021-12-14,2025-08-26,,,,0,,,no prior symbol found,False,
AGP^12,3,2005-07-21,2006-09-15,,,,0,,,no prior symbol found,False,
ZEUS^26,3,2005-01-03,2006-09-15,,,,0,,,no prior symbol found,False,
X^25,3,2006-02-09,2007-04-02,,,,0,,,no prior symbol found,False,
XYLO^25,3,2020-05-01,2024-04-19,,,,0,,,no prior symbol found,False,
XXIA^17,3,2005-01-03,2006-09-15,,,,0,,,no prior symbol found,False,
XXI,3,2025-04-24,2025-12-09,,,,0,,,no prior symbol found,False,
AAN.2^10,3,2008-11-24,2009-04-20,,,,0,,,no prior symbol found,False,
ABAT,3,2021-01-04,2021-12-31,,,,0,,,no prior symbol found,False,
ACAD,3,2006-02-15,2006-09-15,,,,0,,,no prior symbol found,False,
ABTS,3,2021-04-05,2023-11-17,,,,0,,,no prior symbol found,False,
ABLE,3,2005-06-06,2006-09-15,,,,0,,,no prior symbol found,False,
ABEO,3,2015-05-05,2015-06-22,PTBI,high,2015-05-05,33,4.0,,,True,
AEIS,3,2006-02-27,2006-09-15,,,,0,,,no prior symbol found,False,
XSNX,3,2006-03-20,2021-12-31,,,,0,,,no prior symbol found,False,
WFM^17,3,2009-03-10,2011-05-06,,,,0,,,no prior symbol found,False,
WEWKQ^24,3,2022-05-03,2023-11-08,,,,0,,,no prior symbol found,False,
WEST.3^18,3,2008-01-03,2008-02-25,,,,0,,,no prior symbol found,False,
WCC,3,2006-07-20,2006-09-15,,,,0,,,no prior symbol found,False,
EZRA,3,2022-01-03,2026-01-26,,,,0,,,no prior symbol found,False,
AMCO^20,3,2010-03-19,2013-07-18,,,,0,,,no prior symbol found,False,
FWLT^14,3,2006-02-10,2006-09-15,,,,0,,,no prior symbol found,False,
FTI.1^17,3,2008-01-17,2008-01-29,,,,0,,,no prior symbol found,False,
FRPT.1^11,3,2006-11-21,2007-01-18,,,,0,,,no prior symbol found,False,
EYPT,3,2021-11-17,2022-04-26,,,,0,,,no prior symbol found,False,
FITB,3,2008-02-08,2008-04-03,,,,0,,,no prior symbol found,False,
FFIV,3,2006-07-13,2007-05-07,,,,0,,,no prior symbol found,False,
ERS^17,3,2006-02-16,2006-09-15,,,,0,,,no prior symbol found,False,
ZNHYY^23,3,2007-09-24,2023-02-03,,,,0,,,no prior symbol found,False,
ACVA,3,2021-12-02,2022-02-23,,,,0,,,no prior symbol found,False,
AAOI,2,2015-09-11,2016-01-26,,,,0,,,no prior symbol found,False,
ABAX^18,2,2006-04-06,2006-09-15,,,,0,,,no prior symbol found,False,
ACM,2,2007-10-08,2007-11-26,,,,0,,,no prior symbol found,False,
AF^17,2,2008-02-06,2008-03-25,,,,0,,,no prior symbol found,False,
WRK^24,2,2008-05-05,2015-07-02,,,,0,,,no prior symbol found,False,
XFOR,2,2023-06-23,2024-08-19,,,,0,,,no prior symbol found,False,
XRTX.1^14,2,2006-04-11,2006-09-15,,,,0,,,no prior symbol found,False,
PRPL,2,2020-09-30,2021-09-30,PRPLW,high,2020-09-30,42,307.0,,307d hole remains in stitched series,True,
XPRO,2,2022-01-14,2022-03-01,,,,0,,,no prior symbol found,False,
XPOF,2,2022-04-27,2023-06-22,,,,0,,,no prior symbol found,False,
PZZA,2,2018-11-27,2019-04-18,,,,0,,,no prior symbol found,False,
BORNY^22,2,2010-10-11,2022-03-31,,,,0,,,no prior symbol found,False,
BOT.2^07,2,2006-03-23,2006-09-18,,,,0,,,no prior symbol found,False,
PVCT,2,2014-01-27,2014-05-16,,,,0,,,no prior symbol found,False,
BIIB,2,2008-12-18,2020-06-08,,,,0,,,no prior symbol found,False,
OSCR,2,2021-09-17,2022-04-12,,,,0,,,no prior symbol found,False,
CFLT^26,2,2021-08-19,2022-06-07,,,,0,,,no prior symbol found,False,
PARR,2,2022-05-23,2025-03-26,,,,0,,,no prior symbol found,False,
PHLT^25,2,2021-04-05,2024-12-18,,,,0,,,no prior symbol found,False,
NNOX,2,2020-11-30,2022-05-02,,,,0,,,no prior symbol found,False,
COMP,2,2021-08-16,2022-02-02,,,,0,,,no prior symbol found,False,
COIN,2,2021-07-15,2021-08-09,,,,0,,,no prior symbol found,False,
MPWR,2,2008-08-12,2021-03-01,,,,0,,,no prior symbol found,False,
SNDX,2,2020-04-28,2020-12-28,,,,0,,,no prior symbol found,False,
SOFI,2,2021-09-29,2022-06-13,,,,0,,,no prior symbol found,False,
MMNFQ^26,2,2018-10-17,2024-05-17,,,,0,,,no prior symbol found,False,
SOAP^12,2,2006-05-04,2008-03-19,,,,0,,,no prior symbol found,False,
CPRI,2,2012-03-19,2019-01-02,KORS,high,2012-03-19,1708,5.0,,,True,
SLH^16,2,2007-11-09,2014-08-21,,,,0,,,no prior symbol found,False,
NBR,2,2009-10-30,2010-11-09,,,,0,,,no prior symbol found,False,
BEKE,2,2020-10-08,2021-01-19,,,,0,,,no prior symbol found,False,
SIMO,2,2006-01-31,2006-09-15,,,,0,,,no prior symbol found,False,
NGEN.1^14,2,2005-01-03,2006-09-15,,,,0,,,no prior symbol found,False,
SBAC,2,2006-07-18,2006-09-18,,,,0,,,no prior symbol found,False,
BCAB,2,2021-03-18,2021-08-16,,,,0,,,no prior symbol found,False,
RXRX,2,2021-06-17,2021-09-13,,,,0,,,no prior symbol found,False,
SDGR,2,2020-05-07,2022-06-16,,,,0,,,no prior symbol found,False,
SBH,2,2008-08-07,2017-11-16,,,,0,,,no prior symbol found,False,
NVMI,2,2017-06-13,2025-04-07,,,,0,,,no prior symbol found,False,
NWL,2,2009-05-13,2025-06-26,,,,0,,,no prior symbol found,False,
CNVR^14,2,2005-01-06,2006-09-15,,,,0,,,no prior symbol found,False,
RYTM,2,2018-07-03,2019-09-19,,,,0,,,no prior symbol found,False,
RPD,2,2018-02-13,2022-02-10,,,,0,,,no prior symbol found,False,
OKLO,2,2024-04-23,2024-05-10,,,,0,,,no prior symbol found,False,
OLLI,2,2016-02-26,2019-04-18,,,,0,,,no prior symbol found,False,
MT,2,2009-04-20,2015-03-12,,,,0,,,no prior symbol found,False,
INGR,2,2008-11-21,2012-06-04,CPO,high,2008-11-21,888,5.0,,,True,
DLR,2,2008-09-19,2019-04-09,,,,0,,,no prior symbol found,False,
DMRA,2,2025-12-15,2026-03-10,,,,0,,,no prior symbol found,False,
ARHS,2,2023-01-30,2023-03-21,,,,0,,,no prior symbol found,False,
KZ^17,2,2007-09-28,2014-06-16,,,,0,,,no prior symbol found,False,
KND^18,2,2008-02-01,2010-12-08,,,,0,,,no prior symbol found,False,
KDMN^21,2,2019-12-20,2020-08-10,,,,0,,,no prior symbol found,False,
TIL,2,2021-12-08,2023-09-14,,,,0,,,no prior symbol found,False,
TLEO^12,2,2007-11-07,2010-10-13,,,,0,,,no prior symbol found,False,
TLS,2,2021-01-19,2024-09-03,,,,0,,,no prior symbol found,False,
TRLV,2,2025-12-22,2026-06-10,,,,0,,,no prior symbol found,False,
TJGC,2,2025-06-03,2025-12-10,,,,0,,,no prior symbol found,False,
IQNT^17,2,2009-03-12,2012-02-07,,,,0,,,no prior symbol found,False,
UVE,2,2014-01-07,2014-08-21,,,,0,,,no prior symbol found,False,
TUYA,2,2021-05-26,2024-02-21,,,,0,,,no prior symbol found,False,
TSEM,2,2015-02-02,2025-04-02,,,,0,,,no prior symbol found,False,
EZM.1^06,2,2006-05-10,2006-09-15,,,,0,,,no prior symbol found,False,
AA,2,2020-06-12,2021-02-23,,,,0,,,no prior symbol found,False,
AEVA,2,2021-12-01,2024-05-08,,,,0,,,no prior symbol found,False,
ZYME,2,2019-12-09,2022-01-13,,,,0,,,no prior symbol found,False,
WEB^18,2,2012-07-11,2015-11-10,,,,0,,,no prior symbol found,False,
WINT,2,2009-09-30,2016-04-19,,,,0,,,no prior symbol found,False,
URGN,2,2019-01-24,2022-08-01,,,,0,,,no prior symbol found,False,
HUBG,2,2008-03-19,2021-05-18,,,,0,,,no prior symbol found,False,
VLTC^19,2,2010-11-03,2013-04-10,,,,0,,,no prior symbol found,False,
HEES^25,2,2006-04-17,2006-09-15,,,,0,,,no prior symbol found,False,
ENGCQ^25,2,2020-12-28,2024-12-09,ENG,low,2020-12-28,992,,,"LOW confidence -- not merged, verify manually",False,
EDSA,2,2020-08-07,2020-09-21,,,,0,,,no prior symbol found,False,
WEIDY^25,2,2020-10-26,2022-05-19,,,,0,,,no prior symbol found,False,
EQT,2,2011-10-31,2015-01-27,,,,0,,,no prior symbol found,False,
AMAG^20,2,2006-04-11,2006-09-15,,,,0,,,no prior symbol found,False,
GLAE^26,2,2008-01-31,2022-02-01,,,,0,,,no prior symbol found,False,
TDUP,2,2021-05-25,2024-05-07,,,,0,,,no prior symbol found,False,
TCP^21,2,2016-03-03,2017-07-27,,,,0,,,no prior symbol found,False,
SXC,2,2012-01-20,2015-11-16,,,,0,,,no prior symbol found,False,
CUBI,2,2021-12-17,2022-06-07,,,,0,,,no prior symbol found,False,
LPSN^26,2,2020-05-11,2021-11-11,,,,0,,,no prior symbol found,False,
LRCX,2,2009-03-23,2025-02-03,,,,0,,,no prior symbol found,False,
TCGLF,2,2026-01-29,2026-06-24,,,,0,,,no prior symbol found,False,
SWIR^23,2,2006-05-15,2006-09-15,,,,0,,,no prior symbol found,False,
CTLP^26,2,2018-05-24,2021-04-19,,,,0,,,no prior symbol found,False,
AVLNF,2,2011-02-17,2021-12-31,,,,0,,,no prior symbol found,False,
METC,2,2022-03-10,2022-11-14,METCL,high,2022-03-10,168,4.0,,,True,
STRZA^16,2,2009-05-05,2013-01-14,,,,0,,,no prior symbol found,False,
STLN,2,2026-07-20,2026-08-04,,,,0,,,no prior symbol found,False,
DRNA^21,2,2018-09-17,2018-11-15,,,,0,,,no prior symbol found,False,
LMS^07,2,2006-01-18,2006-09-22,,,,0,,,no prior symbol found,False,
HYPD,2,2025-06-30,2025-07-03,,,,0,,,no prior symbol found,False,
MTRN,2,2007-04-26,2011-03-08,,,,0,,,no prior symbol found,False,
STRP^18,2,2015-10-19,2016-05-11,,,,0,,,no prior symbol found,False,
CELL^23,1,2020-10-02,2023-03-22,,,,0,,,no prior symbol found,False,
BJ,1,2018-08-31,2019-03-18,,,,0,,,no prior symbol found,False,
RAIL,1,2008-02-08,2020-04-01,,,,0,,,no prior symbol found,False,
BKKT,1,2022-02-28,2023-11-20,,,,0,,,no prior symbol found,False,
RDNT,1,2021-08-11,2023-03-20,,,,0,,,no prior symbol found,False,
CCOI,1,2012-01-20,2019-03-11,,,,0,,,no prior symbol found,False,
PCVX,1,2020-09-22,2021-10-27,,,,0,,,no prior symbol found,False,
PCT,1,2021-06-21,2022-04-11,,,,0,,,no prior symbol found,False,
OXPS^11,1,2006-02-02,2006-09-22,,,,0,,,no prior symbol found,False,
PDGI^09,1,2006-01-23,2006-09-15,,,,0,,,no prior symbol found,False,
PNK^18,1,2009-04-13,2009-05-06,,,,0,,,no prior symbol found,False,
CAI,1,2025-08-18,2025-08-25,,,,0,,,no prior symbol found,False,
CAVM^18,1,2008-06-03,2010-09-22,,,,0,,,no prior symbol found,False,
AHCO,1,2020-10-23,2021-05-27,,,,0,,,no prior symbol found,False,
MOH,1,2018-12-17,2019-04-22,,,,0,,,no prior symbol found,False,
SPRY,1,2023-05-19,2023-08-21,,,,0,,,no prior symbol found,False,
SPIR,1,2024-03-22,2025-04-08,,,,0,,,no prior symbol found,False,
MXIM^21,1,2008-08-18,2008-10-08,,,,0,,,no prior symbol found,False,
NEUE^25,1,2022-02-22,2024-01-29,,,,0,,,no prior symbol found,False,
NEX^23,1,2017-07-24,2021-01-07,,,,0,,,no prior symbol found,False,
NG,1,2006-02-07,2006-09-15,,,,0,,,no prior symbol found,False,
SMTC,1,2009-03-20,2023-04-17,,,,0,,,no prior symbol found,False,
NAPS^08,1,2006-02-16,2006-09-15,,,,0,,,no prior symbol found,False,
BETSF,1,2021-11-15,2023-09-08,,,,0,,,no prior symbol found,False,
NSLR,1,2013-09-25,2019-08-01,,,,0,,,no prior symbol found,False,
NGLOY,1,2008-12-18,2021-12-31,,,,0,,,no prior symbol found,False,
COOP^25,1,2020-09-10,2024-04-08,,,,0,,,no prior symbol found,False,
CRAY^19,1,2005-01-04,2006-09-15,,,,0,,,no prior symbol found,False,
CRBC^13,1,2007-08-31,2009-04-14,,,,0,,,no prior symbol found,False,
CRUS,1,2008-04-22,2009-05-04,,,,0,,,no prior symbol found,False,
NPTN^22,1,2016-03-21,2016-06-01,,,,0,,,no prior symbol found,False,
NTCOY^24,1,2022-04-08,2024-02-12,,,,0,,,no prior symbol found,False,
SKX^25,1,2008-02-12,2008-10-28,,,,0,,,no prior symbol found,False,
RXT,1,2021-04-01,2025-02-27,,,,0,,,no prior symbol found,False,
ORIC,1,2023-01-25,2024-06-17,,,,0,,,no prior symbol found,False,
BLMN,1,2022-05-09,2025-08-21,,,,0,,,no prior symbol found,False,
RLAY,1,2020-09-21,2021-09-08,,,,0,,,no prior symbol found,False,
OBE,1,2015-02-17,2017-06-29,PWE,high,2015-02-17,597,670.0,,670d hole remains in stitched series,True,
OBX,1,2021-12-21,2026-08-04,,,,0,,,no prior symbol found,False,
SABR,1,2020-11-09,2021-02-16,,,,0,,,no prior symbol found,False,
NVRI,1,2009-01-21,2023-06-20,,,,0,,,no prior symbol found,False,
SER,1,2020-10-12,2024-03-27,AGE,high,2020-10-12,869,5.0,,,True,
BEAM.2^14,1,2009-04-08,2011-10-04,,,,0,,,no prior symbol found,False,
BEAT.2^21,1,2009-03-20,2017-11-14,,,,0,,,no prior symbol found,False,
NKTX,1,2020-12-18,2021-04-28,,,,0,,,no prior symbol found,False,
NMTRQ,1,2018-04-03,2020-05-04,NMT,low,2018-04-03,520,,,"LOW confidence -- not merged, verify manually",False,
OLMA,1,2024-06-11,2024-11-20,,,,0,,,no prior symbol found,False,
CHX^25,1,2019-09-26,2020-06-04,,,,0,,,no prior symbol found,False,
RNAC,1,2020-10-30,2023-11-14,SELB,high,2020-10-30,764,4.0,,,True,
NVE^13,1,2008-11-19,2008-11-20,,,,0,,,no prior symbol found,False,
NTO^07,1,2006-05-17,2006-09-22,,,,0,,,no prior symbol found,False,
RRD^22,1,2009-04-29,2020-10-14,,,,0,,,no prior symbol found,False,
YSG,1,2021-01-19,2021-07-06,,,,0,,,no prior symbol found,False,
AGRO,1,2022-03-23,2025-03-19,,,,0,,,no prior symbol found,False,
WRBY,1,2022-10-06,2024-12-17,,,,0,,,no prior symbol found,False,
PLL^25,1,2022-08-15,2023-10-16,,,,0,,,no prior symbol found,False,
PLUG,1,2006-04-25,2006-09-15,,,,0,,,no prior symbol found,False,
PMVP,1,2020-12-30,2021-07-12,,,,0,,,no prior symbol found,False,
CEG,1,2022-06-15,2024-01-29,,,,0,,,no prior symbol found,False,
PVLA,1,2021-06-07,2024-12-16,PIRS,high,2021-06-07,888,4.0,,,True,
PSNL,1,2020-08-31,2025-07-14,,,,0,,,no prior symbol found,False,
PTRCY^22,1,2008-12-05,2022-09-09,,,,0,,,no prior symbol found,False,
PRCT,1,2022-04-13,2022-04-25,,,,0,,,no prior symbol found,False,
PRCH,1,2021-09-07,2024-02-28,,,,0,,,no prior symbol found,False,
PPC,1,2006-05-02,2006-09-15,,,,0,,,no prior symbol found,False,
LSCP.1^06,1,2005-01-06,2026-06-24,,,,0,,,no prior symbol found,False,
MASI^26,1,2007-11-06,2019-03-13,,,,0,,,no prior symbol found,False,
CTB^21,1,2008-02-29,2008-07-16,,,,0,,,no prior symbol found,False,
SWC^17,1,2006-04-24,2006-09-15,,,,0,,,no prior symbol found,False,
TAOP,1,2010-04-13,2018-06-04,CPBY,high,2010-04-13,95,2840.0,,2840d hole remains in stitched series,True,
CVE,1,2020-04-30,2021-05-10,,,,0,,,no prior symbol found,False,
MTCH,1,2008-11-12,2008-11-13,,,,0,,,no prior symbol found,False,
TBPH,1,2016-12-15,2020-12-28,,,,0,,,no prior symbol found,False,
LONA,1,2025-12-22,2026-01-12,,,,0,,,no prior symbol found,False,
TBIO.2^21,1,2020-05-19,2020-07-20,,,,0,,,no prior symbol found,False,
MEHCQ^25,1,2021-10-27,2025-03-31,,,,0,,,no prior symbol found,False,
STZ,1,2008-09-24,2012-02-01,,,,0,,,no prior symbol found,False,
MSPD^13,1,2006-04-18,2006-09-22,,,,0,,,no prior symbol found,False,
INDI,1,2021-12-01,2022-02-22,,,,0,,,no prior symbol found,False,
IMO,1,2008-12-29,2019-05-20,,,,0,,,no prior symbol found,False,
HYFT,1,2021-08-03,2025-09-04,IPA,high,2021-08-03,1026,4.0,,,True,
AMPG,1,2021-04-07,2024-01-02,,,,0,,,no prior symbol found,False,
ITGR,1,2008-12-05,2016-07-01,,,,0,,,no prior symbol found,False,
CYTOF,1,2021-03-15,2021-07-26,,,,0,,,no prior symbol found,False,
JBLU,1,2006-06-07,2006-09-15,,,,0,,,no prior symbol found,False,
MDTL^13,1,2006-05-16,2006-09-15,,,,0,,,no prior symbol found,False,
ARNA^22,1,2006-03-22,2006-09-15,,,,0,,,no prior symbol found,False,
TENB,1,2018-09-20,2025-07-14,,,,0,,,no prior symbol found,False,
ARST.1^10,1,2009-06-19,2009-09-01,,,,0,,,no prior symbol found,False,
ARRS^19,1,2005-10-13,2006-09-22,,,,0,,,no prior symbol found,False,
ASMB,1,2018-03-22,2018-10-30,,,,0,,,no prior symbol found,False,
KRA^22,1,2010-11-04,2019-11-04,,,,0,,,no prior symbol found,False,
LFG^22,1,2021-04-13,2021-09-16,,,,0,,,no prior symbol found,False,
LFMD,1,2021-02-01,2021-02-22,,,,0,,,no prior symbol found,False,
MCOM,1,2022-08-15,2023-03-31,,,,0,,,no prior symbol found,False,
AXLL^16,1,2009-08-17,2013-01-29,,,,0,,,no prior symbol found,False,
ATKR,1,2021-03-09,2021-05-11,,,,0,,,no prior symbol found,False,
ATOM,1,2025-01-15,2025-02-18,,,,0,,,no prior symbol found,False,
SUM^25,1,2016-03-01,2018-07-02,,,,0,,,no prior symbol found,False,
SUMO^23,1,2021-07-19,2022-02-10,,,,0,,,no prior symbol found,False,
UCTT,1,2007-04-25,2016-08-01,,,,0,,,no prior symbol found,False,
UAN,1,2011-09-29,2021-04-28,,,,0,,,no prior symbol found,False,
HS.2^12,1,2008-09-22,2010-09-20,,,,0,,,no prior symbol found,False,
HROW,1,2023-05-15,2023-08-15,,,,0,,,no prior symbol found,False,
HP,1,2020-11-23,2021-02-03,,,,0,,,no prior symbol found,False,
HNPIY^22,1,2008-12-05,2022-07-08,,,,0,,,no prior symbol found,False,
ARDX,1,2017-10-24,2018-09-18,,,,0,,,no prior symbol found,False,
DISH^24,1,2009-02-05,2010-09-30,,,,0,,,no prior symbol found,False,
ARBA^12,1,2007-10-29,2008-02-25,,,,0,,,no prior symbol found,False,
APTOF^26,1,2021-03-31,2025-04-02,,,,0,,,no prior symbol found,False,
EGHT,1,2006-01-17,2015-01-28,,,,0,,,no prior symbol found,False,
ECG,1,2025-01-30,2025-02-25,,,,0,,,no prior symbol found,False,
GSS^22,1,2006-01-20,2006-09-15,,,,0,,,no prior symbol found,False,
HA^24,1,2019-02-04,2019-11-11,,,,0,,,no prior symbol found,False,
ULCC,1,2022-08-01,2023-02-08,,,,0,,,no prior symbol found,False,
UIS,1,2008-04-11,2008-11-06,,,,0,,,no prior symbol found,False,
VICR,1,2019-01-28,2022-08-04,,,,0,,,no prior symbol found,False,
VIMC^15,1,2006-04-17,2013-09-30,,,,0,,,no prior symbol found,False,
HTSI^14,1,2007-08-28,2012-04-02,,,,0,,,no prior symbol found,False,
TTOO,1,2018-06-22,2019-06-10,,,,0,,,no prior symbol found,False,
ALTR.1^15,1,2009-03-18,2014-04-10,,,,0,,,no prior symbol found,False,
GLNG,1,2007-10-15,2010-03-30,,,,0,,,no prior symbol found,False,
VRDN,1,2020-11-05,2021-01-20,MGEN,high,2020-11-05,50,4.0,,,True,
VSTO^24,1,2020-11-05,2021-01-19,,,,0,,,no prior symbol found,False,
ALB,1,2009-01-21,2021-05-24,,,,0,,,no prior symbol found,False,
GLFE,1,2007-09-27,2023-01-03,,,,0,,,no prior symbol found,False,
ERF^24,1,2009-01-22,2014-02-10,,,,0,,,no prior symbol found,False,
EQX,1,2020-06-05,2022-03-24,,,,0,,,no prior symbol found,False,
EQU^14,1,2006-12-04,2010-06-01,,,,0,,,no prior symbol found,False,
EPL^14,1,2005-10-05,2006-09-18,,,,0,,,no prior symbol found,False,
GE,1,2009-04-02,2018-01-10,,,,0,,,no prior symbol found,False,
GES^26,1,2006-02-16,2007-02-21,,,,0,,,no prior symbol found,False,
FWRD,1,2008-03-17,2023-06-22,,,,0,,,no prior symbol found,False,
EYE,1,2020-03-06,2024-04-04,,,,0,,,no prior symbol found,False,
FTI,1,2023-03-13,2024-04-08,,,,0,,,no prior symbol found,False,
FOE^22,1,2008-09-17,2009-08-10,,,,0,,,no prior symbol found,False,
FND,1,2017-06-23,2017-11-16,,,,0,,,no prior symbol found,False,
FL^25,1,2008-02-14,2008-03-05,,,,0,,,no prior symbol found,False,
FLG,1,2009-01-28,2011-03-30,,,,0,,,no prior symbol found,False,
WBA^25,1,2008-12-05,2014-12-31,,,,0,,,no prior symbol found,False,
FTRE,1,2023-11-30,2024-12-17,,,,0,,,no prior symbol found,False,
VYGVQ,1,2021-11-04,2022-07-13,,,,0,,,no prior symbol found,False,
