ticker,streaks,need_from,have_from,clean
SPWRQ^24,29,2006-01-17,2024-08-16,SPWRQ
RADCQ^24,19,2005-06-24,2023-10-17,RADCQ
CLVSQ^23,18,2013-06-03,2022-12-21,CLVSQ
NXH,16,2005-08-18,2026-08-17,NXH
SHLDQ^22,16,2008-02-13,2021-12-31,SHLDQ
FNMA,15,2007-08-27,2021-12-31,FNMA
SGMOQ,14,2007-11-05,2026-06-24,SGMOQ
ACIIQ^16,14,2008-02-08,2021-03-29,ACIIQ
PGEN,13,2014-01-16,2020-02-03,PGEN
VTLE^25,13,2015-02-03,2023-01-09,VTLE
XYZ,13,2016-03-04,2025-01-21,XYZ
FMCC,12,2007-08-23,2021-12-31,FMCC
LNWO,12,2010-12-16,2025-11-13,LNWO
ACORQ^24,12,2006-10-02,2024-04-12,ACORQ
YELLQ^26,12,2008-04-29,2023-08-16,YELLQ
KYNB,11,2015-07-01,2026-01-08,KYNB
WPM,11,2006-03-02,2017-05-16,WPM
WLTGQ^19,11,2005-06-27,2021-12-07,WLTGQ
FLNA,11,2018-01-16,2026-03-11,FLNA
WGHTQ^25,11,2014-10-10,2025-05-16,WGHTQ
BB,10,2007-10-24,2017-10-16,BB
DCH,10,2008-02-06,2026-02-05,DCH
SSRM,10,2008-12-16,2017-08-03,SSRM
ONC,10,2017-09-18,2025-01-02,ONC
LCINQ^23,10,2013-11-04,2023-05-04,LCINQ
MLCO,10,2007-09-27,2017-04-06,MLCO
HQCL^19,10,2007-02-27,2015-02-09,HQCL
ESINQ,10,2008-04-17,2021-12-31,ESINQ
FTCHQ,10,2018-12-07,2024-07-12,FTCHQ
KATE^17,10,2008-09-02,2014-02-26,KATE
SUNEQ^17,10,2006-05-15,2013-06-03,SUNEQ
PSKY,10,2008-12-23,2025-08-07,PSKY
UAL,9,2006-11-30,2010-10-01,UAL
JOYY,9,2013-05-21,2019-12-30,JOYY
ENDPQ^24,9,2008-11-21,2022-08-26,ENDPQ
SFUNY,9,2010-11-22,2022-05-24,SFUNY
ZG,9,2012-03-16,2015-08-17,ZG
CONNQ^25,9,2013-04-18,2024-08-06,CONNQ
IONS,9,2006-11-14,2015-12-22,IONS
NOVAQ^25,9,2020-08-03,2025-06-10,NOVAQ
TRQ^22,9,2006-10-30,2012-08-08,TRQ
QRVO,9,2006-04-26,2015-01-02,QRVO
ALTO,9,2006-02-02,2021-02-01,ALTO
INFIQ,8,2012-12-10,2023-10-02,INFIQ
TVRD,8,2015-07-31,2025-04-16,TVRD
TECK,8,2008-02-21,2016-12-05,TECK
NVTAQ^24,8,2018-09-05,2024-02-15,NVTAQ
PRDO,8,2008-04-17,2020-01-02,PRDO
BFYT^20,8,2017-06-27,2020-03-06,BFYT
SAVEQ^25,8,2012-02-21,2024-11-19,SAVEQ
BBBYQ^23,8,2019-01-16,2023-05-03,BBBYQ
AGNT,7,2020-08-13,2026-05-08,AGNT
AXON,7,2005-05-20,2015-06-11,AXON
SICP,7,2021-02-09,2023-05-12,SICP
SWBI,7,2006-09-21,2020-06-01,SWBI
KEEL,7,2021-08-10,2026-04-06,KEEL
EXPRQ^25,7,2017-12-14,2024-04-23,EXPRQ
GOLLQ^25,7,2006-01-03,2024-01-29,GOLLQ
HPR^21,7,2015-02-05,2018-03-20,HPR
MNST,7,2005-02-14,2006-09-15,MNST
CEPL,7,2005-08-29,2026-07-08,CEPL
REEMF,6,2010-10-13,2021-12-31,REEMF
TCRT,6,2015-01-15,2022-01-27,TCRT
MNDT^22,6,2014-01-13,2021-10-05,MNDT
BHC,6,2005-11-17,2018-07-16,BHC
ANDV^18,6,2005-04-14,2017-08-01,ANDV
VRN^25,6,2015-10-16,2024-05-15,VRN
OLED,6,2011-01-21,2013-06-24,OLED
SLAIY,6,2014-01-22,2026-07-20,SLAIY
LLFLQ^24,6,2015-12-17,2024-08-13,LLFLQ
CCL,6,2008-08-01,2021-01-07,CCL
CBRE,6,2007-07-26,2018-03-20,CBRE
LKNCY,6,2019-07-30,2021-12-31,LKNCY
HAPN,6,2016-08-11,2026-06-22,HAPN
CNXT.1^11,6,2005-03-01,2006-09-15,CNXT
IOGPQ^22,6,2009-11-11,2022-05-19,IOGPQ
VIAV,6,2005-09-29,2015-08-04,VIAV
AGL,5,2021-06-15,2024-01-23,AGL
AMRSQ^24,5,2018-10-10,2023-08-21,AMRSQ
VSXY,5,2022-10-21,2026-06-02,VSXY
ADEA,5,2005-02-15,2022-10-03,ADEA
VTNRQ^25,5,2021-05-27,2024-10-09,VTNRQ
ASRT^26,5,2011-02-03,2018-08-15,ASRT
ONIT,5,2012-11-05,2024-06-10,ONIT
PRTYQ^23,5,2020-06-01,2023-01-19,PRTYQ
NKLAQ^25,5,2021-06-01,2025-02-26,NKLAQ
LAR,5,2020-09-28,2025-01-27,LAR
JOY^17,5,2006-02-08,2011-12-06,JOY
CHTRQ^09,5,2005-06-24,2006-09-15,CHTRQ
TCOM,5,2007-11-07,2019-11-05,TCOM
MTUS,5,2014-08-14,2024-02-27,MTUS
MTBLY,5,2011-07-25,2024-04-04,MTBLY
MNKKQ^22,5,2015-12-17,2021-12-31,MNKKQ
GTTNQ^22,5,2018-03-27,2021-12-31,GTTNQ
GFASY,5,2007-11-12,2021-12-31,GFASY
GAP,5,2020-06-04,2024-08-22,GAP
GOTU,5,2019-08-12,2021-05-06,GOTU
CNX,5,2007-11-12,2015-02-17,CNX
KKD^16,5,2005-01-03,2006-09-15,KKD
LKM^18,5,2013-07-29,2018-03-14,LKM
CHPT,5,2021-06-16,2025-09-04,CHPT
CIEN,5,2005-01-04,2006-09-15,CIEN
ASXC^24,5,2016-02-19,2021-03-05,ASXC
ATML^16,5,2005-03-11,2006-09-15,ATML
QVCAQ^26,5,2009-01-06,2026-04-24,QVCAQ
PR,5,2019-05-07,2022-09-02,PR
BKNG,5,2007-08-16,2018-02-27,BKNG
UPBD,5,2008-02-08,2023-02-27,UPBD
IDEXQ^26,5,2014-02-19,2024-12-05,IDEXQ
EBIXQ^24,5,2009-11-03,2023-12-28,EBIXQ
UAA,5,2006-01-18,2016-12-07,UAA
TZOO,5,2005-01-03,2006-09-15,TZOO
TUPBQ^25,5,2008-02-12,2024-09-19,TUPBQ
TWOUQ^24,5,2015-08-14,2024-08-07,TWOUQ
FSRNQ^24,5,2021-02-25,2024-06-20,FSRNQ
HOKUQ,5,2005-09-30,2022-01-03,HOKUQ
TVTX,4,2014-04-02,2020-11-19,TVTX
AGI,4,2008-03-20,2013-02-13,AGI
REDFY,4,2005-11-01,2022-01-07,REDFY
RCM^24,4,2011-05-11,2017-03-15,RCM
STCN^25,4,2005-01-04,2018-02-27,STCN
RBAK^07,4,2005-09-21,2006-09-15,RBAK
RBBN,4,2005-10-05,2017-11-29,RBBN
ON,4,2005-07-26,2015-04-06,ON
BIGGQ,4,2008-02-11,2024-09-10,BIGGQ
OSPN,4,2007-03-02,2018-06-04,OSPN
RKLB,4,2022-08-12,2023-08-21,RKLB
RGSEQ^22,4,2013-05-21,2021-12-31,RGSEQ
RNAM^26,4,2022-12-22,2026-02-26,RNAM
SCCO,4,2005-03-08,2010-02-17,SCCO
RDUS^25,4,2005-03-14,2014-06-06,RDUS
CDE,4,2005-10-03,2006-09-15,CDE
LVLT^17,4,2005-06-07,2006-09-15,LVLT
LKQ,4,2007-08-09,2012-05-22,LKQ
HDYNQ,4,2011-01-14,2021-12-31,HDYNQ
IRBTQ^26,4,2006-01-06,2025-12-22,IRBTQ
CRNC,4,2020-01-13,2023-11-24,CRNC
VIVS,4,2013-07-18,2025-04-24,VIVS
TXG,4,2019-11-06,2021-11-16,TXG
AROC,4,2009-09-25,2015-11-04,AROC
DJT,4,2022-01-06,2024-03-26,DJT
CTRA^26,4,2008-06-20,2018-11-09,CTRA
CUTRQ^25,4,2005-08-17,2025-03-13,CUTRQ
ASTH,4,2021-06-23,2024-02-26,ASTH
SILK^24,4,2019-06-21,2023-01-23,SILK
SNBRQ,4,2011-09-19,2026-06-23,SNBRQ
DVN,4,2016-03-22,2021-01-26,DVN
OVIP^10,4,2007-10-22,2010-04-19,OVIP
AOBI,4,2005-11-11,2023-03-22,AOBI
SRCI^20,4,2014-11-18,2017-03-06,SRCI
GTM,4,2020-10-07,2025-05-13,GTM
TKO,4,2014-02-03,2023-09-12,TKO
TGNA^26,4,2009-05-05,2015-06-29,TGNA
CMPR,4,2007-11-14,2014-11-17,CMPR
MAXNQ,4,2022-08-18,2026-05-01,MAXNQ
AMCC^17,4,2005-01-11,2006-09-15,AMCC
MUX,4,2010-12-08,2012-01-27,MUX
MP,4,2021-07-14,2024-07-15,MP
TIVO.1^16,4,2005-03-11,2006-09-15,TIVO
JEF.3^13,4,2008-05-05,2010-12-21,JEF
JRJCY^25,4,2007-09-21,2022-01-25,JRJCY
LIVN,4,2005-02-10,2015-10-19,LIVN
CBI^18,4,2006-02-06,2016-07-19,CBI
CANOQ^24,4,2021-09-02,2024-02-06,CANOQ
NUAN^22,3,2006-02-16,2006-09-15,NUAN
NTRI^19,3,2005-07-28,2006-09-15,NTRI
QS,3,2021-03-26,2022-07-27,QS
PWEI^07,3,2005-12-07,2006-09-15,PWEI
SDCCQ,3,2020-01-14,2023-10-04,SDCCQ
NVAX,3,2005-10-18,2006-09-15,NVAX
OS.1^07,3,2005-01-03,2006-09-15,OS
OUTR^16,3,2009-02-26,2013-07-02,OUTR
BINI,3,2022-03-25,2025-07-28,BINI
BID.1^19,3,2007-10-17,2008-06-30,BID
QFIN,3,2020-07-13,2021-12-06,QFIN
BEL^19,3,2010-08-06,2014-07-28,BEL
PLAY.1^07,3,2005-03-09,2006-09-15,PLAY
BCRX,3,2005-10-11,2006-09-15,BCRX
PDS,3,2009-10-30,2015-03-12,PDS
PAY,3,2021-12-27,2025-08-05,PAY
OXY,3,2020-04-30,2021-01-28,OXY
OVV,3,2015-09-22,2020-01-27,OVV
DLTR,3,2008-03-11,2024-04-22,DLTR
CURLF,3,2019-04-25,2021-12-31,CURLF
CYDY,3,2020-04-02,2021-12-31,CYDY
CXDO,3,2005-02-23,2020-07-08,CXDO
VRTX,3,2005-05-13,2006-09-15,VRTX
ADAPY,3,2020-01-14,2025-10-28,ADAPY
VRM,3,2020-08-04,2022-07-18,VRM
DINO,3,2006-06-08,2022-03-15,DINO
DBDQQ^23,3,2019-02-14,2023-06-05,DBDQQ
WKC,3,2006-05-30,2023-06-16,WKC
DFTX,3,2020-12-11,2026-01-15,DFTX
DCEL.1^07,3,2005-06-21,2006-09-15,DCEL
AQNT^07,3,2005-05-20,2006-09-15,AQNT
WIRE^24,3,2006-02-16,2006-09-15,WIRE
ADVM^25,3,2015-01-07,2016-05-12,ADVM
VRAYQ,3,2017-04-06,2023-07-26,VRAYQ
SIRF^09,3,2005-12-19,2006-09-15,SIRF
ARCB,3,2008-02-04,2014-05-01,ARCB
SIOX^24,3,2017-04-21,2020-11-13,SIOX
REVRQ^23,3,2009-11-23,2022-10-21,REVRQ
AUY^23,3,2006-01-18,2006-09-15,AUY
AVYAQ^23,3,2018-12-20,2023-02-16,AVYAQ
SBSW,3,2016-02-16,2020-02-24,SBSW
SHAW^13,3,2005-09-13,2009-08-21,SHAW
RCPIQ^23,3,2010-04-06,2021-12-31,RCPIQ
BBIO,3,2019-12-20,2021-04-05,BBIO
SWN^24,3,2005-07-14,2006-09-15,SWN
APP,3,2021-06-10,2022-02-14,APP
ANTP^13,3,2005-01-03,2006-09-15,ANTP
AMCX,3,2011-09-20,2022-02-23,AMCX
AMKR,3,2005-06-13,2006-09-15,AMKR
ATI,3,2005-03-08,2006-09-15,ATI
NTPIF,3,2012-09-17,2022-11-21,NTPIF
CIEIQ^18,3,2011-12-21,2026-06-04,CIEIQ
LAB,3,2019-03-26,2022-04-06,LAB
KUST,3,2014-09-08,2026-01-08,KUST
LUCK,3,2022-09-20,2024-12-12,LUCK
LAZRQ^26,3,2022-08-10,2025-12-24,LAZRQ
LICYQ,3,2021-10-06,2025-05-15,LICYQ
CDMO^25,3,2012-09-07,2018-01-08,CDMO
TPL,3,2021-03-16,2025-03-05,TPL
AKS^20,3,2005-01-03,2006-09-15,AKS
ALLO,3,2019-09-30,2021-06-16,ALLO
NDAQ,3,2005-04-28,2006-09-15,NDAQ
NGPS^07,3,2005-01-03,2006-09-15,NGPS
LIFC^08,3,2005-08-10,2006-09-15,LIFC
BSIN,3,2005-03-24,2026-06-08,BSIN
BPYU^21,3,2008-04-02,2020-03-02,BPYU
MPT,3,2024-02-29,2026-02-02,MPT
MRINQ^25,3,2018-12-24,2025-07-15,MRINQ
NBIS,3,2011-07-28,2024-10-21,NBIS
NCLH,3,2020-05-27,2021-11-08,NCLH
BOOM,3,2005-02-28,2006-09-15,BOOM
BOLT.1^14,3,2007-03-21,2008-01-15,BOLT
NET,3,2020-02-24,2020-10-28,NET
CATX,3,2014-03-24,2023-02-21,CATX
TIE^13,3,2005-07-15,2006-09-15,TIE
TIOG,3,2020-09-03,2024-03-01,TIOG
TFCFA^19,3,2008-12-29,2019-03-19,TFCFA
CARM,3,2016-08-05,2023-03-08,CARM
SZMK^16,3,2010-05-06,2014-02-10,SZMK
BTAIQ,3,2020-02-14,2026-09-08,BTAIQ
HTT,3,2018-02-05,2025-12-22,HTT
CLGX^21,3,2008-02-04,2010-06-02,CLGX
FTO^11,3,2005-05-03,2006-09-15,FTO
FUTU,3,2020-06-16,2021-06-07,FUTU
FUVV,3,2020-07-14,2024-05-01,FUVV
FWDI,3,2005-04-06,2011-06-21,FWDI
GERN,3,2005-01-07,2006-09-15,GERN
CNVS,3,2020-06-08,2023-05-23,CNVS
GOEVQ,3,2021-11-16,2025-01-29,GOEVQ
IRTC,3,2020-03-05,2020-11-04,IRTC
IMNN,3,2012-12-13,2022-09-21,IMNN
INSG,3,2005-05-26,2016-11-09,INSG
INVA,3,2012-04-11,2016-01-11,INVA
CERT,3,2021-05-04,2024-04-23,CERT
ICE,3,2006-01-20,2006-09-15,ICE
CKCM^06,3,2005-05-26,2006-09-15,CKCM
UI,3,2012-04-09,2019-08-20,UI
VANI,3,2015-03-02,2022-08-31,VANI
FIT.2^21,3,2015-10-29,2017-11-13,FIT
U,3,2020-11-12,2022-06-28,U
USG.1^19,3,2005-01-11,2006-09-15,USG
CSCIF,3,2010-05-13,2025-09-04,CSCIF
FFAI,3,2022-07-07,2025-03-10,FFAI
FCEL,3,2005-02-22,2006-09-15,FCEL
ET,3,2009-02-27,2018-10-19,ET
FIRY,3,2021-02-16,2026-06-22,FIRY
ELOS^17,3,2005-02-07,2006-09-15,ELOS
ELN^13,3,2005-05-12,2006-09-15,ELN
EGIOQ^25,3,2007-10-29,2024-09-18,EGIOQ
EHC,3,2005-06-28,2006-09-15,EHC
EBODF,3,2006-02-07,2022-01-21,EBODF
ACB,3,2017-11-27,2018-10-23,ACB
ABUS,3,2014-03-07,2015-08-03,ABUS
ABCL,3,2022-06-13,2025-08-14,ABCL
ZLAB,2,2020-01-22,2021-11-30,ZLAB
ZOLT^14,2,2006-03-30,2006-09-15,ZOLT
AEBI,2,2007-06-07,2025-07-02,AEBI
DAY^26,2,2018-08-13,2024-02-01,DAY
XYLO^25,2,2020-05-01,2024-04-19,XYLO
ZSANQ^22,2,2017-02-21,2022-06-13,ZSANQ
VTRS,2,2009-03-03,2020-11-17,VTRS
ACGN^23,2,2014-01-13,2023-01-18,ACGN
ACHHY^23,2,2007-08-06,2022-09-07,ACHHY
ACLS,2,2006-01-30,2006-09-15,ACLS
DMKPQ^25,2,2017-06-22,2024-02-07,DMKPQ
DOCN,2,2021-07-02,2022-03-08,DOCN
WCG^20,2,2005-02-15,2006-09-15,WCG
AD,2,2023-08-09,2025-08-12,AD
ADBL^08,2,2005-02-09,2006-09-15,ADBL
AEM,2,2006-02-17,2006-09-15,AEM
AFMDQ,2,2018-08-30,2025-05-20,AFMDQ
AGIG,2,2022-03-14,2025-12-08,AGIG
AGIXQ^09,2,2005-05-17,2006-09-15,AGIXQ
AIFA,2,2020-06-03,2026-05-27,AIFA
UTSI,2,2005-11-22,2006-09-15,UTSI
VALE,2,2007-10-19,2014-05-06,VALE
VBIVQ^25,2,2020-05-21,2024-08-08,VBIVQ
VCEL,2,2005-01-07,2014-11-25,VCEL
VEON,2,2015-02-11,2017-03-31,VEON
VIEWF,2,2006-05-30,2022-01-18,VIEWF
CY^20,2,2005-02-22,2006-09-15,CY
EB^26,2,2019-05-03,2019-11-19,EB
DELL,2,2024-03-14,2025-06-16,DELL
DIDIY,2,2021-10-29,2022-06-13,DIDIY
DIN,2,2008-01-28,2008-06-02,DIN
VOLT.3^22,2,2006-06-26,2007-07-26,VOLT
TRUP,2,2021-10-27,2023-08-22,TRUP
TSPH,2,2021-06-14,2024-02-08,TSPH
UFS^21,2,2008-01-07,2008-08-14,UFS
UNXLQ^24,2,2013-01-09,2021-12-31,UNXLQ
TPR,2,2008-08-18,2017-10-31,TPR
TRIP,2,2012-02-13,2020-03-17,TRIP
ENOV,2,2008-07-07,2022-04-05,ENOV
DXPE,2,2006-05-01,2006-09-15,DXPE
CVI,2,2008-01-17,2010-09-07,CVI
CVSA,2,2008-11-10,2026-02-24,CVSA
THE^07,2,2005-10-06,2006-09-15,THE
THMRQ^12,2,2007-12-10,2026-04-09,THMRQ
TLS,2,2021-01-19,2024-09-03,TLS
TONX,2,2021-07-01,2025-09-02,TONX
TOON,2,2020-05-18,2023-06-26,TOON
TPICQ^26,2,2021-01-11,2025-08-19,TPICQ
TCF^21,2,2008-02-05,2017-05-08,TCF
TCSGQ^25,2,2014-01-08,2024-12-24,TCSGQ
SUNWQ,2,2020-10-12,2024-02-15,SUNWQ
SUSQ^15,2,2007-12-11,2010-10-27,SUSQ
API,2,2020-09-03,2023-10-03,API
ARVLF,2,2021-05-20,2024-01-30,ARVLF
ASAPQ,2,2020-03-23,2024-04-03,ASAPQ
ATCO^23,2,2017-07-05,2020-02-28,ATCO
EZPW,2,2006-04-19,2006-09-15,EZPW
FCL.2^09,2,2005-03-10,2006-09-15,FCL
EMPD,2,2022-08-19,2025-07-31,EMPD
ENCY^08,2,2005-02-17,2006-09-15,ENCY
ENFY,2,2009-08-18,2024-11-26,ENFY
ATHN.2^19,2,2007-11-14,2009-08-12,ATHN
ATHR.1^11,2,2005-03-04,2006-09-15,ATHR
ATHXQ,2,2009-12-28,2024-01-09,ATHXQ
SRPT,2,2005-01-31,2012-07-12,SRPT
SMSI,2,2006-06-06,2006-09-15,SMSI
SMSMY,2,2008-04-02,2022-01-03,SMSMY
SGTL^08,2,2005-01-28,2006-09-15,SGTL
SHOE,2,2018-11-12,2026-06-12,SHOE
SHOO,2,2006-05-03,2006-09-15,SHOO
EQC^25,2,2009-01-16,2014-08-01,EQC
SITC,2,2009-04-13,2018-10-12,SITC
AVCTQ^23,2,2020-08-06,2023-01-20,AVCTQ
AX.3^06,2,2005-04-25,2018-10-01,AX
AXAHY,2,2008-12-17,2021-12-31,AXAHY
AXDXQ^25,2,2017-05-17,2025-05-15,AXDXQ
AXIAY,2,2010-02-04,2026-08-07,AXIAY
SGI,2,2007-08-08,2009-05-18,SGI
RYM,2,2021-07-22,2025-09-02,RYM
S,2,2021-08-25,2022-09-06,S
SAND^25,2,2016-09-15,2018-08-06,SAND
SEELQ,2,2019-04-04,2024-11-19,SEELQ
RGLD,2,2005-09-27,2006-09-15,RGLD
RGTPQ^25,2,2018-06-04,2023-08-22,RGTPQ
RIG,2,2009-02-03,2014-09-15,RIG
RLX,2,2021-05-24,2021-11-03,RLX
RMBS,2,2006-01-17,2006-09-15,RMBS
RNWK^22,2,2005-05-11,2006-09-15,RNWK
FOXH^07,2,2005-05-27,2006-09-15,FOXH
FRGT,2,2017-11-07,2022-05-27,FRGT
FRMM,2,2021-03-26,2026-03-02,FRMM
CRSR,2,2020-11-17,2025-08-07,CRSR
ROCC^23,2,2018-05-22,2021-01-05,ROCC
RUM,2,2021-12-06,2022-09-19,RUM
RVMD,2,2020-09-21,2023-05-01,RVMD
RCKT,2,2019-12-23,2021-10-20,RCKT
AZTA,2,2017-11-09,2021-12-01,AZTA
BASXQ^22,2,2017-07-24,2021-12-31,BASXQ
BBAR,2,2018-10-01,2019-06-17,BBAR
BBWI,2,2008-08-21,2021-08-03,BBWI
RES,2,2006-02-01,2006-09-15,RES
PYXSQ^20,2,2018-09-21,2021-10-08,PYXSQ
QMCO,2,2010-10-27,2020-02-03,QMCO
GIGM,2,2006-05-02,2006-09-15,GIGM
FMCN^13,2,2006-01-18,2006-09-15,FMCN
FMD^16,2,2005-11-03,2006-09-15,FMD
FNCX^18,2,2014-12-03,2016-06-13,FNCX
FNSR^19,2,2005-12-15,2006-09-15,FNSR
QNCX,2,2019-12-24,2022-08-01,QNCX
QTTOY,2,2019-01-16,2023-07-31,QTTOY
QUOT^23,2,2014-06-03,2015-10-21,QUOT
POLY^22,2,2018-11-09,2021-05-24,POLY
BCSI^12,2,2005-02-08,2006-09-15,BCSI
BFH,2,2020-11-05,2022-04-04,BFH
PDCE^23,2,2011-11-04,2012-07-16,PDCE
PENG,2,2017-10-12,2024-10-15,PENG
PMTI^13,2,2005-02-23,2006-09-15,PMTI
OPTU,2,2023-07-24,2025-11-19,OPTU
OSCR,2,2021-09-17,2022-04-12,OSCR
OSH^23,2,2020-10-01,2021-03-29,OSH
GLBL.1^11,2,2005-09-02,2006-09-15,GLBL
FULT,2,2007-08-23,2008-11-03,FULT
GDRX,2,2021-01-04,2022-03-17,GDRX
GEN.3^12,2,2008-12-04,2010-12-06,GEN
GENI,2,2024-08-08,2025-06-16,GENI
GEO,2,2022-09-07,2024-04-08,GEO
PARL^12,2,2005-06-10,2006-09-15,PARL
BGO.1^07,2,2005-12-12,2006-09-15,BGO
BIDU,2,2005-12-06,2006-09-15,BIDU
BMRN,2,2008-01-22,2017-10-30,BMRN
ONXX^13,2,2005-03-21,2006-09-15,ONXX
ODD,2,2023-11-16,2024-05-06,ODD
NSTGQ^24,2,2019-05-16,2024-02-14,NSTGQ
NTBLQ,2,2015-06-01,2024-10-23,NTBLQ
NTMD^09,2,2005-06-27,2006-09-15,NTMD
NVEC,2,2005-02-10,2006-09-15,NVEC
GPUS,2,2017-12-11,2024-09-10,GPUS
GRAB,2,2021-04-19,2021-12-02,GRAB
GRA^21,2,2005-04-27,2006-09-15,GRA
GLBC^11,2,2005-01-28,2006-09-15,GLBC
CMTL,2,2005-03-24,2006-09-15,CMTL
CNTFY^23,2,2005-12-07,2022-01-05,CNTFY
COF,2,2008-02-08,2008-05-07,COF
COGT.1^10,2,2005-02-23,2006-09-15,COGT
NWL,2,2009-05-13,2025-06-26,NWL
NXG.1^11,2,2006-04-20,2006-09-15,NXG
NGS,2,2005-09-26,2006-09-15,NGS
NINEQ^26,2,2022-03-08,2026-02-03,NINEQ
NPKI,2,2011-05-03,2024-12-19,NPKI
NSRGY,2,2008-06-04,2021-12-31,NSRGY
NFLX,2,2005-04-18,2006-09-15,NFLX
BONTQ,2,2007-03-15,2022-01-07,BONTQ
BPPTU^25,2,2022-04-08,2025-07-01,BPPTU
HIBB^24,2,2009-03-19,2016-11-21,HIBB
BTLN,2,2021-10-28,2026-08-20,BTLN
NGAS^11,2,2005-09-28,2006-09-15,NGAS
NAGE,2,2021-02-25,2025-03-19,NAGE
NBEVQ^23,2,2018-09-20,2022-09-08,NBEVQ
NBP,2,2021-04-26,2025-10-30,NBP
NETL.1^12,2,2006-02-09,2006-09-15,NETL
NEU,2,2006-04-10,2006-09-15,NEU
MPU,2,2021-08-16,2023-02-06,MPU
MSO^15,2,2005-01-03,2006-09-15,MSO
MTOR^22,2,2009-07-31,2011-03-30,MTOR
BWNG^07,2,2005-01-03,2006-09-15,BWNG
CAL.1^10,2,2005-03-15,2006-09-15,CAL
IA,2,2026-01-13,2026-08-18,IA
GRTSQ^25,2,2021-01-19,2024-10-22,GRTSQ
HGENQ^24,2,2015-11-23,2024-01-05,HGENQ
HGSI^12,2,2005-07-25,2006-09-15,HGSI
CARG,2,2018-04-10,2021-03-01,CARG
MOD,2,2023-08-17,2025-02-11,MOD
MGNI,2,2019-08-27,2020-07-01,MGNI
MGTI,2,2016-05-23,2021-12-31,MGTI
MI,2,2021-03-22,2023-09-18,MI
MLKN,2,2011-10-12,2021-11-01,MLKN
MMATQ,2,2021-09-02,2024-08-21,MMATQ
MNSO,2,2020-12-21,2021-12-07,MNSO
MDG^08,2,2006-05-16,2006-09-15,MDG
LEXR^06,2,2005-03-30,2007-06-13,LEXR
LGMK,2,2017-12-26,2022-03-02,LGMK
IIJIY,2,2005-06-03,2022-01-04,IIJIY
HMY,2,2006-02-13,2007-01-17,HMY
HSOA^10,2,2005-11-23,2006-09-15,HSOA
HTGMQ,2,2017-03-27,2023-06-15,HTGMQ
LKCOF,2,2021-02-16,2025-03-31,LKCOF
LMND,2,2020-12-18,2022-05-23,LMND
CBST^15,2,2005-07-25,2006-09-15,CBST
CCJ,2,2005-03-01,2006-09-15,CCJ
IVVD,2,2021-12-09,2022-09-13,IVVD
J,2,2007-08-22,2019-12-10,J
JAGGF,2,2011-09-02,2021-12-31,JAGGF
JOBS^22,2,2005-01-03,2006-09-15,JOBS
KCG.1^13,2,2008-01-23,2010-05-25,KCG
IVCRQ^23,2,2017-08-08,2023-02-02,IVCRQ
CGC,2,2017-11-08,2018-05-24,CGC
CHAP.1^07,2,2006-02-13,2006-09-15,CHAP
CHRN,2,2017-12-05,2026-05-05,CHRN
IOC^17,2,2005-07-07,2006-09-15,IOC
ISEE^23,2,2015-07-29,2019-04-17,ISEE
IIIN,2,2006-03-16,2006-09-15,IIIN
CLF,2,2005-03-08,2006-09-15,CLF
CLSDQ^26,2,2018-03-07,2025-12-01,CLSDQ
CMC,2,2005-03-09,2006-09-15,CMC
ABVEF,2,2025-07-17,2026-06-02,ABVEF
XNCR,2,2018-03-22,2025-07-21,XNCR
XP,2,2020-02-07,2021-02-04,XP
XTKG^26,2,2021-07-06,2024-01-30,XTKG
XWEL,2,2014-01-29,2022-10-25,XWEL
WTRG,2,2007-08-16,2020-02-03,WTRG
AABA^19,2,2007-11-06,2017-06-19,AABA
ZVOI,2,2010-09-24,2022-11-10,ZVOI
WWD,2,2007-08-22,2011-01-31,WWD
ACCO,1,2005-08-22,2012-05-01,ACCO
YGMZF,1,2020-12-21,2025-12-12,YGMZF
AA,1,2020-06-12,2021-02-23,AA
AACG,1,2019-04-15,2019-10-17,AACG
AAN.2^10,1,2008-11-24,2009-04-20,AAN
ABAT,1,2021-01-04,2023-09-21,ABAT
ABBNY,1,2008-12-18,2023-05-23,ABBNY
ABEO,1,2015-05-05,2015-06-22,ABEO
ACAD,1,2006-02-15,2006-09-15,ACAD
VSTTF,1,2024-11-04,2025-05-28,VSTTF
VTSS^15,1,2005-12-06,2011-03-02,VTSS
VYGVQ,1,2021-11-04,2022-07-13,VYGVQ
ACM,1,2007-10-08,2007-11-26,ACM
DISH^24,1,2009-02-05,2010-09-30,DISH
DMC,1,2007-11-01,2007-11-19,DMC
DMTKQ^25,1,2020-12-30,2024-06-27,DMTKQ
DNMRQ^25,1,2022-03-29,2025-03-19,DNMRQ
ABTC,1,2025-05-19,2025-09-03,ABTC
WBA^25,1,2008-12-05,2014-12-31,WBA
WCC,1,2006-07-20,2006-09-15,WCC
WEIDY^25,1,2020-10-26,2022-05-19,WEIDY
WEST.3^18,1,2008-01-03,2008-02-25,WEST
WEWKQ^24,1,2022-05-03,2023-11-08,WEWKQ
WFM^17,1,2009-03-10,2011-05-06,WFM
WIND.1^09,1,2005-03-16,2006-09-15,WIND
IMDX,1,2019-01-31,2025-06-18,IMDX
IMGN^24,1,2013-04-15,2014-04-02,IMGN
IMMP,1,2015-05-26,2017-12-01,IMMP
INGR,1,2008-11-21,2012-06-04,INGR
INTC,1,2025-02-20,2025-05-08,INTC
INVX,1,2006-07-17,2006-09-15,INVX
IPM,1,2021-10-04,2025-01-06,IPM
IPSU^12,1,2006-04-06,2006-09-15,IPSU
IRNTQ^24,1,2022-02-24,2023-10-16,IRNTQ
ISE^07,1,2006-02-14,2006-09-15,ISE
ISON,1,2005-01-03,2006-09-15,ISON
ISSX^06,1,2006-07-31,2006-09-15,ISSX
ID.2^11,1,2005-01-03,2006-09-15,ID
CIVI^26,1,2013-10-25,2014-09-17,CIVI
CLB,1,2006-08-08,2006-09-15,CLB
CLEUF,1,2025-01-22,2025-06-03,CLEUF
KCI^11,1,2006-08-01,2006-09-15,KCI
KEY,1,2008-02-01,2008-03-24,KEY
ISUNQ,1,2021-01-22,2024-06-05,ISUNQ
ITOC,1,2025-06-30,2026-01-16,ITOC
ITRMF,1,2021-06-11,2026-04-01,ITRMF
ITWO.1^10,1,2005-08-08,2006-09-15,ITWO
IVAC^25,1,2006-04-10,2006-09-15,IVAC
CETV^20,1,2005-03-15,2006-09-15,CETV
CFLT^26,1,2021-08-19,2022-06-07,CFLT
CGIP,1,2006-07-10,2021-12-31,CGIP
CHIC.2^09,1,2005-10-14,2006-09-15,CHIC
CHNEY,1,2007-10-03,2023-10-17,CHNEY
CHRD,1,2022-01-25,2022-07-05,CHRD
CHX^25,1,2019-09-26,2020-06-04,CHX
ILMN,1,2006-07-07,2006-09-15,ILMN
IMAX,1,2005-02-22,2006-09-15,IMAX
CBKCQ,1,2007-12-05,2022-03-16,CBKCQ
CDIIQ,1,2007-10-08,2022-04-01,CDIIQ
CELL.1^12,1,2006-08-09,2006-09-15,CELL
CELL^23,1,2020-10-02,2023-03-22,CELL
CENN,1,2021-02-01,2022-01-14,CENN
CENX,1,2006-02-10,2006-09-15,CENX
LCII,1,2007-08-08,2017-01-03,LCII
CIMG,1,2021-11-15,2026-03-06,CIMG
IVPR,1,2024-07-12,2026-01-21,IVPR
JAMN,1,2011-05-11,2021-12-31,JAMN
JBLU,1,2006-06-07,2006-09-15,JBLU
JMBA^18,1,2006-03-24,2006-11-29,JMBA
JOE,1,2006-08-04,2006-09-15,JOE
JPPYY,1,2017-10-18,2022-06-28,JPPYY
JWN^25,1,2009-03-16,2019-12-09,JWN
KAZR,1,2025-03-20,2026-06-17,KAZR
HOTT^13,1,2006-08-01,2006-09-15,HOTT
HOUS^26,1,2019-08-28,2022-06-09,HOUS
HP,1,2020-11-23,2021-02-03,HP
HRST,1,2011-08-04,2022-03-24,HRST
HTSI^14,1,2007-08-28,2012-04-02,HTSI
LHDXQ^23,1,2021-08-13,2023-03-06,LHDXQ
LIANY,1,2023-10-26,2024-03-19,LIANY
LION,1,2012-03-28,2017-10-16,LION
LITE,1,2016-02-12,2016-02-24,LITE
KLIC,1,2005-08-01,2006-09-15,KLIC
KNTK,1,2020-11-06,2022-02-23,KNTK
KOMG^07,1,2005-03-29,2006-09-15,KOMG
KOS,1,2015-10-27,2016-05-23,KOS
KZ^17,1,2007-09-28,2014-06-16,KZ
CAVM^18,1,2008-06-03,2010-09-22,CAVM
CBAT,1,2007-09-28,2018-11-30,CBAT
MED,1,2006-06-02,2006-09-15,MED
LDSH^11,1,2006-06-12,2006-09-15,LDSH
LDTCF,1,2024-12-16,2025-06-20,LDTCF
LEJUY,1,2014-08-22,2024-04-12,LEJUY
LFCHY^22,1,2007-01-09,2022-09-02,LFCHY
LFG^22,1,2021-04-13,2021-09-16,LFG
LFMD,1,2021-02-01,2021-02-22,LFMD
LFWD,1,2015-12-23,2024-01-30,LFWD
LGND,1,2005-09-13,2006-09-15,LGND
CMLSQ.1^18,1,2013-11-08,2026-03-06,CMLSQ
CMOS^08,1,2005-03-04,2006-09-15,CMOS
CMP,1,2009-02-19,2023-10-11,CMP
CMRC,1,2021-07-19,2025-08-01,CMRC
ILLR,1,2024-04-22,2024-10-16,ILLR
HNPIY^22,1,2008-12-05,2022-07-08,HNPIY
HOLX^26,1,2005-10-05,2006-09-15,HOLX
MM.1^08,1,2005-01-05,2006-10-05,MM
MMNFQ^26,1,2018-10-17,2024-05-17,MMNFQ
LNG,1,2005-10-06,2009-11-30,LNG
LONA,1,2025-12-22,2026-01-12,LONA
LPSN^26,1,2020-05-11,2021-11-11,LPSN
LSAK,1,2005-08-08,2022-05-25,LSAK
LUFK^13,1,2005-11-03,2006-09-15,LUFK
LUNMF,1,2008-02-29,2021-12-31,LUNMF
LVS,1,2006-06-08,2006-09-15,LVS
LWLG,1,2021-07-12,2021-09-01,LWLG
MBAI,1,2021-01-11,2025-11-28,MBAI
MCOM,1,2022-08-15,2023-03-31,MCOM
MCRI,1,2005-04-11,2006-09-15,MCRI
MDTL^13,1,2006-05-16,2006-09-15,MDTL
MDVLQ,1,2022-04-11,2024-02-13,MDVLQ
ME.2^10,1,2008-01-25,2009-02-11,ME
GYRE,1,2018-02-09,2023-10-31,GYRE
HEES^25,1,2006-04-17,2006-09-15,HEES
HERE,1,2025-06-17,2025-11-11,HERE
HGGG,1,2010-06-04,2023-12-28,HGGG
CANN,1,2018-01-12,2021-12-31,CANN
CASSQ^24,1,2018-03-12,2024-04-05,CASSQ
MNTA^20,1,2005-06-23,2006-09-15,MNTA
MNTV^23,1,2019-08-12,2021-11-10,MNTV
MEDX.1^09,1,2006-01-03,2006-09-15,MEDX
MEET^20,1,2011-06-01,2012-06-05,MEET
MEHCQ^25,1,2021-10-27,2025-03-31,MEHCQ
MFIC,1,2009-04-13,2022-08-15,MFIC
MGAM.1^14,1,2006-04-04,2006-09-15,MGAM
MGPI,1,2006-04-26,2006-09-15,MGPI
MKULQ^24,1,2022-06-13,2023-10-13,MKULQ
MLNM^08,1,2005-07-28,2006-09-15,MLNM
BTMCQ^26,1,2025-06-18,2026-05-26,BTMCQ
BUCY^11,1,2006-08-01,2006-09-15,BUCY
BVN,1,2006-04-27,2006-09-21,BVN
BWEN,1,2008-06-09,2009-04-09,BWEN
BYAH,1,2025-06-25,2025-10-28,BYAH
CAAS,1,2006-02-27,2006-09-15,CAAS
CAI,1,2025-08-18,2025-08-25,CAI
CALY,1,2025-12-02,2026-01-16,CALY
HUT,1,2021-02-22,2021-06-15,HUT
HYFT,1,2021-08-03,2025-09-04,HYFT
HYPD,1,2025-06-30,2025-07-03,HYPD
HYREQ,1,2021-06-14,2023-02-28,HYREQ
ICOS^07,1,2005-10-14,2006-09-15,ICOS
GROW,1,2006-09-11,2006-09-15,GROW
GSS^22,1,2006-01-20,2006-09-15,GSS
GTW^07,1,2006-09-07,2006-09-15,GTW
NEE,1,2008-11-19,2010-06-23,NEE
NEPTF,1,2018-09-24,2024-03-07,NEPTF
NETI^23,1,2017-03-28,2021-02-08,NETI
MODVQ^25,1,2025-06-09,2025-08-28,MODVQ
MRGE.1^15,1,2005-12-07,2006-09-15,MRGE
MRO^24,1,2009-01-16,2014-10-09,MRO
MRSH,1,2008-01-25,2026-01-14,MRSH
MRVC^17,1,2006-03-17,2006-09-15,MRVC
MSTR,1,2005-02-09,2006-09-15,MSTR
MT,1,2009-04-20,2015-03-12,MT
MTCH,1,2008-11-12,2015-11-19,MTCH
MUFG,1,2008-09-26,2018-04-02,MUFG
MUSA.1^05,1,2005-03-08,2010-04-09,MUSA
MX,1,2013-02-22,2025-06-02,MX
MXL,1,2021-12-13,2025-04-21,MXL
MYGN,1,2008-11-12,2013-04-10,MYGN
GME,1,2009-01-27,2018-09-12,GME
GMVDF,1,2022-01-24,2023-08-24,GMVDF
GNBTQ^23,1,2006-02-24,2022-11-02,GNBTQ
GNCAQ,1,2016-04-04,2022-12-23,GNCAQ
BRY.1^13,1,2005-03-14,2006-09-15,BRY
BTE,1,2008-07-08,2014-02-05,BTE
NG,1,2006-02-07,2006-09-15,NG
NGAC.1^10,1,2007-05-24,2020-12-08,NGAC
MYOG^06,1,2005-08-16,2006-09-15,MYOG
MYSE,1,2021-10-08,2025-08-11,MYSE
NAAS,1,2020-08-18,2022-06-13,NAAS
NAKA,1,2025-05-19,2025-05-23,NAKA
NAPS^08,1,2006-02-16,2006-09-15,NAPS
NBIX,1,2006-09-01,2006-09-15,NBIX
NBR,1,2009-10-30,2010-11-09,NBR
NCTY,1,2006-03-31,2006-09-15,NCTY
BORNY^22,1,2010-10-11,2022-03-31,BORNY
BOT.2^07,1,2006-03-23,2006-09-18,BOT
BRCD^17,1,2009-04-03,2010-09-23,BRCD
BRFS^25,1,2009-09-11,2009-12-10,BRFS
BRSL,1,2021-05-17,2025-07-02,BRSL
HITT^14,1,2006-07-10,2006-09-15,HITT
HIVE,1,2021-03-01,2021-09-14,HIVE
HK.1^11,1,2005-10-05,2007-03-13,HK
HL,1,2006-02-13,2006-09-15,HL
HLIT,1,2005-01-18,2006-09-15,HLIT
GLBR,1,2015-12-29,2017-02-27,GLBR
GLFE,1,2007-09-27,2026-01-02,GLFE
GLG.2^06,1,2006-05-15,2006-09-18,GLG
GLW,1,2009-01-12,2025-02-12,GLW
GLXY,1,2021-04-15,2025-05-16,GLXY
GMDAQ^24,1,2023-05-03,2024-04-08,GMDAQ
NXE,1,2021-09-15,2022-10-03,NXE
NXGN^23,1,2005-03-29,2008-02-25,NXGN
NGEN.1^14,1,2005-01-03,2006-09-15,NGEN
NGL,1,2014-12-03,2015-02-02,NGL
NGLOY,1,2008-12-18,2021-12-31,NGLOY
NGNE,1,2015-08-13,2023-12-19,NGNE
NKTX,1,2020-12-18,2021-04-28,NKTX
NMGC,1,2005-12-14,2006-09-15,NMGC
NMTI^14,1,2006-02-07,2006-09-15,NMTI
NMTRQ,1,2018-04-03,2023-07-26,NMTRQ
NNOX,1,2020-11-30,2022-05-02,NNOX
NOTVQ^26,1,2021-10-27,2026-06-11,NOTVQ
NOVCQ^23,1,2007-04-26,2023-08-16,NOVCQ
NSRS,1,2012-02-06,2022-02-01,NSRS
NEUE^25,1,2022-02-22,2024-01-29,NEUE
BNKK,1,2023-11-21,2025-10-10,BNKK
NSS.1^06,1,2005-03-07,2006-09-15,NSS
NTCOY^24,1,2022-04-08,2024-02-12,NTCOY
NTES,1,2005-09-27,2006-09-15,NTES
NUE,1,2006-08-04,2006-09-18,NUE
NVDA,1,2006-08-08,2006-09-15,NVDA
NVE^13,1,2008-11-19,2008-11-20,NVE
GNTAQ^13,1,2006-02-01,2006-09-15,GNTAQ
GPLDQ,1,2011-03-09,2026-02-12,GPLDQ
GRML,1,2025-06-16,2026-03-12,GRML
GL,1,2009-05-26,2019-08-09,GL
GLAE^26,1,2008-01-31,2022-02-01,GLAE
CNC,1,2005-07-21,2006-09-15,CNC
CNR,1,2018-04-27,2019-05-24,CNR
COHR,1,2020-05-19,2022-06-14,COHR
NWG,1,2009-05-13,2020-07-23,NWG
NWRE^07,1,2005-12-27,2006-09-15,NWRE
OPEN,1,2021-08-30,2022-01-26,OPEN
NYT,1,2008-02-25,2008-10-22,NYT
OATS^07,1,2005-04-01,2006-09-15,OATS
OBE,1,2015-02-17,2017-06-29,OBE
OBX,1,2021-12-21,2026-08-04,OBX
OCLR^18,1,2006-02-07,2009-04-28,OCLR
OGZPY^22,1,2006-01-19,2021-12-31,OGZPY
OIGBQ^23,1,2021-01-11,2023-08-29,OIGBQ
OII,1,2006-06-13,2006-09-15,OII
OIS,1,2015-10-09,2018-04-30,OIS
OKE,1,2010-05-12,2015-02-02,OKE
OKLO,1,2024-04-23,2024-05-10,OKLO
OLMA,1,2024-06-11,2024-11-20,OLMA
OM,1,2021-04-14,2021-12-06,OM
OMEX,1,2007-05-25,2007-07-10,OMEX
OMGAQ^25,1,2024-01-04,2025-02-25,OMGAQ
OVTI^16,1,2005-03-01,2006-09-15,OVTI
PALM^10,1,2005-04-05,2006-09-15,PALM
PANC,1,2005-08-22,2006-09-15,PANC
PCG,1,2008-11-14,2018-02-26,PCG
PCT,1,2021-06-21,2022-04-11,PCT
OMG^15,1,2006-05-24,2006-09-15,OMG
OMNI^10,1,2006-06-30,2006-09-15,OMNI
BGMS,1,2010-01-11,2025-09-12,BGMS
BIORQ,1,2021-10-11,2024-12-31,BIORQ
BJ,1,2018-08-31,2019-03-18,BJ
BKKT,1,2022-02-28,2023-11-20,BKKT
BLDP,1,2006-04-24,2006-09-15,BLDP
BLIAQ,1,2007-08-30,2021-12-31,BLIAQ
BN,1,2009-01-12,2022-12-12,BN
BNBX,1,2022-08-08,2025-10-07,BNBX
ONCO,1,2022-08-22,2023-12-22,ONCO
ORKA,1,2010-03-29,2024-09-03,ORKA
OSG,1,2014-03-12,2015-12-18,OSG
OSUR,1,2005-12-09,2006-09-15,OSUR
OTIVF^22,1,2014-09-17,2021-12-31,OTIVF
OTRKQ,1,2020-08-06,2025-09-03,OTRKQ
OVEN^09,1,2005-06-20,2006-09-15,OVEN
COIN,1,2021-07-15,2021-08-09,COIN
COMP,1,2021-08-16,2022-02-02,COMP
CORV^20,1,2008-07-23,2018-05-17,CORV
CORZQ^24,1,2022-08-05,2023-01-03,CORZQ
CPRI,1,2012-03-19,2019-01-02,CPRI
FTI.1^17,1,2008-01-17,2008-01-29,FTI
FWLT^14,1,2006-02-10,2006-09-15,FWLT
GE,1,2009-04-02,2018-01-10,GE
GEN,1,2009-01-21,2010-12-06,GEN
GEPT^13,1,2005-08-08,2006-09-15,GEPT
PPBT,1,2020-06-29,2020-12-22,PPBT
PPC,1,2006-05-02,2006-09-15,PPC
PD.1^07,1,2006-05-22,2006-09-18,PD
PDGI^09,1,2006-01-23,2006-09-15,PDGI
PENN,1,2008-08-20,2019-02-14,PENN
PHASQ^24,1,2019-04-18,2022-11-03,PHASQ
PHLT^25,1,2021-04-05,2024-12-18,PHLT
PHM,1,2006-08-09,2007-01-30,PHM
PLLL.1^09,1,2006-07-13,2006-09-15,PLLL
PLL^25,1,2022-08-15,2023-10-16,PLL
PLUG,1,2006-04-25,2006-09-15,PLUG
PLUR,1,2020-04-13,2022-07-26,PLUR
PLXPQ^23,1,2021-07-20,2023-04-14,PLXPQ
PLXS,1,2006-02-09,2006-09-15,PLXS
PMVP,1,2020-12-30,2021-07-12,PMVP
ORA,1,2006-02-24,2006-09-15,ORA
FND,1,2017-06-23,2017-11-16,FND
FNUC,1,2024-12-30,2026-03-16,FNUC
QSR,1,2014-12-12,2014-12-15,QSR
QUCY,1,2022-01-05,2026-03-12,QUCY
QXO,1,2023-12-26,2024-06-06,QXO
BCAB,1,2021-03-18,2021-08-16,BCAB
BCONQ^16,1,2005-08-12,2006-09-15,BCONQ
BEAM.2^14,1,2009-04-08,2011-10-04,BEAM
BEAV^17,1,2006-08-01,2006-09-15,BEAV
BEKE,1,2020-10-08,2021-01-19,BEKE
BEST^25,1,2018-05-10,2020-10-15,BEST
BETR,1,2023-07-26,2023-08-24,BETR
BETSF,1,2021-11-15,2024-03-07,BETSF
BFXXQ^24,1,2020-09-23,2024-03-06,BFXXQ
BGC,1,2021-04-12,2023-07-03,BGC
BGC.1^18,1,2006-08-04,2006-09-15,BGC
PRGNF,1,2007-10-18,2022-01-18,PRGNF
PRKS,1,2021-03-02,2024-02-13,PRKS
PRPL,1,2020-10-01,2021-09-30,PRPL
PTRCY^22,1,2008-12-05,2022-09-09,PTRCY
PVLA,1,2021-06-07,2024-12-16,PVLA
PWCM,1,2021-10-25,2026-07-22,PWCM
QDEL,1,2005-11-25,2006-09-15,QDEL
GFIG^16,1,2005-10-20,2006-09-15,GFIG
GG^19,1,2006-05-16,2007-01-24,GG
GIC,1,2006-10-12,2006-11-07,GIC
GIII,1,2016-02-09,2016-06-20,GIII
GKNT^15,1,2006-03-31,2010-08-05,GKNT
CTMX,1,2018-03-14,2023-05-04,CTMX
FFIV,1,2006-07-13,2007-05-07,FFIV
FITB,1,2008-02-08,2008-04-03,FITB
FL^25,1,2008-02-14,2008-03-05,FL
CROX,1,2006-08-04,2006-09-15,CROX
CRYP.2^12,1,2005-03-24,2006-09-15,CRYP
RRC,1,2005-10-10,2007-11-15,RRC
RRD^22,1,2009-04-29,2020-10-14,RRD
RTI^15,1,2006-05-12,2006-09-15,RTI
RAIL,1,2008-02-08,2020-04-01,RAIL
AXLL^16,1,2009-08-17,2013-01-29,AXLL
AY^24,1,2015-01-16,2017-11-14,AY
AZPN^25,1,2006-03-24,2006-09-15,AZPN
BANC,1,2008-09-02,2011-10-03,BANC
BAND,1,2020-04-13,2021-11-08,BAND
BARE^10,1,2008-03-04,2008-10-16,BARE
BBKCD,1,2021-04-12,2026-08-26,BBKCD
BBY,1,2008-12-22,2012-03-05,BBY
RDNW,1,2020-07-20,2025-08-13,RDNW
PRETQ^24,1,2019-05-13,2024-01-18,PRETQ
SDGR,1,2020-05-19,2022-06-16,SDGR
SER,1,2020-10-12,2024-03-27,SER
RHP,1,2008-07-29,2012-10-01,RHP
RJET,1,2021-03-02,2025-11-25,RJET
RLAY,1,2020-09-21,2021-09-08,RLAY
RNAC,1,2020-10-30,2023-11-14,RNAC
FORM,1,2006-07-10,2006-09-15,FORM
FRFHF,1,2008-09-24,2021-12-31,FRFHF
FRPT.1^11,1,2006-11-21,2007-01-18,FRPT
FCS^16,1,2009-07-16,2014-10-27,FCS
FEED,1,2021-07-26,2025-12-12,FEED
FET,1,2016-12-14,2025-08-04,FET
CRAY^19,1,2005-01-04,2006-09-15,CRAY
CRBC^13,1,2007-08-31,2009-04-14,CRBC
CRDN^12,1,2005-10-27,2006-09-15,CRDN
CREAF,1,2005-01-20,2006-09-15,CREAF
AVNX^09,1,2006-03-07,2006-09-15,AVNX
AVX,1,2022-03-21,2025-11-13,AVX
AXAS^23,1,2005-10-06,2008-07-25,AXAS
AXG,1,2024-05-21,2025-10-10,AXG
SG,1,2022-03-22,2023-08-16,SG
SGI.1^16,1,2006-01-12,2009-05-18,SGI
RWAX,1,2021-02-08,2026-03-05,RWAX
RXRX,1,2021-06-17,2021-09-13,RXRX
RXT,1,2021-04-01,2025-02-27,RXT
RYI.1^07,1,2005-05-13,2006-09-15,RYI
RYZ,1,2016-07-21,2026-02-24,RYZ
SABR,1,2020-11-09,2021-02-16,SABR
SAIH,1,2023-04-20,2024-09-11,SAIH
SANM,1,2006-05-10,2006-09-15,SANM
SCPX,1,2020-07-16,2024-02-06,SCPX
SDEV,1,2026-01-09,2026-04-06,SDEV
EPWKF,1,2025-05-01,2025-12-23,EPWKF
EQOSQ^25,1,2021-11-03,2022-12-01,EQOSQ
EQU^14,1,2006-12-04,2010-06-01,EQU
ERF^24,1,2009-01-22,2014-02-10,ERF
ERS^17,1,2006-02-16,2006-09-15,ERS
EXE,1,2022-03-14,2024-10-02,EXE
EYPT,1,2021-11-17,2022-04-26,EYPT
SIMO,1,2006-01-31,2006-09-15,SIMO
SIMPQ,1,2018-09-24,2022-06-24,SIMPQ
SINA^21,1,2005-03-09,2006-09-15,SINA
SIRC,1,2021-02-08,2021-12-31,SIRC
SIRI,1,2007-12-12,2009-02-23,SIRI
ATNXQ^23,1,2019-11-20,2023-05-25,ATNXQ
ATW^17,1,2008-07-08,2015-03-05,ATW
ATYR,1,2021-09-14,2024-06-05,ATYR
AVLNF,1,2011-02-17,2021-12-31,AVLNF
SONDQ,1,2024-08-27,2025-11-24,SONDQ
SGLY,1,2021-02-19,2022-01-07,SGLY
SID,1,2008-02-01,2008-10-30,SID
SIEGY,1,2008-12-11,2021-12-31,SIEGY
SIENQ^24,1,2018-05-10,2024-02-22,SIENQ
SIFY,1,2005-12-19,2006-09-15,SIFY
SIG,1,2017-11-21,2018-09-25,SIG
SIMG^15,1,2006-07-11,2006-09-15,SIMG
CRZO^19,1,2005-09-27,2006-09-15,CRZO
CSH.1^16,1,2006-07-28,2006-09-15,CSH
CTCI^07,1,2006-07-26,2006-09-15,CTCI
CTEV,1,2021-12-27,2025-02-28,CTEV
CTIC^23,1,2005-01-21,2006-09-15,CTIC
CTLP^26,1,2018-05-24,2021-04-19,CTLP
EPIC^11,1,2005-07-25,2006-09-15,EPIC
EPL^14,1,2005-10-05,2006-09-18,EPL
EMKR^25,1,2006-03-28,2006-09-15,EMKR
SPRY,1,2023-05-19,2023-08-21,SPRY
SPXC,1,2009-01-09,2015-09-28,SPXC
SKYA,1,2025-09-02,2026-05-28,SKYA
SLAB,1,2006-08-03,2006-09-15,SLAB
SLE,1,2021-03-04,2023-09-11,SLE
SLH^16,1,2007-11-09,2014-08-21,SLH
SLMT,1,2025-09-22,2025-10-03,SLMT
SLR^07,1,2005-06-24,2006-09-15,SLR
SMSC^12,1,2005-12-16,2006-09-15,SMSC
SNDK.1^16,1,2005-10-19,2006-09-15,SNDK
SNEX,1,2006-11-28,2020-07-06,SNEX
SNFI,1,2021-06-07,2026-08-26,SNFI
SOAP^12,1,2006-05-04,2008-03-19,SOAP
SOFI,1,2021-09-29,2022-06-13,SOFI
SOGP,1,2021-02-04,2024-01-25,SOGP
SPGZ^26,1,2006-12-20,2022-02-08,SPGZ
SPIEQ,1,2020-09-28,2026-04-20,SPIEQ
SPIR.1^20,1,2005-07-25,2006-09-15,SPIR
ARRY.1^19,1,2013-08-08,2013-12-16,ARRY
ARXT^08,1,2006-06-08,2006-09-15,ARXT
ASEI^16,1,2005-08-19,2006-09-15,ASEI
EZM.1^06,1,2006-05-10,2006-09-15,EZM
EZRA,1,2022-01-03,2026-01-26,EZRA
FAASF,1,2025-06-02,2025-09-19,FAASF
FABC,1,2020-11-19,2026-04-29,FABC
EDVA,1,2022-01-19,2026-08-24,EDVA
EG,1,2008-12-02,2023-07-10,EG
EGY,1,2006-06-29,2006-09-15,EGY
EIGRQ^24,1,2022-03-22,2024-04-11,EIGRQ
ELVN,1,2022-09-12,2023-02-24,ELVN
EMBJ,1,2018-01-05,2025-11-03,EMBJ
TECX,1,2019-07-26,2024-06-21,TECX
TELFY,1,2008-12-01,2026-01-20,TELFY
STKL^26,1,2006-04-26,2006-09-15,STKL
STMP^21,1,2005-05-18,2006-09-15,STMP
SUIG,1,2025-08-11,2025-08-26,SUIG
SUMO^23,1,2021-07-19,2022-02-10,SUMO
SUM^25,1,2016-03-01,2018-07-02,SUM
AMLN^12,1,2006-06-16,2006-09-15,AMLN
ANAD^16,1,2006-09-13,2006-09-15,ANAD
ANDE,1,2006-04-11,2006-09-15,ANDE
AON,1,2008-11-21,2009-12-01,AON
APA,1,2016-02-29,2019-05-01,APA
APPHQ^23,1,2022-03-17,2023-08-02,APPHQ
APPX.1^08,1,2005-01-04,2007-11-14,APPX
APTOF^26,1,2021-03-31,2025-04-02,APTOF
SPDC,1,2005-01-14,2013-09-12,SPDC
TLAB^13,1,2007-07-31,2009-06-01,TLAB
TLPH,1,2018-10-19,2024-01-10,TLPH
TMTA^09,1,2005-08-18,2006-09-15,TMTA
TONS.1^07,1,2005-01-14,2006-09-15,TONS
SWIR^23,1,2006-05-15,2006-09-15,SWIR
SWTX^25,1,2020-10-12,2022-12-12,SWTX
SYNA,1,2005-02-07,2006-09-15,SYNA
SYNC.1^06,1,2005-11-16,2012-02-10,SYNC
TAOP,1,2010-04-13,2018-06-04,TAOP
TBCH,1,2018-05-10,2025-01-07,TBCH
TBHC^26,1,2020-08-19,2025-07-29,TBHC
TCDAQ^23,1,2019-03-29,2023-01-24,TCDAQ
TCGLF,1,2026-01-29,2026-06-24,TCGLF
TDAY,1,2020-06-05,2025-11-18,TDAY
TDUP,1,2021-05-25,2024-05-07,TDUP
TE,1,2022-09-19,2025-03-03,TE
CTRX^15,1,2011-10-04,2012-07-11,CTRX
CTX.2^09,1,2007-12-21,2007-12-26,CTX
CUP^07,1,2006-05-15,2006-09-15,CUP
CVE,1,2020-04-30,2021-05-10,CVE
ALLGF,1,2022-03-25,2024-08-26,ALLGF
ALO.2^08,1,2005-08-08,2006-09-15,ALO
ALPP,1,2020-12-30,2021-10-20,ALPP
ALTI.1^16,1,2005-02-14,2006-09-15,ALTI
ALVRQ,1,2005-07-05,2022-04-26,ALVRQ
AMCO^20,1,2010-03-19,2013-07-18,AMCO
TENB,1,2018-09-20,2025-07-14,TENB
TEX,1,2006-05-19,2008-10-27,TEX
THO,1,2007-09-04,2010-09-29,THO
TIGO,1,2007-11-05,2019-01-09,TIGO
TIMB,1,2008-02-22,2020-10-16,TIMB
TJGC,1,2025-06-03,2025-12-10,TJGC
TQNT^15,1,2006-05-17,2006-09-15,TQNT
TRAW,1,2020-07-27,2024-04-03,TRAW
AIRT,1,2005-02-15,2006-09-15,AIRT
AKAM,1,2006-07-10,2006-09-15,AKAM
ALB,1,2009-01-21,2021-05-24,ALB
ALFIQ,1,2021-06-29,2022-10-25,ALFIQ
ALGN,1,2005-04-28,2006-09-15,ALGN
ALJ^17,1,2006-05-22,2006-09-15,ALJ
ENGCQ^25,1,2021-01-12,2025-03-06,ENGCQ
ENLK^19,1,2013-10-28,2014-03-10,ENLK
ENS,1,2008-05-23,2010-11-23,ENS
ENWV^11,1,2005-06-17,2006-09-15,ENWV
EOCN,1,2018-06-13,2026-09-10,EOCN
DRD,1,2006-05-12,2011-12-30,DRD
DSTI^17,1,2005-06-20,2006-09-15,DSTI
DXCM,1,2015-09-28,2017-11-13,DXCM
VIVO.1^23,1,2008-01-22,2021-02-16,VIVO
VJTTY^25,1,2014-07-01,2024-04-04,VJTTY
VLO,1,2005-03-10,2006-09-15,VLO
VLTC^19,1,2010-11-03,2013-04-10,VLTC
TRLG^13,1,2006-01-06,2006-09-15,TRLG
TRLV,1,2025-12-22,2026-06-10,TRLV
TROO,1,2021-07-09,2021-11-16,TROO
TSEOQ,1,2022-11-25,2026-05-27,TSEOQ
TTI,1,2006-05-23,2006-09-15,TTI
TTM^23,1,2009-06-08,2009-11-27,TTM
TUYA,1,2021-05-26,2024-02-21,TUYA
TVTY^22,1,2016-08-12,2017-01-11,TVTY
TWTC^14,1,2006-03-21,2006-09-15,TWTC
ULCC,1,2022-08-01,2023-02-08,ULCC
UNIT,1,2016-01-13,2017-02-27,UNIT
UNTD^16,1,2005-05-17,2006-09-15,UNTD
URBN,1,2005-11-10,2006-09-15,URBN
USNA,1,2005-03-30,2006-09-15,USNA
VAI,1,2020-10-28,2026-08-27,VAI
VIAB^19,1,2008-12-30,2011-12-01,VIAB
CVSI,1,2018-08-16,2021-12-31,CVSI
CWBHF,1,2019-08-02,2021-12-31,CWBHF
CYPH,1,2021-09-20,2025-11-13,CYPH
CZOOF,1,2024-04-02,2024-05-22,CZOOF
DBI,1,2011-09-30,2019-04-02,DBI
DBRG,1,2020-08-31,2021-06-22,DBRG
DCP^23,1,2016-03-03,2019-04-30,DCP
DECK,1,2005-12-13,2006-09-15,DECK
DFDV,1,2025-04-14,2025-05-05,DFDV
DFNS,1,2024-12-23,2026-02-09,DFNS
DHC,1,2008-03-17,2022-06-23,DHC
VIEWQ^24,1,2021-06-15,2024-04-05,VIEWQ
WINT,1,2009-09-30,2016-04-19,WINT
ACNT,1,2007-05-08,2022-08-11,ACNT
ACVA,1,2021-12-02,2022-02-23,ACVA
ADM,1,2006-05-17,2006-09-15,ADM
ADNH,1,2022-06-23,2025-10-30,ADNH
AEIS,1,2006-02-27,2006-09-15,AEIS
AEVA,1,2021-12-01,2024-05-08,AEVA
AGCO,1,2007-11-12,2009-05-04,AGCO
AGP^12,1,2005-07-21,2006-09-15,AGP
AHCO,1,2020-10-23,2021-05-27,AHCO
AHG,1,2021-10-20,2021-12-16,AHG
AHPIQ^25,1,2020-03-02,2023-05-15,AHPIQ
AIIO,1,2021-12-14,2025-08-26,AIIO
VPHM^14,1,2005-06-20,2006-09-15,VPHM
VRDN,1,2020-11-05,2021-01-20,VRDN
VRE^26,1,2008-07-30,2021-12-10,VRE
WTI,1,2006-02-13,2006-09-15,WTI
YSG,1,2021-01-19,2021-07-06,YSG
ZD,1,2006-06-07,2021-10-08,ZD
ZETA,1,2023-02-27,2023-08-07,ZETA
ZEUS^26,1,2005-01-03,2006-09-15,ZEUS
ZGNX^22,1,2014-02-04,2014-07-16,ZGNX
X^25,1,2006-02-09,2007-04-02,X
ZNB,1,2021-03-30,2025-08-22,ZNB
ZNHYY^23,1,2007-09-24,2023-02-03,ZNHYY
ZNOG,1,2017-07-19,2021-12-31,ZNOG
XXIA^17,1,2005-01-05,2006-09-15,XXIA
ZSTK,1,2021-07-28,2026-01-29,ZSTK
ZUMZ,1,2006-06-06,2006-09-15,ZUMZ
ABLE,1,2005-06-06,2006-09-15,ABLE
VSAT,1,2023-03-21,2023-07-27,VSAT
VST,1,2023-03-22,2023-10-09,VST
CMBMF,1,2025-11-03,2026-03-27,CMBMF
CMBT,1,2020-03-31,2024-07-15,CMBT
WWR,1,2010-11-29,2017-08-21,WWR
ZOMDF,1,2021-02-08,2025-03-05,ZOMDF
CZR,1,2018-02-12,2019-05-23,CZR
DADA^25,1,2020-10-12,2021-12-22,DADA
DAKT,1,2006-07-17,2006-09-15,DAKT
ABTS,1,2021-04-05,2023-11-17,ABTS
XCRA^18,1,2006-06-07,2014-05-22,XCRA
XPRO,1,2022-01-14,2022-03-01,XPRO
XRTX.1^14,1,2006-04-11,2006-09-15,XRTX
XSNX,1,2006-03-20,2021-12-31,XSNX
XXI,1,2025-04-24,2025-12-09,XXI
WNR^17,1,2006-08-10,2006-09-15,WNR
WRAP,1,2020-06-24,2020-12-01,WRAP
WT,1,2016-07-29,2022-11-07,WT
